{"cameraMode":{"drawMode":0,"name":"Shaded","section":"Shading Mode"},"sceneLighting":false,"audioPlay":false,"sceneViewState":{"m_AlwaysRefresh":false,"showFog":true,"showSkybox":false,"showFlares":true,"showImageEffects":true,"showParticleSystems":true,"showVisualEffectGraphs":true,"m_FxEnabled":true},"in2DMode":false,"pivot":{"x":0.028522640466690065,"y":-1.502638816833496,"z":1.8329445123672486},"rotation":{"x":-0.2684134840965271,"y":-0.021098973229527475,"z":0.00587792694568634,"w":-0.9630641937255859},"size":2.342620849609375,"orthographic":false}