{"cameraMode":{"drawMode":0,"name":"Shaded","section":"Shading Mode"},"sceneLighting":false,"audioPlay":false,"sceneViewState":{"m_AlwaysRefresh":false,"showFog":true,"showSkybox":false,"showFlares":true,"showImageEffects":true,"showParticleSystems":true,"showVisualEffectGraphs":true,"m_FxEnabled":true},"in2DMode":false,"pivot":{"x":-0.009574510157108307,"y":1.3265187740325928,"z":-0.01819000020623207},"rotation":{"x":-0.10304736346006394,"y":-0.6975226402282715,"z":0.10243074595928192,"w":-0.701708972454071},"size":1.8715366125106812,"orthographic":false}