{"cameraMode":{"drawMode":0,"name":"Shaded","section":"Shading Mode"},"sceneLighting":false,"audioPlay":false,"sceneViewState":{"m_AlwaysRefresh":false,"showFog":false,"showSkybox":false,"showFlares":false,"showImageEffects":false,"showParticleSystems":false,"showVisualEffectGraphs":true,"m_FxEnabled":true},"in2DMode":false,"pivot":{"x":0.011105317622423172,"y":0.8713167905807495,"z":-0.05433663725852966},"rotation":{"x":-0.00037439147126860917,"y":0.9926106929779053,"z":-0.12151233106851578,"w":-0.0026750594843178989},"size":1.5693130493164063,"orthographic":false}