{"cameraMode":{"drawMode":0,"name":"Shaded","section":"Shading Mode"},"sceneLighting":false,"audioPlay":false,"sceneViewState":{"m_AlwaysRefresh":false,"showFog":false,"showSkybox":false,"showFlares":false,"showImageEffects":false,"showParticleSystems":false,"showVisualEffectGraphs":true,"m_FxEnabled":true},"in2DMode":false,"pivot":{"x":-0.030384421348571779,"y":0.8674651384353638,"z":0.02172856777906418},"rotation":{"x":0.018517987802624704,"y":0.981387734413147,"z":-0.12912018597126008,"w":0.14110808074474336},"size":1.0799243450164796,"orthographic":false}