{"cameraMode":{"drawMode":0,"name":"Shaded","section":"Shading Mode"},"sceneLighting":false,"audioPlay":false,"sceneViewState":{"m_AlwaysRefresh":false,"showFog":false,"showSkybox":false,"showFlares":false,"showImageEffects":false,"showParticleSystems":false,"showVisualEffectGraphs":true,"m_FxEnabled":true},"in2DMode":false,"pivot":{"x":0.04341667890548706,"y":1.1303787231445313,"z":-0.21009647846221925},"rotation":{"x":-0.017243945971131326,"y":0.7064422965049744,"z":0.016261450946331025,"w":0.7076794505119324},"size":1.7003393173217774,"orthographic":false}