{"cameraMode":{"drawMode":0,"name":"Shaded","section":"Shading Mode"},"sceneLighting":false,"audioPlay":false,"sceneViewState":{"m_AlwaysRefresh":false,"showFog":false,"showSkybox":false,"showFlares":false,"showImageEffects":false,"showParticleSystems":false,"showVisualEffectGraphs":true,"m_FxEnabled":true},"in2DMode":false,"pivot":{"x":-0.030384421348571779,"y":0.8674651384353638,"z":0.02172856777906418},"rotation":{"x":0.0707642063498497,"y":-0.014989902265369892,"z":0.00040799990529194474,"w":0.9975335597991943},"size":1.0799243450164796,"orthographic":false}