Using pre-set license
Built from '2022.3/staging' branch; Version is '2022.3.10f1 (ff3792e53c62) revision 16725906'; Using compiler version '192829333'; Build Type 'Release'
OS: 'Windows 11  (10.0.22631) 64bit Professional' Language: 'ko' Physical Memory: 16236 MB
BatchMode: 1, IsHumanControllingUs: 0, StartBugReporterOnCrash: 0, Is64bit: 1, IsPro: 1

COMMAND LINE ARGUMENTS:
C:\Program Files\Unity\Hub\Editor\2022.3.10f1\Editor\Unity.exe
-adb2
-batchMode
-noUpm
-name
AssetImportWorker2
-projectPath
C:/Users/Minu/Desktop/Zed
-logFile
Logs/AssetImportWorker2.log
-srvPort
52009
Successfully changed project path to: C:/Users/Minu/Desktop/Zed
C:/Users/Minu/Desktop/Zed
[UnityMemory] Configuration Parameters - Can be set up in boot.config
    "memorysetup-bucket-allocator-granularity=16"
    "memorysetup-bucket-allocator-bucket-count=8"
    "memorysetup-bucket-allocator-block-size=33554432"
    "memorysetup-bucket-allocator-block-count=8"
    "memorysetup-main-allocator-block-size=16777216"
    "memorysetup-thread-allocator-block-size=16777216"
    "memorysetup-gfx-main-allocator-block-size=16777216"
    "memorysetup-gfx-thread-allocator-block-size=16777216"
    "memorysetup-cache-allocator-block-size=4194304"
    "memorysetup-typetree-allocator-block-size=2097152"
    "memorysetup-profiler-bucket-allocator-granularity=16"
    "memorysetup-profiler-bucket-allocator-bucket-count=8"
    "memorysetup-profiler-bucket-allocator-block-size=33554432"
    "memorysetup-profiler-bucket-allocator-block-count=8"
    "memorysetup-profiler-allocator-block-size=16777216"
    "memorysetup-profiler-editor-allocator-block-size=1048576"
    "memorysetup-temp-allocator-size-main=16777216"
    "memorysetup-job-temp-allocator-block-size=2097152"
    "memorysetup-job-temp-allocator-block-size-background=1048576"
    "memorysetup-job-temp-allocator-reduction-small-platforms=262144"
    "memorysetup-allocator-temp-initial-block-size-main=262144"
    "memorysetup-allocator-temp-initial-block-size-worker=262144"
    "memorysetup-temp-allocator-size-background-worker=32768"
    "memorysetup-temp-allocator-size-job-worker=262144"
    "memorysetup-temp-allocator-size-preload-manager=33554432"
    "memorysetup-temp-allocator-size-nav-mesh-worker=65536"
    "memorysetup-temp-allocator-size-audio-worker=65536"
    "memorysetup-temp-allocator-size-cloud-worker=32768"
    "memorysetup-temp-allocator-size-gi-baking-worker=262144"
    "memorysetup-temp-allocator-size-gfx=262144"
Player connection [14760] Host "[IP] 192.168.219.101 [Port] 0 [Flags] 2 [Guid] 1316040466 [EditorId] 1316040466 [Version] 1048832 [Id] WindowsEditor(7,DESKTOP-FVN5EQM) [Debug] 1 [PackageName] WindowsEditor [ProjectName] Editor" joined multi-casting on [225.0.0.222:54997]...

Player connection [14760] Host "[IP] 192.168.219.101 [Port] 0 [Flags] 2 [Guid] 1316040466 [EditorId] 1316040466 [Version] 1048832 [Id] WindowsEditor(7,DESKTOP-FVN5EQM) [Debug] 1 [PackageName] WindowsEditor [ProjectName] Editor" joined alternative multi-casting on [225.0.0.222:34997]...

[Physics::Module] Initialized MultithreadedJobDispatcher with 15 workers.
Refreshing native plugins compatible for Editor in 12.09 ms, found 3 plugins.
Preloading 0 native plugins for Editor in 0.00 ms.
Initialize engine version: 2022.3.10f1 (ff3792e53c62)
[Subsystems] Discovering subsystems at path C:/Program Files/Unity/Hub/Editor/2022.3.10f1/Editor/Data/Resources/UnitySubsystems
[Subsystems] Discovering subsystems at path C:/Users/Minu/Desktop/Zed/Assets
GfxDevice: creating device client; threaded=0; jobified=0
Direct3D:
    Version:  Direct3D 11.0 [level 11.1]
    Renderer: NVIDIA GeForce RTX 3050 Ti Laptop GPU (ID=0x25e0)
    Vendor:   NVIDIA
    VRAM:     3962 MB
    Driver:   31.0.15.5244
Initialize mono
Mono path[0] = 'C:/Program Files/Unity/Hub/Editor/2022.3.10f1/Editor/Data/Managed'
Mono path[1] = 'C:/Program Files/Unity/Hub/Editor/2022.3.10f1/Editor/Data/MonoBleedingEdge/lib/mono/unityjit-win32'
Mono config path = 'C:/Program Files/Unity/Hub/Editor/2022.3.10f1/Editor/Data/MonoBleedingEdge/etc'
Using monoOptions --debugger-agent=transport=dt_socket,embedding=1,server=y,suspend=n,address=127.0.0.1:56072
Begin MonoManager ReloadAssembly
Registering precompiled unity dll's ...
Register platform support module: C:/Program Files/Unity/Hub/Editor/2022.3.10f1/Editor/Data/PlaybackEngines/AndroidPlayer/UnityEditor.Android.Extensions.dll
Register platform support module: C:/Program Files/Unity/Hub/Editor/2022.3.10f1/Editor/Data/PlaybackEngines/WindowsStandaloneSupport/UnityEditor.WindowsStandalone.Extensions.dll
Registered in 0.009283 seconds.
- Loaded All Assemblies, in  0.343 seconds
Native extension for WindowsStandalone target not found
Native extension for Android target not found
Android Extension - Scanning For ADB Devices 243 ms
Mono: successfully reloaded assembly
- Finished resetting the current domain, in  0.557 seconds
Domain Reload Profiling: 898ms
	BeginReloadAssembly (111ms)
		ExecutionOrderSort (0ms)
		DisableScriptedObjects (0ms)
		BackupInstance (0ms)
		ReleaseScriptingObjects (0ms)
		CreateAndSetChildDomain (1ms)
	RebuildCommonClasses (30ms)
	RebuildNativeTypeToScriptingClass (10ms)
	initialDomainReloadingComplete (57ms)
	LoadAllAssembliesAndSetupDomain (134ms)
		LoadAssemblies (110ms)
		RebuildTransferFunctionScriptingTraits (0ms)
		AnalyzeDomain (131ms)
			TypeCache.Refresh (130ms)
				TypeCache.ScanAssembly (118ms)
			ScanForSourceGeneratedMonoScriptInfo (0ms)
			ResolveRequiredComponents (1ms)
	FinalizeReload (557ms)
		ReleaseScriptCaches (0ms)
		RebuildScriptCaches (0ms)
		SetupLoadedEditorAssemblies (498ms)
			LogAssemblyErrors (0ms)
			InitializePlatformSupportModulesInManaged (354ms)
			SetLoadedEditorAssemblies (4ms)
			RefreshPlugins (0ms)
			BeforeProcessingInitializeOnLoad (2ms)
			ProcessInitializeOnLoadAttributes (93ms)
			ProcessInitializeOnLoadMethodAttributes (44ms)
			AfterProcessingInitializeOnLoad (0ms)
			EditorAssembliesLoaded (0ms)
		ExecutionOrderSort2 (0ms)
		AwakeInstancesAfterBackupRestoration (0ms)
========================================================================
Worker process is ready to serve import requests
Begin MonoManager ReloadAssembly
- Loaded All Assemblies, in  0.962 seconds
Refreshing native plugins compatible for Editor in 7.04 ms, found 3 plugins.
Native extension for WindowsStandalone target not found
Native extension for Android target not found
Package Manager log level set to [2]
[Package Manager] Server::EnsureServerProcessIsRunning -- launch failed, reason: Unity was launched with the -noUpm command-line argument
[Package Manager] UpmClient::Send -- Unable to send message (not connected to UPM process).
[Package Manager] Cannot connect to Unity Package Manager local server
Mono: successfully reloaded assembly
- Finished resetting the current domain, in  1.083 seconds
Domain Reload Profiling: 2042ms
	BeginReloadAssembly (165ms)
		ExecutionOrderSort (0ms)
		DisableScriptedObjects (6ms)
		BackupInstance (0ms)
		ReleaseScriptingObjects (0ms)
		CreateAndSetChildDomain (27ms)
	RebuildCommonClasses (41ms)
	RebuildNativeTypeToScriptingClass (9ms)
	initialDomainReloadingComplete (46ms)
	LoadAllAssembliesAndSetupDomain (697ms)
		LoadAssemblies (469ms)
		RebuildTransferFunctionScriptingTraits (0ms)
		AnalyzeDomain (327ms)
			TypeCache.Refresh (279ms)
				TypeCache.ScanAssembly (256ms)
			ScanForSourceGeneratedMonoScriptInfo (32ms)
			ResolveRequiredComponents (12ms)
	FinalizeReload (1084ms)
		ReleaseScriptCaches (0ms)
		RebuildScriptCaches (0ms)
		SetupLoadedEditorAssemblies (830ms)
			LogAssemblyErrors (0ms)
			InitializePlatformSupportModulesInManaged (35ms)
			SetLoadedEditorAssemblies (5ms)
			RefreshPlugins (0ms)
			BeforeProcessingInitializeOnLoad (167ms)
			ProcessInitializeOnLoadAttributes (540ms)
			ProcessInitializeOnLoadMethodAttributes (72ms)
			AfterProcessingInitializeOnLoad (10ms)
			EditorAssembliesLoaded (0ms)
		ExecutionOrderSort2 (0ms)
		AwakeInstancesAfterBackupRestoration (6ms)
Launched and connected shader compiler UnityShaderCompiler.exe after 0.06 seconds
Refreshing native plugins compatible for Editor in 6.22 ms, found 3 plugins.
Preloading 0 native plugins for Editor in 0.00 ms.
Unloading 6616 Unused Serialized files (Serialized files now loaded: 0)
Unloading 84 unused Assets / (1.2 MB). Loaded Objects now: 7108.
Memory consumption went from 278.5 MB to 277.3 MB.
Total: 4.565900 ms (FindLiveObjects: 0.609400 ms CreateObjectMapping: 0.282600 ms MarkObjects: 3.280300 ms  DeleteObjects: 0.392600 ms)

AssetImportParameters requested are different than current active one (requested -> active):
  custom:container-demuxer-ogg: 62fdf1f143b41e24485cea50d1cbac27 -> 
  custom:framework-win-MediaFoundation: 216162199b28c13a410421893ffa2e32 -> 
  custom:container-muxer-webm: aa71ff27fc2769a1b78a27578f13a17b -> 
  custom:video-decoder-webm-vp8: 9c59270c3fd7afecdb556c50c9e8de78 -> 
  custom:SearchIndexIgnoredProperties: e643bd26f0fe6173181afceb89e7c659 -> 
  custom:AudioImporter_EditorPlatform: d09bf68614088b80899f8185d706f6e7 -> 
  custom:audio-decoder-ogg-vorbis: bf7c407c2cedff20999df2af8eb42d56 -> 
  custom:audio-encoder-webm-vorbis: bf7c407c2cedff20999df2af8eb42d56 -> 
  custom:video-decoder-ogg-theora: a1e56fd34408186e4bbccfd4996cb3dc -> 
  custom:CustomObjectIndexerAttribute: a3ef5dd2817f97addfee359851a9dba5 -> 
  custom:container-demuxer-webm: 4f35f7cbe854078d1ac9338744f61a02 -> 
  custom:scripting/monoscript/fileName/Enemy.cs: 13cc614454c9ae28caa24456faa3d7cf -> 
  custom:video-encoder-webm-vp8: eb34c28f22e8b96e1ab97ce403110664 -> 
========================================================================
Received Import Request.
  Time since last request: 16418.341898 seconds.
  path: Assets/Prefabs/Characters/NormalEnemy.prefab
  artifactKey: Guid(fa14dec6309916849b53e60a233ecafc) Importer(815301076,1909f56bfc062723c751e8b465ee728b)
Start importing Assets/Prefabs/Characters/NormalEnemy.prefab using Guid(fa14dec6309916849b53e60a233ecafc) Importer(815301076,1909f56bfc062723c751e8b465ee728b)  -> (artifact id: '6570c9f40fe5686abccfa5febaf76436') in 0.425028 seconds
Number of updated asset objects reloaded before import = 0
Number of asset objects unloaded after import = 62
========================================================================
Received Prepare
Begin MonoManager ReloadAssembly
- Loaded All Assemblies, in  0.570 seconds
Refreshing native plugins compatible for Editor in 5.00 ms, found 3 plugins.
Native extension for WindowsStandalone target not found
Native extension for Android target not found
[Package Manager] Server::EnsureServerProcessIsRunning -- launch failed, reason: Unity was launched with the -noUpm command-line argument
[Package Manager] UpmClient::Send -- Unable to send message (not connected to UPM process).
[Package Manager] Cannot connect to Unity Package Manager local server
Mono: successfully reloaded assembly
- Finished resetting the current domain, in  1.629 seconds
Domain Reload Profiling: 2194ms
	BeginReloadAssembly (173ms)
		ExecutionOrderSort (0ms)
		DisableScriptedObjects (10ms)
		BackupInstance (0ms)
		ReleaseScriptingObjects (0ms)
		CreateAndSetChildDomain (47ms)
	RebuildCommonClasses (27ms)
	RebuildNativeTypeToScriptingClass (9ms)
	initialDomainReloadingComplete (30ms)
	LoadAllAssembliesAndSetupDomain (324ms)
		LoadAssemblies (384ms)
		RebuildTransferFunctionScriptingTraits (0ms)
		AnalyzeDomain (19ms)
			TypeCache.Refresh (6ms)
				TypeCache.ScanAssembly (0ms)
			ScanForSourceGeneratedMonoScriptInfo (0ms)
			ResolveRequiredComponents (12ms)
	FinalizeReload (1630ms)
		ReleaseScriptCaches (0ms)
		RebuildScriptCaches (0ms)
		SetupLoadedEditorAssemblies (613ms)
			LogAssemblyErrors (0ms)
			InitializePlatformSupportModulesInManaged (27ms)
			SetLoadedEditorAssemblies (6ms)
			RefreshPlugins (0ms)
			BeforeProcessingInitializeOnLoad (144ms)
			ProcessInitializeOnLoadAttributes (362ms)
			ProcessInitializeOnLoadMethodAttributes (67ms)
			AfterProcessingInitializeOnLoad (8ms)
			EditorAssembliesLoaded (0ms)
		ExecutionOrderSort2 (0ms)
		AwakeInstancesAfterBackupRestoration (16ms)
Refreshing native plugins compatible for Editor in 6.52 ms, found 3 plugins.
Preloading 0 native plugins for Editor in 0.00 ms.
Unloading 6402 Unused Serialized files (Serialized files now loaded: 0)
Unloading 50 unused Assets / (1.1 MB). Loaded Objects now: 7172.
Memory consumption went from 245.9 MB to 244.8 MB.
Total: 4.499400 ms (FindLiveObjects: 0.531200 ms CreateObjectMapping: 0.211500 ms MarkObjects: 3.454400 ms  DeleteObjects: 0.300800 ms)

Prepare: number of updated asset objects reloaded= 0
AssetImportParameters requested are different than current active one (requested -> active):
  custom:container-demuxer-ogg: 62fdf1f143b41e24485cea50d1cbac27 -> 
  custom:framework-win-MediaFoundation: 216162199b28c13a410421893ffa2e32 -> 
  custom:container-muxer-webm: aa71ff27fc2769a1b78a27578f13a17b -> 
  custom:video-decoder-webm-vp8: 9c59270c3fd7afecdb556c50c9e8de78 -> 
  custom:SearchIndexIgnoredProperties: e643bd26f0fe6173181afceb89e7c659 -> 
  custom:AudioImporter_EditorPlatform: d09bf68614088b80899f8185d706f6e7 -> 
  custom:audio-decoder-ogg-vorbis: bf7c407c2cedff20999df2af8eb42d56 -> 
  custom:audio-encoder-webm-vorbis: bf7c407c2cedff20999df2af8eb42d56 -> 
  custom:video-decoder-ogg-theora: a1e56fd34408186e4bbccfd4996cb3dc -> 
  custom:CustomObjectIndexerAttribute: a3ef5dd2817f97addfee359851a9dba5 -> 
  custom:container-demuxer-webm: 4f35f7cbe854078d1ac9338744f61a02 -> 
  custom:scripting/monoscript/fileName/Enemy.cs: 13cc614454c9ae28caa24456faa3d7cf -> 
  custom:video-encoder-webm-vp8: eb34c28f22e8b96e1ab97ce403110664 -> 
========================================================================
Received Prepare
Begin MonoManager ReloadAssembly
- Loaded All Assemblies, in  0.734 seconds
Refreshing native plugins compatible for Editor in 6.55 ms, found 3 plugins.
Native extension for WindowsStandalone target not found
Native extension for Android target not found
[Package Manager] Server::EnsureServerProcessIsRunning -- launch failed, reason: Unity was launched with the -noUpm command-line argument
[Package Manager] UpmClient::Send -- Unable to send message (not connected to UPM process).
[Package Manager] Cannot connect to Unity Package Manager local server
Mono: successfully reloaded assembly
- Finished resetting the current domain, in  1.991 seconds
Domain Reload Profiling: 2719ms
	BeginReloadAssembly (174ms)
		ExecutionOrderSort (0ms)
		DisableScriptedObjects (5ms)
		BackupInstance (0ms)
		ReleaseScriptingObjects (0ms)
		CreateAndSetChildDomain (51ms)
	RebuildCommonClasses (28ms)
	RebuildNativeTypeToScriptingClass (12ms)
	initialDomainReloadingComplete (40ms)
	LoadAllAssembliesAndSetupDomain (473ms)
		LoadAssemblies (476ms)
		RebuildTransferFunctionScriptingTraits (0ms)
		AnalyzeDomain (76ms)
			TypeCache.Refresh (16ms)
				TypeCache.ScanAssembly (3ms)
			ScanForSourceGeneratedMonoScriptInfo (44ms)
			ResolveRequiredComponents (14ms)
	FinalizeReload (1992ms)
		ReleaseScriptCaches (0ms)
		RebuildScriptCaches (0ms)
		SetupLoadedEditorAssemblies (732ms)
			LogAssemblyErrors (0ms)
			InitializePlatformSupportModulesInManaged (31ms)
			SetLoadedEditorAssemblies (6ms)
			RefreshPlugins (0ms)
			BeforeProcessingInitializeOnLoad (179ms)
			ProcessInitializeOnLoadAttributes (431ms)
			ProcessInitializeOnLoadMethodAttributes (77ms)
			AfterProcessingInitializeOnLoad (7ms)
			EditorAssembliesLoaded (0ms)
		ExecutionOrderSort2 (0ms)
		AwakeInstancesAfterBackupRestoration (17ms)
Refreshing native plugins compatible for Editor in 5.47 ms, found 3 plugins.
Preloading 0 native plugins for Editor in 0.00 ms.
Unloading 6402 Unused Serialized files (Serialized files now loaded: 0)
Unloading 47 unused Assets / (1.1 MB). Loaded Objects now: 7188.
Memory consumption went from 245.8 MB to 244.7 MB.
Total: 4.971900 ms (FindLiveObjects: 0.761200 ms CreateObjectMapping: 0.213600 ms MarkObjects: 3.746600 ms  DeleteObjects: 0.249100 ms)

Prepare: number of updated asset objects reloaded= 0
AssetImportParameters requested are different than current active one (requested -> active):
  custom:container-demuxer-ogg: 62fdf1f143b41e24485cea50d1cbac27 -> 
  custom:framework-win-MediaFoundation: 216162199b28c13a410421893ffa2e32 -> 
  custom:container-muxer-webm: aa71ff27fc2769a1b78a27578f13a17b -> 
  custom:video-decoder-webm-vp8: 9c59270c3fd7afecdb556c50c9e8de78 -> 
  custom:SearchIndexIgnoredProperties: e643bd26f0fe6173181afceb89e7c659 -> 
  custom:AudioImporter_EditorPlatform: d09bf68614088b80899f8185d706f6e7 -> 
  custom:audio-decoder-ogg-vorbis: bf7c407c2cedff20999df2af8eb42d56 -> 
  custom:audio-encoder-webm-vorbis: bf7c407c2cedff20999df2af8eb42d56 -> 
  custom:video-decoder-ogg-theora: a1e56fd34408186e4bbccfd4996cb3dc -> 
  custom:CustomObjectIndexerAttribute: a3ef5dd2817f97addfee359851a9dba5 -> 
  custom:container-demuxer-webm: 4f35f7cbe854078d1ac9338744f61a02 -> 
  custom:scripting/monoscript/fileName/Enemy.cs: 13cc614454c9ae28caa24456faa3d7cf -> 
  custom:video-encoder-webm-vp8: eb34c28f22e8b96e1ab97ce403110664 -> 
========================================================================
Received Prepare
Begin MonoManager ReloadAssembly
- Loaded All Assemblies, in  0.596 seconds
Refreshing native plugins compatible for Editor in 4.89 ms, found 3 plugins.
Native extension for WindowsStandalone target not found
Native extension for Android target not found
[Package Manager] Server::EnsureServerProcessIsRunning -- launch failed, reason: Unity was launched with the -noUpm command-line argument
[Package Manager] UpmClient::Send -- Unable to send message (not connected to UPM process).
[Package Manager] Cannot connect to Unity Package Manager local server
Mono: successfully reloaded assembly
- Finished resetting the current domain, in  1.621 seconds
Domain Reload Profiling: 2212ms
	BeginReloadAssembly (171ms)
		ExecutionOrderSort (0ms)
		DisableScriptedObjects (6ms)
		BackupInstance (0ms)
		ReleaseScriptingObjects (0ms)
		CreateAndSetChildDomain (47ms)
	RebuildCommonClasses (30ms)
	RebuildNativeTypeToScriptingClass (10ms)
	initialDomainReloadingComplete (30ms)
	LoadAllAssembliesAndSetupDomain (351ms)
		LoadAssemblies (385ms)
		RebuildTransferFunctionScriptingTraits (0ms)
		AnalyzeDomain (48ms)
			TypeCache.Refresh (10ms)
				TypeCache.ScanAssembly (1ms)
			ScanForSourceGeneratedMonoScriptInfo (25ms)
			ResolveRequiredComponents (11ms)
	FinalizeReload (1621ms)
		ReleaseScriptCaches (0ms)
		RebuildScriptCaches (0ms)
		SetupLoadedEditorAssemblies (607ms)
			LogAssemblyErrors (0ms)
			InitializePlatformSupportModulesInManaged (25ms)
			SetLoadedEditorAssemblies (5ms)
			RefreshPlugins (0ms)
			BeforeProcessingInitializeOnLoad (138ms)
			ProcessInitializeOnLoadAttributes (362ms)
			ProcessInitializeOnLoadMethodAttributes (69ms)
			AfterProcessingInitializeOnLoad (8ms)
			EditorAssembliesLoaded (0ms)
		ExecutionOrderSort2 (0ms)
		AwakeInstancesAfterBackupRestoration (15ms)
Refreshing native plugins compatible for Editor in 5.49 ms, found 3 plugins.
Preloading 0 native plugins for Editor in 0.00 ms.
Unloading 6402 Unused Serialized files (Serialized files now loaded: 0)
Unloading 47 unused Assets / (1.1 MB). Loaded Objects now: 7204.
Memory consumption went from 245.8 MB to 244.7 MB.
Total: 4.746200 ms (FindLiveObjects: 0.621600 ms CreateObjectMapping: 0.218400 ms MarkObjects: 3.604800 ms  DeleteObjects: 0.300100 ms)

Prepare: number of updated asset objects reloaded= 0
AssetImportParameters requested are different than current active one (requested -> active):
  custom:container-demuxer-ogg: 62fdf1f143b41e24485cea50d1cbac27 -> 
  custom:framework-win-MediaFoundation: 216162199b28c13a410421893ffa2e32 -> 
  custom:container-muxer-webm: aa71ff27fc2769a1b78a27578f13a17b -> 
  custom:video-decoder-webm-vp8: 9c59270c3fd7afecdb556c50c9e8de78 -> 
  custom:SearchIndexIgnoredProperties: e643bd26f0fe6173181afceb89e7c659 -> 
  custom:AudioImporter_EditorPlatform: d09bf68614088b80899f8185d706f6e7 -> 
  custom:audio-decoder-ogg-vorbis: bf7c407c2cedff20999df2af8eb42d56 -> 
  custom:audio-encoder-webm-vorbis: bf7c407c2cedff20999df2af8eb42d56 -> 
  custom:video-decoder-ogg-theora: a1e56fd34408186e4bbccfd4996cb3dc -> 
  custom:CustomObjectIndexerAttribute: a3ef5dd2817f97addfee359851a9dba5 -> 
  custom:container-demuxer-webm: 4f35f7cbe854078d1ac9338744f61a02 -> 
  custom:scripting/monoscript/fileName/Enemy.cs: 13cc614454c9ae28caa24456faa3d7cf -> 
  custom:video-encoder-webm-vp8: eb34c28f22e8b96e1ab97ce403110664 -> 
========================================================================
Received Prepare
Begin MonoManager ReloadAssembly
- Loaded All Assemblies, in  0.550 seconds
Refreshing native plugins compatible for Editor in 4.99 ms, found 3 plugins.
Native extension for WindowsStandalone target not found
Native extension for Android target not found
[Package Manager] Server::EnsureServerProcessIsRunning -- launch failed, reason: Unity was launched with the -noUpm command-line argument
[Package Manager] UpmClient::Send -- Unable to send message (not connected to UPM process).
[Package Manager] Cannot connect to Unity Package Manager local server
Mono: successfully reloaded assembly
- Finished resetting the current domain, in  1.637 seconds
Domain Reload Profiling: 2184ms
	BeginReloadAssembly (159ms)
		ExecutionOrderSort (0ms)
		DisableScriptedObjects (5ms)
		BackupInstance (0ms)
		ReleaseScriptingObjects (0ms)
		CreateAndSetChildDomain (42ms)
	RebuildCommonClasses (27ms)
	RebuildNativeTypeToScriptingClass (9ms)
	initialDomainReloadingComplete (30ms)
	LoadAllAssembliesAndSetupDomain (320ms)
		LoadAssemblies (375ms)
		RebuildTransferFunctionScriptingTraits (0ms)
		AnalyzeDomain (20ms)
			TypeCache.Refresh (6ms)
				TypeCache.ScanAssembly (0ms)
			ScanForSourceGeneratedMonoScriptInfo (0ms)
			ResolveRequiredComponents (12ms)
	FinalizeReload (1638ms)
		ReleaseScriptCaches (0ms)
		RebuildScriptCaches (0ms)
		SetupLoadedEditorAssemblies (613ms)
			LogAssemblyErrors (0ms)
			InitializePlatformSupportModulesInManaged (25ms)
			SetLoadedEditorAssemblies (6ms)
			RefreshPlugins (0ms)
			BeforeProcessingInitializeOnLoad (156ms)
			ProcessInitializeOnLoadAttributes (353ms)
			ProcessInitializeOnLoadMethodAttributes (64ms)
			AfterProcessingInitializeOnLoad (8ms)
			EditorAssembliesLoaded (0ms)
		ExecutionOrderSort2 (0ms)
		AwakeInstancesAfterBackupRestoration (15ms)
Refreshing native plugins compatible for Editor in 6.25 ms, found 3 plugins.
Preloading 0 native plugins for Editor in 0.00 ms.
Unloading 6402 Unused Serialized files (Serialized files now loaded: 0)
Unloading 47 unused Assets / (1.1 MB). Loaded Objects now: 7220.
Memory consumption went from 245.9 MB to 244.7 MB.
Total: 5.646100 ms (FindLiveObjects: 0.526000 ms CreateObjectMapping: 0.233200 ms MarkObjects: 4.600400 ms  DeleteObjects: 0.285100 ms)

Prepare: number of updated asset objects reloaded= 0
AssetImportParameters requested are different than current active one (requested -> active):
  custom:container-demuxer-ogg: 62fdf1f143b41e24485cea50d1cbac27 -> 
  custom:framework-win-MediaFoundation: 216162199b28c13a410421893ffa2e32 -> 
  custom:container-muxer-webm: aa71ff27fc2769a1b78a27578f13a17b -> 
  custom:video-decoder-webm-vp8: 9c59270c3fd7afecdb556c50c9e8de78 -> 
  custom:SearchIndexIgnoredProperties: e643bd26f0fe6173181afceb89e7c659 -> 
  custom:AudioImporter_EditorPlatform: d09bf68614088b80899f8185d706f6e7 -> 
  custom:audio-decoder-ogg-vorbis: bf7c407c2cedff20999df2af8eb42d56 -> 
  custom:audio-encoder-webm-vorbis: bf7c407c2cedff20999df2af8eb42d56 -> 
  custom:video-decoder-ogg-theora: a1e56fd34408186e4bbccfd4996cb3dc -> 
  custom:CustomObjectIndexerAttribute: a3ef5dd2817f97addfee359851a9dba5 -> 
  custom:container-demuxer-webm: 4f35f7cbe854078d1ac9338744f61a02 -> 
  custom:scripting/monoscript/fileName/Enemy.cs: 13cc614454c9ae28caa24456faa3d7cf -> 
  custom:video-encoder-webm-vp8: eb34c28f22e8b96e1ab97ce403110664 -> 
========================================================================
Received Prepare
Begin MonoManager ReloadAssembly
- Loaded All Assemblies, in  0.718 seconds
Refreshing native plugins compatible for Editor in 6.74 ms, found 3 plugins.
Native extension for WindowsStandalone target not found
Native extension for Android target not found
[Package Manager] Server::EnsureServerProcessIsRunning -- launch failed, reason: Unity was launched with the -noUpm command-line argument
[Package Manager] UpmClient::Send -- Unable to send message (not connected to UPM process).
[Package Manager] Cannot connect to Unity Package Manager local server
Mono: successfully reloaded assembly
- Finished resetting the current domain, in  2.161 seconds
Domain Reload Profiling: 2873ms
	BeginReloadAssembly (178ms)
		ExecutionOrderSort (0ms)
		DisableScriptedObjects (6ms)
		BackupInstance (0ms)
		ReleaseScriptingObjects (0ms)
		CreateAndSetChildDomain (46ms)
	RebuildCommonClasses (28ms)
	RebuildNativeTypeToScriptingClass (9ms)
	initialDomainReloadingComplete (30ms)
	LoadAllAssembliesAndSetupDomain (466ms)
		LoadAssemblies (488ms)
		RebuildTransferFunctionScriptingTraits (0ms)
		AnalyzeDomain (60ms)
			TypeCache.Refresh (15ms)
				TypeCache.ScanAssembly (2ms)
			ScanForSourceGeneratedMonoScriptInfo (33ms)
			ResolveRequiredComponents (11ms)
	FinalizeReload (2162ms)
		ReleaseScriptCaches (0ms)
		RebuildScriptCaches (0ms)
		SetupLoadedEditorAssemblies (818ms)
			LogAssemblyErrors (0ms)
			InitializePlatformSupportModulesInManaged (25ms)
			SetLoadedEditorAssemblies (7ms)
			RefreshPlugins (0ms)
			BeforeProcessingInitializeOnLoad (175ms)
			ProcessInitializeOnLoadAttributes (523ms)
			ProcessInitializeOnLoadMethodAttributes (75ms)
			AfterProcessingInitializeOnLoad (13ms)
			EditorAssembliesLoaded (0ms)
		ExecutionOrderSort2 (0ms)
		AwakeInstancesAfterBackupRestoration (19ms)
Refreshing native plugins compatible for Editor in 5.48 ms, found 3 plugins.
Preloading 0 native plugins for Editor in 0.00 ms.
Unloading 6402 Unused Serialized files (Serialized files now loaded: 0)
Unloading 47 unused Assets / (1.1 MB). Loaded Objects now: 7236.
Memory consumption went from 245.9 MB to 244.7 MB.
Total: 4.447000 ms (FindLiveObjects: 0.427200 ms CreateObjectMapping: 0.163500 ms MarkObjects: 3.616000 ms  DeleteObjects: 0.239100 ms)

Prepare: number of updated asset objects reloaded= 0
AssetImportParameters requested are different than current active one (requested -> active):
  custom:container-demuxer-ogg: 62fdf1f143b41e24485cea50d1cbac27 -> 
  custom:framework-win-MediaFoundation: 216162199b28c13a410421893ffa2e32 -> 
  custom:container-muxer-webm: aa71ff27fc2769a1b78a27578f13a17b -> 
  custom:video-decoder-webm-vp8: 9c59270c3fd7afecdb556c50c9e8de78 -> 
  custom:SearchIndexIgnoredProperties: e643bd26f0fe6173181afceb89e7c659 -> 
  custom:AudioImporter_EditorPlatform: d09bf68614088b80899f8185d706f6e7 -> 
  custom:audio-decoder-ogg-vorbis: bf7c407c2cedff20999df2af8eb42d56 -> 
  custom:audio-encoder-webm-vorbis: bf7c407c2cedff20999df2af8eb42d56 -> 
  custom:video-decoder-ogg-theora: a1e56fd34408186e4bbccfd4996cb3dc -> 
  custom:CustomObjectIndexerAttribute: a3ef5dd2817f97addfee359851a9dba5 -> 
  custom:container-demuxer-webm: 4f35f7cbe854078d1ac9338744f61a02 -> 
  custom:scripting/monoscript/fileName/Enemy.cs: 13cc614454c9ae28caa24456faa3d7cf -> 
  custom:video-encoder-webm-vp8: eb34c28f22e8b96e1ab97ce403110664 -> 
========================================================================
Received Prepare
Begin MonoManager ReloadAssembly
- Loaded All Assemblies, in  0.746 seconds
Refreshing native plugins compatible for Editor in 5.52 ms, found 3 plugins.
Native extension for WindowsStandalone target not found
Native extension for Android target not found
[Package Manager] Server::EnsureServerProcessIsRunning -- launch failed, reason: Unity was launched with the -noUpm command-line argument
[Package Manager] UpmClient::Send -- Unable to send message (not connected to UPM process).
[Package Manager] Cannot connect to Unity Package Manager local server
Mono: successfully reloaded assembly
- Finished resetting the current domain, in  2.027 seconds
Domain Reload Profiling: 2769ms
	BeginReloadAssembly (183ms)
		ExecutionOrderSort (0ms)
		DisableScriptedObjects (8ms)
		BackupInstance (0ms)
		ReleaseScriptingObjects (0ms)
		CreateAndSetChildDomain (49ms)
	RebuildCommonClasses (28ms)
	RebuildNativeTypeToScriptingClass (10ms)
	initialDomainReloadingComplete (34ms)
	LoadAllAssembliesAndSetupDomain (487ms)
		LoadAssemblies (505ms)
		RebuildTransferFunctionScriptingTraits (0ms)
		AnalyzeDomain (64ms)
			TypeCache.Refresh (15ms)
				TypeCache.ScanAssembly (2ms)
			ScanForSourceGeneratedMonoScriptInfo (35ms)
			ResolveRequiredComponents (12ms)
	FinalizeReload (2028ms)
		ReleaseScriptCaches (0ms)
		RebuildScriptCaches (0ms)
		SetupLoadedEditorAssemblies (752ms)
			LogAssemblyErrors (0ms)
			InitializePlatformSupportModulesInManaged (27ms)
			SetLoadedEditorAssemblies (5ms)
			RefreshPlugins (0ms)
			BeforeProcessingInitializeOnLoad (185ms)
			ProcessInitializeOnLoadAttributes (455ms)
			ProcessInitializeOnLoadMethodAttributes (72ms)
			AfterProcessingInitializeOnLoad (8ms)
			EditorAssembliesLoaded (0ms)
		ExecutionOrderSort2 (0ms)
		AwakeInstancesAfterBackupRestoration (21ms)
Refreshing native plugins compatible for Editor in 6.25 ms, found 3 plugins.
Preloading 0 native plugins for Editor in 0.00 ms.
Unloading 6402 Unused Serialized files (Serialized files now loaded: 0)
Unloading 47 unused Assets / (1.1 MB). Loaded Objects now: 7252.
Memory consumption went from 245.9 MB to 244.7 MB.
Total: 4.359800 ms (FindLiveObjects: 0.901700 ms CreateObjectMapping: 0.330700 ms MarkObjects: 2.882200 ms  DeleteObjects: 0.244000 ms)

Prepare: number of updated asset objects reloaded= 0
AssetImportParameters requested are different than current active one (requested -> active):
  custom:container-demuxer-ogg: 62fdf1f143b41e24485cea50d1cbac27 -> 
  custom:framework-win-MediaFoundation: 216162199b28c13a410421893ffa2e32 -> 
  custom:container-muxer-webm: aa71ff27fc2769a1b78a27578f13a17b -> 
  custom:video-decoder-webm-vp8: 9c59270c3fd7afecdb556c50c9e8de78 -> 
  custom:SearchIndexIgnoredProperties: e643bd26f0fe6173181afceb89e7c659 -> 
  custom:AudioImporter_EditorPlatform: d09bf68614088b80899f8185d706f6e7 -> 
  custom:audio-decoder-ogg-vorbis: bf7c407c2cedff20999df2af8eb42d56 -> 
  custom:audio-encoder-webm-vorbis: bf7c407c2cedff20999df2af8eb42d56 -> 
  custom:video-decoder-ogg-theora: a1e56fd34408186e4bbccfd4996cb3dc -> 
  custom:CustomObjectIndexerAttribute: a3ef5dd2817f97addfee359851a9dba5 -> 
  custom:container-demuxer-webm: 4f35f7cbe854078d1ac9338744f61a02 -> 
  custom:scripting/monoscript/fileName/Enemy.cs: 13cc614454c9ae28caa24456faa3d7cf -> 
  custom:video-encoder-webm-vp8: eb34c28f22e8b96e1ab97ce403110664 -> 
========================================================================
Received Prepare
Begin MonoManager ReloadAssembly
- Loaded All Assemblies, in  0.709 seconds
Refreshing native plugins compatible for Editor in 7.26 ms, found 3 plugins.
Native extension for WindowsStandalone target not found
Native extension for Android target not found
[Package Manager] Server::EnsureServerProcessIsRunning -- launch failed, reason: Unity was launched with the -noUpm command-line argument
[Package Manager] UpmClient::Send -- Unable to send message (not connected to UPM process).
[Package Manager] Cannot connect to Unity Package Manager local server
Mono: successfully reloaded assembly
- Finished resetting the current domain, in  1.920 seconds
Domain Reload Profiling: 2624ms
	BeginReloadAssembly (191ms)
		ExecutionOrderSort (0ms)
		DisableScriptedObjects (6ms)
		BackupInstance (0ms)
		ReleaseScriptingObjects (0ms)
		CreateAndSetChildDomain (60ms)
	RebuildCommonClasses (28ms)
	RebuildNativeTypeToScriptingClass (9ms)
	initialDomainReloadingComplete (31ms)
	LoadAllAssembliesAndSetupDomain (446ms)
		LoadAssemblies (477ms)
		RebuildTransferFunctionScriptingTraits (0ms)
		AnalyzeDomain (54ms)
			TypeCache.Refresh (12ms)
				TypeCache.ScanAssembly (2ms)
			ScanForSourceGeneratedMonoScriptInfo (28ms)
			ResolveRequiredComponents (12ms)
	FinalizeReload (1920ms)
		ReleaseScriptCaches (0ms)
		RebuildScriptCaches (0ms)
		SetupLoadedEditorAssemblies (672ms)
			LogAssemblyErrors (0ms)
			InitializePlatformSupportModulesInManaged (27ms)
			SetLoadedEditorAssemblies (7ms)
			RefreshPlugins (0ms)
			BeforeProcessingInitializeOnLoad (156ms)
			ProcessInitializeOnLoadAttributes (407ms)
			ProcessInitializeOnLoadMethodAttributes (67ms)
			AfterProcessingInitializeOnLoad (8ms)
			EditorAssembliesLoaded (0ms)
		ExecutionOrderSort2 (0ms)
		AwakeInstancesAfterBackupRestoration (23ms)
Refreshing native plugins compatible for Editor in 5.52 ms, found 3 plugins.
Preloading 0 native plugins for Editor in 0.00 ms.
Unloading 6402 Unused Serialized files (Serialized files now loaded: 0)
Unloading 47 unused Assets / (1.1 MB). Loaded Objects now: 7268.
Memory consumption went from 245.9 MB to 244.8 MB.
Total: 3.716100 ms (FindLiveObjects: 0.444600 ms CreateObjectMapping: 0.184800 ms MarkObjects: 2.845500 ms  DeleteObjects: 0.239500 ms)

Prepare: number of updated asset objects reloaded= 0
AssetImportParameters requested are different than current active one (requested -> active):
  custom:container-demuxer-ogg: 62fdf1f143b41e24485cea50d1cbac27 -> 
  custom:framework-win-MediaFoundation: 216162199b28c13a410421893ffa2e32 -> 
  custom:container-muxer-webm: aa71ff27fc2769a1b78a27578f13a17b -> 
  custom:video-decoder-webm-vp8: 9c59270c3fd7afecdb556c50c9e8de78 -> 
  custom:SearchIndexIgnoredProperties: e643bd26f0fe6173181afceb89e7c659 -> 
  custom:AudioImporter_EditorPlatform: d09bf68614088b80899f8185d706f6e7 -> 
  custom:audio-decoder-ogg-vorbis: bf7c407c2cedff20999df2af8eb42d56 -> 
  custom:audio-encoder-webm-vorbis: bf7c407c2cedff20999df2af8eb42d56 -> 
  custom:video-decoder-ogg-theora: a1e56fd34408186e4bbccfd4996cb3dc -> 
  custom:CustomObjectIndexerAttribute: a3ef5dd2817f97addfee359851a9dba5 -> 
  custom:container-demuxer-webm: 4f35f7cbe854078d1ac9338744f61a02 -> 
  custom:scripting/monoscript/fileName/Enemy.cs: 13cc614454c9ae28caa24456faa3d7cf -> 
  custom:video-encoder-webm-vp8: eb34c28f22e8b96e1ab97ce403110664 -> 
========================================================================
Received Prepare
Begin MonoManager ReloadAssembly
- Loaded All Assemblies, in  0.852 seconds
Refreshing native plugins compatible for Editor in 6.01 ms, found 3 plugins.
Native extension for WindowsStandalone target not found
Native extension for Android target not found
[Package Manager] Server::EnsureServerProcessIsRunning -- launch failed, reason: Unity was launched with the -noUpm command-line argument
[Package Manager] UpmClient::Send -- Unable to send message (not connected to UPM process).
[Package Manager] Cannot connect to Unity Package Manager local server
Mono: successfully reloaded assembly
- Finished resetting the current domain, in  2.068 seconds
Domain Reload Profiling: 2914ms
	BeginReloadAssembly (228ms)
		ExecutionOrderSort (0ms)
		DisableScriptedObjects (6ms)
		BackupInstance (0ms)
		ReleaseScriptingObjects (0ms)
		CreateAndSetChildDomain (81ms)
	RebuildCommonClasses (41ms)
	RebuildNativeTypeToScriptingClass (11ms)
	initialDomainReloadingComplete (41ms)
	LoadAllAssembliesAndSetupDomain (524ms)
		LoadAssemblies (524ms)
		RebuildTransferFunctionScriptingTraits (0ms)
		AnalyzeDomain (94ms)
			TypeCache.Refresh (22ms)
				TypeCache.ScanAssembly (3ms)
			ScanForSourceGeneratedMonoScriptInfo (50ms)
			ResolveRequiredComponents (19ms)
	FinalizeReload (2069ms)
		ReleaseScriptCaches (0ms)
		RebuildScriptCaches (0ms)
		SetupLoadedEditorAssemblies (797ms)
			LogAssemblyErrors (0ms)
			InitializePlatformSupportModulesInManaged (37ms)
			SetLoadedEditorAssemblies (7ms)
			RefreshPlugins (0ms)
			BeforeProcessingInitializeOnLoad (180ms)
			ProcessInitializeOnLoadAttributes (446ms)
			ProcessInitializeOnLoadMethodAttributes (116ms)
			AfterProcessingInitializeOnLoad (10ms)
			EditorAssembliesLoaded (1ms)
		ExecutionOrderSort2 (0ms)
		AwakeInstancesAfterBackupRestoration (38ms)
Refreshing native plugins compatible for Editor in 7.79 ms, found 3 plugins.
Preloading 0 native plugins for Editor in 0.00 ms.
Unloading 6402 Unused Serialized files (Serialized files now loaded: 0)
Unloading 47 unused Assets / (1.1 MB). Loaded Objects now: 7284.
Memory consumption went from 245.9 MB to 244.8 MB.
Total: 4.751900 ms (FindLiveObjects: 0.642500 ms CreateObjectMapping: 0.237600 ms MarkObjects: 3.518100 ms  DeleteObjects: 0.352300 ms)

Prepare: number of updated asset objects reloaded= 0
AssetImportParameters requested are different than current active one (requested -> active):
  custom:container-demuxer-ogg: 62fdf1f143b41e24485cea50d1cbac27 -> 
  custom:framework-win-MediaFoundation: 216162199b28c13a410421893ffa2e32 -> 
  custom:container-muxer-webm: aa71ff27fc2769a1b78a27578f13a17b -> 
  custom:video-decoder-webm-vp8: 9c59270c3fd7afecdb556c50c9e8de78 -> 
  custom:SearchIndexIgnoredProperties: e643bd26f0fe6173181afceb89e7c659 -> 
  custom:AudioImporter_EditorPlatform: d09bf68614088b80899f8185d706f6e7 -> 
  custom:audio-decoder-ogg-vorbis: bf7c407c2cedff20999df2af8eb42d56 -> 
  custom:audio-encoder-webm-vorbis: bf7c407c2cedff20999df2af8eb42d56 -> 
  custom:video-decoder-ogg-theora: a1e56fd34408186e4bbccfd4996cb3dc -> 
  custom:CustomObjectIndexerAttribute: a3ef5dd2817f97addfee359851a9dba5 -> 
  custom:container-demuxer-webm: 4f35f7cbe854078d1ac9338744f61a02 -> 
  custom:scripting/monoscript/fileName/Enemy.cs: 13cc614454c9ae28caa24456faa3d7cf -> 
  custom:video-encoder-webm-vp8: eb34c28f22e8b96e1ab97ce403110664 -> 
========================================================================
Received Prepare
Begin MonoManager ReloadAssembly
- Loaded All Assemblies, in  0.675 seconds
Refreshing native plugins compatible for Editor in 5.91 ms, found 3 plugins.
Native extension for WindowsStandalone target not found
Native extension for Android target not found
[Package Manager] Server::EnsureServerProcessIsRunning -- launch failed, reason: Unity was launched with the -noUpm command-line argument
[Package Manager] UpmClient::Send -- Unable to send message (not connected to UPM process).
[Package Manager] Cannot connect to Unity Package Manager local server
Mono: successfully reloaded assembly
- Finished resetting the current domain, in  1.749 seconds
Domain Reload Profiling: 2420ms
	BeginReloadAssembly (168ms)
		ExecutionOrderSort (0ms)
		DisableScriptedObjects (6ms)
		BackupInstance (0ms)
		ReleaseScriptingObjects (0ms)
		CreateAndSetChildDomain (48ms)
	RebuildCommonClasses (29ms)
	RebuildNativeTypeToScriptingClass (9ms)
	initialDomainReloadingComplete (34ms)
	LoadAllAssembliesAndSetupDomain (430ms)
		LoadAssemblies (449ms)
		RebuildTransferFunctionScriptingTraits (0ms)
		AnalyzeDomain (57ms)
			TypeCache.Refresh (11ms)
				TypeCache.ScanAssembly (1ms)
			ScanForSourceGeneratedMonoScriptInfo (34ms)
			ResolveRequiredComponents (11ms)
	FinalizeReload (1750ms)
		ReleaseScriptCaches (0ms)
		RebuildScriptCaches (0ms)
		SetupLoadedEditorAssemblies (655ms)
			LogAssemblyErrors (0ms)
			InitializePlatformSupportModulesInManaged (25ms)
			SetLoadedEditorAssemblies (4ms)
			RefreshPlugins (0ms)
			BeforeProcessingInitializeOnLoad (151ms)
			ProcessInitializeOnLoadAttributes (387ms)
			ProcessInitializeOnLoadMethodAttributes (76ms)
			AfterProcessingInitializeOnLoad (10ms)
			EditorAssembliesLoaded (0ms)
		ExecutionOrderSort2 (0ms)
		AwakeInstancesAfterBackupRestoration (19ms)
Script is not up to date after domain reload: guid(8b514cff5a7fdab43b822a6c50707649) path("Assets/Scripts/Enemy/EnemyBase.cs") state(2)
Refreshing native plugins compatible for Editor in 5.94 ms, found 3 plugins.
Preloading 0 native plugins for Editor in 0.00 ms.
Unloading 6401 Unused Serialized files (Serialized files now loaded: 0)
Unloading 47 unused Assets / (1.1 MB). Loaded Objects now: 7299.
Memory consumption went from 245.9 MB to 244.8 MB.
Total: 13.337500 ms (FindLiveObjects: 1.062500 ms CreateObjectMapping: 0.434300 ms MarkObjects: 11.057100 ms  DeleteObjects: 0.781900 ms)

Prepare: number of updated asset objects reloaded= 0
AssetImportParameters requested are different than current active one (requested -> active):
  custom:container-demuxer-ogg: 62fdf1f143b41e24485cea50d1cbac27 -> 
  custom:framework-win-MediaFoundation: 216162199b28c13a410421893ffa2e32 -> 
  custom:container-muxer-webm: aa71ff27fc2769a1b78a27578f13a17b -> 
  custom:video-decoder-webm-vp8: 9c59270c3fd7afecdb556c50c9e8de78 -> 
  custom:SearchIndexIgnoredProperties: e643bd26f0fe6173181afceb89e7c659 -> 
  custom:AudioImporter_EditorPlatform: d09bf68614088b80899f8185d706f6e7 -> 
  custom:audio-decoder-ogg-vorbis: bf7c407c2cedff20999df2af8eb42d56 -> 
  custom:audio-encoder-webm-vorbis: bf7c407c2cedff20999df2af8eb42d56 -> 
  custom:video-decoder-ogg-theora: a1e56fd34408186e4bbccfd4996cb3dc -> 
  custom:CustomObjectIndexerAttribute: a3ef5dd2817f97addfee359851a9dba5 -> 
  custom:container-demuxer-webm: 4f35f7cbe854078d1ac9338744f61a02 -> 
  custom:scripting/monoscript/fileName/Enemy.cs: 13cc614454c9ae28caa24456faa3d7cf -> 
  custom:video-encoder-webm-vp8: eb34c28f22e8b96e1ab97ce403110664 -> 
========================================================================
Received Prepare
Begin MonoManager ReloadAssembly
- Loaded All Assemblies, in  0.687 seconds
Refreshing native plugins compatible for Editor in 5.49 ms, found 3 plugins.
Native extension for WindowsStandalone target not found
Native extension for Android target not found
[Package Manager] Server::EnsureServerProcessIsRunning -- launch failed, reason: Unity was launched with the -noUpm command-line argument
[Package Manager] UpmClient::Send -- Unable to send message (not connected to UPM process).
[Package Manager] Cannot connect to Unity Package Manager local server
Mono: successfully reloaded assembly
- Finished resetting the current domain, in  1.782 seconds
Domain Reload Profiling: 2464ms
	BeginReloadAssembly (218ms)
		ExecutionOrderSort (0ms)
		DisableScriptedObjects (6ms)
		BackupInstance (0ms)
		ReleaseScriptingObjects (0ms)
		CreateAndSetChildDomain (48ms)
	RebuildCommonClasses (31ms)
	RebuildNativeTypeToScriptingClass (10ms)
	initialDomainReloadingComplete (32ms)
	LoadAllAssembliesAndSetupDomain (391ms)
		LoadAssemblies (448ms)
		RebuildTransferFunctionScriptingTraits (0ms)
		AnalyzeDomain (71ms)
			TypeCache.Refresh (15ms)
				TypeCache.ScanAssembly (2ms)
			ScanForSourceGeneratedMonoScriptInfo (39ms)
			ResolveRequiredComponents (14ms)
	FinalizeReload (1783ms)
		ReleaseScriptCaches (0ms)
		RebuildScriptCaches (0ms)
		SetupLoadedEditorAssemblies (701ms)
			LogAssemblyErrors (0ms)
			InitializePlatformSupportModulesInManaged (27ms)
			SetLoadedEditorAssemblies (5ms)
			RefreshPlugins (0ms)
			BeforeProcessingInitializeOnLoad (138ms)
			ProcessInitializeOnLoadAttributes (434ms)
			ProcessInitializeOnLoadMethodAttributes (89ms)
			AfterProcessingInitializeOnLoad (8ms)
			EditorAssembliesLoaded (0ms)
		ExecutionOrderSort2 (0ms)
		AwakeInstancesAfterBackupRestoration (17ms)
Script is not up to date after domain reload: guid(8b514cff5a7fdab43b822a6c50707649) path("Assets/Scripts/Enemy/EnemyBase.cs") state(2)
Refreshing native plugins compatible for Editor in 17.04 ms, found 3 plugins.
Preloading 0 native plugins for Editor in 0.00 ms.
Unloading 6401 Unused Serialized files (Serialized files now loaded: 0)
Unloading 47 unused Assets / (1.1 MB). Loaded Objects now: 7315.
Memory consumption went from 245.9 MB to 244.8 MB.
Total: 8.819100 ms (FindLiveObjects: 1.553600 ms CreateObjectMapping: 0.930700 ms MarkObjects: 5.869200 ms  DeleteObjects: 0.463500 ms)

Prepare: number of updated asset objects reloaded= 0
AssetImportParameters requested are different than current active one (requested -> active):
  custom:container-demuxer-ogg: 62fdf1f143b41e24485cea50d1cbac27 -> 
  custom:framework-win-MediaFoundation: 216162199b28c13a410421893ffa2e32 -> 
  custom:container-muxer-webm: aa71ff27fc2769a1b78a27578f13a17b -> 
  custom:video-decoder-webm-vp8: 9c59270c3fd7afecdb556c50c9e8de78 -> 
  custom:SearchIndexIgnoredProperties: e643bd26f0fe6173181afceb89e7c659 -> 
  custom:AudioImporter_EditorPlatform: d09bf68614088b80899f8185d706f6e7 -> 
  custom:audio-decoder-ogg-vorbis: bf7c407c2cedff20999df2af8eb42d56 -> 
  custom:audio-encoder-webm-vorbis: bf7c407c2cedff20999df2af8eb42d56 -> 
  custom:video-decoder-ogg-theora: a1e56fd34408186e4bbccfd4996cb3dc -> 
  custom:CustomObjectIndexerAttribute: a3ef5dd2817f97addfee359851a9dba5 -> 
  custom:container-demuxer-webm: 4f35f7cbe854078d1ac9338744f61a02 -> 
  custom:scripting/monoscript/fileName/Enemy.cs: 13cc614454c9ae28caa24456faa3d7cf -> 
  custom:video-encoder-webm-vp8: eb34c28f22e8b96e1ab97ce403110664 -> 
========================================================================
Received Prepare
Begin MonoManager ReloadAssembly
- Loaded All Assemblies, in  0.747 seconds
Refreshing native plugins compatible for Editor in 8.27 ms, found 3 plugins.
Native extension for WindowsStandalone target not found
Native extension for Android target not found
[Package Manager] Server::EnsureServerProcessIsRunning -- launch failed, reason: Unity was launched with the -noUpm command-line argument
[Package Manager] UpmClient::Send -- Unable to send message (not connected to UPM process).
[Package Manager] Cannot connect to Unity Package Manager local server
Mono: successfully reloaded assembly
- Finished resetting the current domain, in  2.104 seconds
Domain Reload Profiling: 2845ms
	BeginReloadAssembly (192ms)
		ExecutionOrderSort (0ms)
		DisableScriptedObjects (9ms)
		BackupInstance (0ms)
		ReleaseScriptingObjects (0ms)
		CreateAndSetChildDomain (53ms)
	RebuildCommonClasses (31ms)
	RebuildNativeTypeToScriptingClass (10ms)
	initialDomainReloadingComplete (41ms)
	LoadAllAssembliesAndSetupDomain (467ms)
		LoadAssemblies (487ms)
		RebuildTransferFunctionScriptingTraits (0ms)
		AnalyzeDomain (64ms)
			TypeCache.Refresh (11ms)
				TypeCache.ScanAssembly (1ms)
			ScanForSourceGeneratedMonoScriptInfo (33ms)
			ResolveRequiredComponents (18ms)
	FinalizeReload (2104ms)
		ReleaseScriptCaches (0ms)
		RebuildScriptCaches (0ms)
		SetupLoadedEditorAssemblies (843ms)
			LogAssemblyErrors (0ms)
			InitializePlatformSupportModulesInManaged (31ms)
			SetLoadedEditorAssemblies (8ms)
			RefreshPlugins (0ms)
			BeforeProcessingInitializeOnLoad (168ms)
			ProcessInitializeOnLoadAttributes (537ms)
			ProcessInitializeOnLoadMethodAttributes (87ms)
			AfterProcessingInitializeOnLoad (13ms)
			EditorAssembliesLoaded (1ms)
		ExecutionOrderSort2 (0ms)
		AwakeInstancesAfterBackupRestoration (28ms)
Refreshing native plugins compatible for Editor in 7.40 ms, found 3 plugins.
Preloading 0 native plugins for Editor in 0.00 ms.
Unloading 6402 Unused Serialized files (Serialized files now loaded: 0)
Unloading 47 unused Assets / (1.1 MB). Loaded Objects now: 7332.
Memory consumption went from 245.9 MB to 244.8 MB.
Total: 9.371300 ms (FindLiveObjects: 1.425600 ms CreateObjectMapping: 1.044700 ms MarkObjects: 6.478500 ms  DeleteObjects: 0.420500 ms)

Prepare: number of updated asset objects reloaded= 0
AssetImportParameters requested are different than current active one (requested -> active):
  custom:container-demuxer-ogg: 62fdf1f143b41e24485cea50d1cbac27 -> 
  custom:framework-win-MediaFoundation: 216162199b28c13a410421893ffa2e32 -> 
  custom:container-muxer-webm: aa71ff27fc2769a1b78a27578f13a17b -> 
  custom:video-decoder-webm-vp8: 9c59270c3fd7afecdb556c50c9e8de78 -> 
  custom:SearchIndexIgnoredProperties: e643bd26f0fe6173181afceb89e7c659 -> 
  custom:AudioImporter_EditorPlatform: d09bf68614088b80899f8185d706f6e7 -> 
  custom:audio-decoder-ogg-vorbis: bf7c407c2cedff20999df2af8eb42d56 -> 
  custom:audio-encoder-webm-vorbis: bf7c407c2cedff20999df2af8eb42d56 -> 
  custom:video-decoder-ogg-theora: a1e56fd34408186e4bbccfd4996cb3dc -> 
  custom:CustomObjectIndexerAttribute: a3ef5dd2817f97addfee359851a9dba5 -> 
  custom:container-demuxer-webm: 4f35f7cbe854078d1ac9338744f61a02 -> 
  custom:scripting/monoscript/fileName/Enemy.cs: 13cc614454c9ae28caa24456faa3d7cf -> 
  custom:video-encoder-webm-vp8: eb34c28f22e8b96e1ab97ce403110664 -> 
========================================================================
Received Prepare
Begin MonoManager ReloadAssembly
- Loaded All Assemblies, in  0.708 seconds
Refreshing native plugins compatible for Editor in 6.99 ms, found 3 plugins.
Native extension for WindowsStandalone target not found
Native extension for Android target not found
[Package Manager] Server::EnsureServerProcessIsRunning -- launch failed, reason: Unity was launched with the -noUpm command-line argument
[Package Manager] UpmClient::Send -- Unable to send message (not connected to UPM process).
[Package Manager] Cannot connect to Unity Package Manager local server
Mono: successfully reloaded assembly
- Finished resetting the current domain, in  2.096 seconds
Domain Reload Profiling: 2800ms
	BeginReloadAssembly (191ms)
		ExecutionOrderSort (0ms)
		DisableScriptedObjects (6ms)
		BackupInstance (0ms)
		ReleaseScriptingObjects (0ms)
		CreateAndSetChildDomain (64ms)
	RebuildCommonClasses (35ms)
	RebuildNativeTypeToScriptingClass (16ms)
	initialDomainReloadingComplete (36ms)
	LoadAllAssembliesAndSetupDomain (424ms)
		LoadAssemblies (452ms)
		RebuildTransferFunctionScriptingTraits (0ms)
		AnalyzeDomain (53ms)
			TypeCache.Refresh (14ms)
				TypeCache.ScanAssembly (2ms)
			ScanForSourceGeneratedMonoScriptInfo (25ms)
			ResolveRequiredComponents (12ms)
	FinalizeReload (2097ms)
		ReleaseScriptCaches (0ms)
		RebuildScriptCaches (0ms)
		SetupLoadedEditorAssemblies (782ms)
			LogAssemblyErrors (0ms)
			InitializePlatformSupportModulesInManaged (27ms)
			SetLoadedEditorAssemblies (8ms)
			RefreshPlugins (0ms)
			BeforeProcessingInitializeOnLoad (186ms)
			ProcessInitializeOnLoadAttributes (476ms)
			ProcessInitializeOnLoadMethodAttributes (78ms)
			AfterProcessingInitializeOnLoad (7ms)
			EditorAssembliesLoaded (0ms)
		ExecutionOrderSort2 (0ms)
		AwakeInstancesAfterBackupRestoration (15ms)
Refreshing native plugins compatible for Editor in 5.44 ms, found 3 plugins.
Preloading 0 native plugins for Editor in 0.00 ms.
Unloading 6402 Unused Serialized files (Serialized files now loaded: 0)
Unloading 47 unused Assets / (1.1 MB). Loaded Objects now: 7348.
Memory consumption went from 245.9 MB to 244.8 MB.
Total: 5.022200 ms (FindLiveObjects: 0.912000 ms CreateObjectMapping: 0.341300 ms MarkObjects: 3.406100 ms  DeleteObjects: 0.361400 ms)

Prepare: number of updated asset objects reloaded= 0
AssetImportParameters requested are different than current active one (requested -> active):
  custom:container-demuxer-ogg: 62fdf1f143b41e24485cea50d1cbac27 -> 
  custom:framework-win-MediaFoundation: 216162199b28c13a410421893ffa2e32 -> 
  custom:container-muxer-webm: aa71ff27fc2769a1b78a27578f13a17b -> 
  custom:video-decoder-webm-vp8: 9c59270c3fd7afecdb556c50c9e8de78 -> 
  custom:SearchIndexIgnoredProperties: e643bd26f0fe6173181afceb89e7c659 -> 
  custom:AudioImporter_EditorPlatform: d09bf68614088b80899f8185d706f6e7 -> 
  custom:audio-decoder-ogg-vorbis: bf7c407c2cedff20999df2af8eb42d56 -> 
  custom:audio-encoder-webm-vorbis: bf7c407c2cedff20999df2af8eb42d56 -> 
  custom:video-decoder-ogg-theora: a1e56fd34408186e4bbccfd4996cb3dc -> 
  custom:CustomObjectIndexerAttribute: a3ef5dd2817f97addfee359851a9dba5 -> 
  custom:container-demuxer-webm: 4f35f7cbe854078d1ac9338744f61a02 -> 
  custom:scripting/monoscript/fileName/Enemy.cs: 13cc614454c9ae28caa24456faa3d7cf -> 
  custom:video-encoder-webm-vp8: eb34c28f22e8b96e1ab97ce403110664 -> 
========================================================================
Received Prepare
Begin MonoManager ReloadAssembly
- Loaded All Assemblies, in  0.609 seconds
Refreshing native plugins compatible for Editor in 5.92 ms, found 3 plugins.
Native extension for WindowsStandalone target not found
Native extension for Android target not found
[Package Manager] Server::EnsureServerProcessIsRunning -- launch failed, reason: Unity was launched with the -noUpm command-line argument
[Package Manager] UpmClient::Send -- Unable to send message (not connected to UPM process).
[Package Manager] Cannot connect to Unity Package Manager local server
Mono: successfully reloaded assembly
- Finished resetting the current domain, in  1.603 seconds
Domain Reload Profiling: 2208ms
	BeginReloadAssembly (160ms)
		ExecutionOrderSort (0ms)
		DisableScriptedObjects (5ms)
		BackupInstance (0ms)
		ReleaseScriptingObjects (0ms)
		CreateAndSetChildDomain (43ms)
	RebuildCommonClasses (28ms)
	RebuildNativeTypeToScriptingClass (10ms)
	initialDomainReloadingComplete (39ms)
	LoadAllAssembliesAndSetupDomain (368ms)
		LoadAssemblies (394ms)
		RebuildTransferFunctionScriptingTraits (0ms)
		AnalyzeDomain (49ms)
			TypeCache.Refresh (10ms)
				TypeCache.ScanAssembly (1ms)
			ScanForSourceGeneratedMonoScriptInfo (24ms)
			ResolveRequiredComponents (13ms)
	FinalizeReload (1604ms)
		ReleaseScriptCaches (0ms)
		RebuildScriptCaches (0ms)
		SetupLoadedEditorAssemblies (591ms)
			LogAssemblyErrors (0ms)
			InitializePlatformSupportModulesInManaged (25ms)
			SetLoadedEditorAssemblies (4ms)
			RefreshPlugins (0ms)
			BeforeProcessingInitializeOnLoad (140ms)
			ProcessInitializeOnLoadAttributes (346ms)
			ProcessInitializeOnLoadMethodAttributes (68ms)
			AfterProcessingInitializeOnLoad (7ms)
			EditorAssembliesLoaded (0ms)
		ExecutionOrderSort2 (0ms)
		AwakeInstancesAfterBackupRestoration (15ms)
Refreshing native plugins compatible for Editor in 5.66 ms, found 3 plugins.
Preloading 0 native plugins for Editor in 0.00 ms.
Unloading 6402 Unused Serialized files (Serialized files now loaded: 0)
Unloading 47 unused Assets / (1.1 MB). Loaded Objects now: 7364.
Memory consumption went from 246.0 MB to 244.8 MB.
Total: 4.493200 ms (FindLiveObjects: 0.726700 ms CreateObjectMapping: 0.255800 ms MarkObjects: 3.194000 ms  DeleteObjects: 0.315000 ms)

Prepare: number of updated asset objects reloaded= 0
AssetImportParameters requested are different than current active one (requested -> active):
  custom:container-demuxer-ogg: 62fdf1f143b41e24485cea50d1cbac27 -> 
  custom:framework-win-MediaFoundation: 216162199b28c13a410421893ffa2e32 -> 
  custom:container-muxer-webm: aa71ff27fc2769a1b78a27578f13a17b -> 
  custom:video-decoder-webm-vp8: 9c59270c3fd7afecdb556c50c9e8de78 -> 
  custom:SearchIndexIgnoredProperties: e643bd26f0fe6173181afceb89e7c659 -> 
  custom:AudioImporter_EditorPlatform: d09bf68614088b80899f8185d706f6e7 -> 
  custom:audio-decoder-ogg-vorbis: bf7c407c2cedff20999df2af8eb42d56 -> 
  custom:audio-encoder-webm-vorbis: bf7c407c2cedff20999df2af8eb42d56 -> 
  custom:video-decoder-ogg-theora: a1e56fd34408186e4bbccfd4996cb3dc -> 
  custom:CustomObjectIndexerAttribute: a3ef5dd2817f97addfee359851a9dba5 -> 
  custom:container-demuxer-webm: 4f35f7cbe854078d1ac9338744f61a02 -> 
  custom:scripting/monoscript/fileName/Enemy.cs: 13cc614454c9ae28caa24456faa3d7cf -> 
  custom:video-encoder-webm-vp8: eb34c28f22e8b96e1ab97ce403110664 -> 
========================================================================
Received Prepare
Begin MonoManager ReloadAssembly
- Loaded All Assemblies, in  0.562 seconds
Refreshing native plugins compatible for Editor in 5.34 ms, found 3 plugins.
Native extension for WindowsStandalone target not found
Native extension for Android target not found
[Package Manager] Server::EnsureServerProcessIsRunning -- launch failed, reason: Unity was launched with the -noUpm command-line argument
[Package Manager] UpmClient::Send -- Unable to send message (not connected to UPM process).
[Package Manager] Cannot connect to Unity Package Manager local server
Mono: successfully reloaded assembly
- Finished resetting the current domain, in  1.632 seconds
Domain Reload Profiling: 2190ms
	BeginReloadAssembly (160ms)
		ExecutionOrderSort (0ms)
		DisableScriptedObjects (6ms)
		BackupInstance (0ms)
		ReleaseScriptingObjects (0ms)
		CreateAndSetChildDomain (44ms)
	RebuildCommonClasses (27ms)
	RebuildNativeTypeToScriptingClass (9ms)
	initialDomainReloadingComplete (31ms)
	LoadAllAssembliesAndSetupDomain (329ms)
		LoadAssemblies (381ms)
		RebuildTransferFunctionScriptingTraits (0ms)
		AnalyzeDomain (21ms)
			TypeCache.Refresh (7ms)
				TypeCache.ScanAssembly (0ms)
			ScanForSourceGeneratedMonoScriptInfo (0ms)
			ResolveRequiredComponents (12ms)
	FinalizeReload (1633ms)
		ReleaseScriptCaches (0ms)
		RebuildScriptCaches (0ms)
		SetupLoadedEditorAssemblies (613ms)
			LogAssemblyErrors (0ms)
			InitializePlatformSupportModulesInManaged (24ms)
			SetLoadedEditorAssemblies (4ms)
			RefreshPlugins (0ms)
			BeforeProcessingInitializeOnLoad (143ms)
			ProcessInitializeOnLoadAttributes (364ms)
			ProcessInitializeOnLoadMethodAttributes (68ms)
			AfterProcessingInitializeOnLoad (9ms)
			EditorAssembliesLoaded (0ms)
		ExecutionOrderSort2 (0ms)
		AwakeInstancesAfterBackupRestoration (15ms)
Refreshing native plugins compatible for Editor in 5.58 ms, found 3 plugins.
Preloading 0 native plugins for Editor in 0.00 ms.
Unloading 6402 Unused Serialized files (Serialized files now loaded: 0)
Unloading 47 unused Assets / (1.1 MB). Loaded Objects now: 7380.
Memory consumption went from 246.0 MB to 244.8 MB.
Total: 4.215700 ms (FindLiveObjects: 0.576700 ms CreateObjectMapping: 0.288400 ms MarkObjects: 3.044300 ms  DeleteObjects: 0.305200 ms)

Prepare: number of updated asset objects reloaded= 0
AssetImportParameters requested are different than current active one (requested -> active):
  custom:container-demuxer-ogg: 62fdf1f143b41e24485cea50d1cbac27 -> 
  custom:framework-win-MediaFoundation: 216162199b28c13a410421893ffa2e32 -> 
  custom:container-muxer-webm: aa71ff27fc2769a1b78a27578f13a17b -> 
  custom:video-decoder-webm-vp8: 9c59270c3fd7afecdb556c50c9e8de78 -> 
  custom:SearchIndexIgnoredProperties: e643bd26f0fe6173181afceb89e7c659 -> 
  custom:AudioImporter_EditorPlatform: d09bf68614088b80899f8185d706f6e7 -> 
  custom:audio-decoder-ogg-vorbis: bf7c407c2cedff20999df2af8eb42d56 -> 
  custom:audio-encoder-webm-vorbis: bf7c407c2cedff20999df2af8eb42d56 -> 
  custom:video-decoder-ogg-theora: a1e56fd34408186e4bbccfd4996cb3dc -> 
  custom:CustomObjectIndexerAttribute: a3ef5dd2817f97addfee359851a9dba5 -> 
  custom:container-demuxer-webm: 4f35f7cbe854078d1ac9338744f61a02 -> 
  custom:scripting/monoscript/fileName/Enemy.cs: 13cc614454c9ae28caa24456faa3d7cf -> 
  custom:video-encoder-webm-vp8: eb34c28f22e8b96e1ab97ce403110664 -> 
========================================================================
Received Prepare
Begin MonoManager ReloadAssembly
- Loaded All Assemblies, in  0.760 seconds
Refreshing native plugins compatible for Editor in 6.38 ms, found 3 plugins.
Native extension for WindowsStandalone target not found
Native extension for Android target not found
[Package Manager] Server::EnsureServerProcessIsRunning -- launch failed, reason: Unity was launched with the -noUpm command-line argument
[Package Manager] UpmClient::Send -- Unable to send message (not connected to UPM process).
[Package Manager] Cannot connect to Unity Package Manager local server
Mono: successfully reloaded assembly
- Finished resetting the current domain, in  1.916 seconds
Domain Reload Profiling: 2670ms
	BeginReloadAssembly (205ms)
		ExecutionOrderSort (0ms)
		DisableScriptedObjects (9ms)
		BackupInstance (0ms)
		ReleaseScriptingObjects (0ms)
		CreateAndSetChildDomain (59ms)
	RebuildCommonClasses (60ms)
	RebuildNativeTypeToScriptingClass (10ms)
	initialDomainReloadingComplete (37ms)
	LoadAllAssembliesAndSetupDomain (442ms)
		LoadAssemblies (474ms)
		RebuildTransferFunctionScriptingTraits (0ms)
		AnalyzeDomain (63ms)
			TypeCache.Refresh (15ms)
				TypeCache.ScanAssembly (2ms)
			ScanForSourceGeneratedMonoScriptInfo (31ms)
			ResolveRequiredComponents (13ms)
	FinalizeReload (1917ms)
		ReleaseScriptCaches (0ms)
		RebuildScriptCaches (0ms)
		SetupLoadedEditorAssemblies (759ms)
			LogAssemblyErrors (0ms)
			InitializePlatformSupportModulesInManaged (35ms)
			SetLoadedEditorAssemblies (8ms)
			RefreshPlugins (0ms)
			BeforeProcessingInitializeOnLoad (179ms)
			ProcessInitializeOnLoadAttributes (450ms)
			ProcessInitializeOnLoadMethodAttributes (79ms)
			AfterProcessingInitializeOnLoad (8ms)
			EditorAssembliesLoaded (0ms)
		ExecutionOrderSort2 (0ms)
		AwakeInstancesAfterBackupRestoration (15ms)
Refreshing native plugins compatible for Editor in 8.19 ms, found 3 plugins.
Preloading 0 native plugins for Editor in 0.00 ms.
Unloading 6402 Unused Serialized files (Serialized files now loaded: 0)
Unloading 47 unused Assets / (1.1 MB). Loaded Objects now: 7396.
Memory consumption went from 246.0 MB to 244.8 MB.
Total: 6.481400 ms (FindLiveObjects: 1.592200 ms CreateObjectMapping: 0.326000 ms MarkObjects: 4.265100 ms  DeleteObjects: 0.295200 ms)

Prepare: number of updated asset objects reloaded= 0
AssetImportParameters requested are different than current active one (requested -> active):
  custom:container-demuxer-ogg: 62fdf1f143b41e24485cea50d1cbac27 -> 
  custom:framework-win-MediaFoundation: 216162199b28c13a410421893ffa2e32 -> 
  custom:container-muxer-webm: aa71ff27fc2769a1b78a27578f13a17b -> 
  custom:video-decoder-webm-vp8: 9c59270c3fd7afecdb556c50c9e8de78 -> 
  custom:SearchIndexIgnoredProperties: e643bd26f0fe6173181afceb89e7c659 -> 
  custom:AudioImporter_EditorPlatform: d09bf68614088b80899f8185d706f6e7 -> 
  custom:audio-decoder-ogg-vorbis: bf7c407c2cedff20999df2af8eb42d56 -> 
  custom:audio-encoder-webm-vorbis: bf7c407c2cedff20999df2af8eb42d56 -> 
  custom:video-decoder-ogg-theora: a1e56fd34408186e4bbccfd4996cb3dc -> 
  custom:CustomObjectIndexerAttribute: a3ef5dd2817f97addfee359851a9dba5 -> 
  custom:container-demuxer-webm: 4f35f7cbe854078d1ac9338744f61a02 -> 
  custom:scripting/monoscript/fileName/Enemy.cs: 13cc614454c9ae28caa24456faa3d7cf -> 
  custom:video-encoder-webm-vp8: eb34c28f22e8b96e1ab97ce403110664 -> 
========================================================================
Received Prepare
Begin MonoManager ReloadAssembly
- Loaded All Assemblies, in  0.608 seconds
Refreshing native plugins compatible for Editor in 5.29 ms, found 3 plugins.
Native extension for WindowsStandalone target not found
Native extension for Android target not found
[Package Manager] Server::EnsureServerProcessIsRunning -- launch failed, reason: Unity was launched with the -noUpm command-line argument
[Package Manager] UpmClient::Send -- Unable to send message (not connected to UPM process).
[Package Manager] Cannot connect to Unity Package Manager local server
Mono: successfully reloaded assembly
- Finished resetting the current domain, in  1.637 seconds
Domain Reload Profiling: 2240ms
	BeginReloadAssembly (174ms)
		ExecutionOrderSort (0ms)
		DisableScriptedObjects (6ms)
		BackupInstance (0ms)
		ReleaseScriptingObjects (0ms)
		CreateAndSetChildDomain (46ms)
	RebuildCommonClasses (28ms)
	RebuildNativeTypeToScriptingClass (9ms)
	initialDomainReloadingComplete (31ms)
	LoadAllAssembliesAndSetupDomain (361ms)
		LoadAssemblies (397ms)
		RebuildTransferFunctionScriptingTraits (0ms)
		AnalyzeDomain (48ms)
			TypeCache.Refresh (11ms)
				TypeCache.ScanAssembly (1ms)
			ScanForSourceGeneratedMonoScriptInfo (25ms)
			ResolveRequiredComponents (11ms)
	FinalizeReload (1637ms)
		ReleaseScriptCaches (0ms)
		RebuildScriptCaches (0ms)
		SetupLoadedEditorAssemblies (606ms)
			LogAssemblyErrors (0ms)
			InitializePlatformSupportModulesInManaged (30ms)
			SetLoadedEditorAssemblies (6ms)
			RefreshPlugins (0ms)
			BeforeProcessingInitializeOnLoad (143ms)
			ProcessInitializeOnLoadAttributes (348ms)
			ProcessInitializeOnLoadMethodAttributes (72ms)
			AfterProcessingInitializeOnLoad (8ms)
			EditorAssembliesLoaded (0ms)
		ExecutionOrderSort2 (0ms)
		AwakeInstancesAfterBackupRestoration (22ms)
Refreshing native plugins compatible for Editor in 5.19 ms, found 3 plugins.
Preloading 0 native plugins for Editor in 0.00 ms.
Unloading 6402 Unused Serialized files (Serialized files now loaded: 0)
Unloading 47 unused Assets / (1.1 MB). Loaded Objects now: 7412.
Memory consumption went from 246.0 MB to 244.9 MB.
Total: 4.406300 ms (FindLiveObjects: 0.608900 ms CreateObjectMapping: 0.201700 ms MarkObjects: 3.216000 ms  DeleteObjects: 0.378200 ms)

Prepare: number of updated asset objects reloaded= 0
AssetImportParameters requested are different than current active one (requested -> active):
  custom:container-demuxer-ogg: 62fdf1f143b41e24485cea50d1cbac27 -> 
  custom:framework-win-MediaFoundation: 216162199b28c13a410421893ffa2e32 -> 
  custom:container-muxer-webm: aa71ff27fc2769a1b78a27578f13a17b -> 
  custom:video-decoder-webm-vp8: 9c59270c3fd7afecdb556c50c9e8de78 -> 
  custom:SearchIndexIgnoredProperties: e643bd26f0fe6173181afceb89e7c659 -> 
  custom:AudioImporter_EditorPlatform: d09bf68614088b80899f8185d706f6e7 -> 
  custom:audio-decoder-ogg-vorbis: bf7c407c2cedff20999df2af8eb42d56 -> 
  custom:audio-encoder-webm-vorbis: bf7c407c2cedff20999df2af8eb42d56 -> 
  custom:video-decoder-ogg-theora: a1e56fd34408186e4bbccfd4996cb3dc -> 
  custom:CustomObjectIndexerAttribute: a3ef5dd2817f97addfee359851a9dba5 -> 
  custom:container-demuxer-webm: 4f35f7cbe854078d1ac9338744f61a02 -> 
  custom:scripting/monoscript/fileName/Enemy.cs: 13cc614454c9ae28caa24456faa3d7cf -> 
  custom:video-encoder-webm-vp8: eb34c28f22e8b96e1ab97ce403110664 -> 
========================================================================
Received Prepare
Begin MonoManager ReloadAssembly
- Loaded All Assemblies, in  0.559 seconds
Refreshing native plugins compatible for Editor in 5.23 ms, found 3 plugins.
Native extension for WindowsStandalone target not found
Native extension for Android target not found
[Package Manager] Server::EnsureServerProcessIsRunning -- launch failed, reason: Unity was launched with the -noUpm command-line argument
[Package Manager] UpmClient::Send -- Unable to send message (not connected to UPM process).
[Package Manager] Cannot connect to Unity Package Manager local server
Mono: successfully reloaded assembly
- Finished resetting the current domain, in  1.635 seconds
Domain Reload Profiling: 2190ms
	BeginReloadAssembly (155ms)
		ExecutionOrderSort (0ms)
		DisableScriptedObjects (6ms)
		BackupInstance (0ms)
		ReleaseScriptingObjects (0ms)
		CreateAndSetChildDomain (38ms)
	RebuildCommonClasses (28ms)
	RebuildNativeTypeToScriptingClass (10ms)
	initialDomainReloadingComplete (31ms)
	LoadAllAssembliesAndSetupDomain (330ms)
		LoadAssemblies (386ms)
		RebuildTransferFunctionScriptingTraits (0ms)
		AnalyzeDomain (20ms)
			TypeCache.Refresh (6ms)
				TypeCache.ScanAssembly (0ms)
			ScanForSourceGeneratedMonoScriptInfo (0ms)
			ResolveRequiredComponents (12ms)
	FinalizeReload (1636ms)
		ReleaseScriptCaches (0ms)
		RebuildScriptCaches (0ms)
		SetupLoadedEditorAssemblies (604ms)
			LogAssemblyErrors (0ms)
			InitializePlatformSupportModulesInManaged (23ms)
			SetLoadedEditorAssemblies (4ms)
			RefreshPlugins (0ms)
			BeforeProcessingInitializeOnLoad (143ms)
			ProcessInitializeOnLoadAttributes (355ms)
			ProcessInitializeOnLoadMethodAttributes (71ms)
			AfterProcessingInitializeOnLoad (8ms)
			EditorAssembliesLoaded (0ms)
		ExecutionOrderSort2 (0ms)
		AwakeInstancesAfterBackupRestoration (19ms)
Refreshing native plugins compatible for Editor in 5.55 ms, found 3 plugins.
Preloading 0 native plugins for Editor in 0.00 ms.
Unloading 6402 Unused Serialized files (Serialized files now loaded: 0)
Unloading 47 unused Assets / (1.1 MB). Loaded Objects now: 7428.
Memory consumption went from 246.0 MB to 244.9 MB.
Total: 5.568800 ms (FindLiveObjects: 0.847000 ms CreateObjectMapping: 0.501100 ms MarkObjects: 3.798200 ms  DeleteObjects: 0.421300 ms)

Prepare: number of updated asset objects reloaded= 0
AssetImportParameters requested are different than current active one (requested -> active):
  custom:container-demuxer-ogg: 62fdf1f143b41e24485cea50d1cbac27 -> 
  custom:framework-win-MediaFoundation: 216162199b28c13a410421893ffa2e32 -> 
  custom:container-muxer-webm: aa71ff27fc2769a1b78a27578f13a17b -> 
  custom:video-decoder-webm-vp8: 9c59270c3fd7afecdb556c50c9e8de78 -> 
  custom:SearchIndexIgnoredProperties: e643bd26f0fe6173181afceb89e7c659 -> 
  custom:AudioImporter_EditorPlatform: d09bf68614088b80899f8185d706f6e7 -> 
  custom:audio-decoder-ogg-vorbis: bf7c407c2cedff20999df2af8eb42d56 -> 
  custom:audio-encoder-webm-vorbis: bf7c407c2cedff20999df2af8eb42d56 -> 
  custom:video-decoder-ogg-theora: a1e56fd34408186e4bbccfd4996cb3dc -> 
  custom:CustomObjectIndexerAttribute: a3ef5dd2817f97addfee359851a9dba5 -> 
  custom:container-demuxer-webm: 4f35f7cbe854078d1ac9338744f61a02 -> 
  custom:scripting/monoscript/fileName/Enemy.cs: 13cc614454c9ae28caa24456faa3d7cf -> 
  custom:video-encoder-webm-vp8: eb34c28f22e8b96e1ab97ce403110664 -> 
========================================================================
Received Prepare
Begin MonoManager ReloadAssembly
- Loaded All Assemblies, in  0.719 seconds
Refreshing native plugins compatible for Editor in 8.20 ms, found 3 plugins.
Native extension for WindowsStandalone target not found
Native extension for Android target not found
[Package Manager] Server::EnsureServerProcessIsRunning -- launch failed, reason: Unity was launched with the -noUpm command-line argument
[Package Manager] UpmClient::Send -- Unable to send message (not connected to UPM process).
[Package Manager] Cannot connect to Unity Package Manager local server
Mono: successfully reloaded assembly
- Finished resetting the current domain, in  2.042 seconds
Domain Reload Profiling: 2756ms
	BeginReloadAssembly (180ms)
		ExecutionOrderSort (0ms)
		DisableScriptedObjects (6ms)
		BackupInstance (0ms)
		ReleaseScriptingObjects (0ms)
		CreateAndSetChildDomain (43ms)
	RebuildCommonClasses (31ms)
	RebuildNativeTypeToScriptingClass (10ms)
	initialDomainReloadingComplete (40ms)
	LoadAllAssembliesAndSetupDomain (452ms)
		LoadAssemblies (485ms)
		RebuildTransferFunctionScriptingTraits (0ms)
		AnalyzeDomain (60ms)
			TypeCache.Refresh (15ms)
				TypeCache.ScanAssembly (2ms)
			ScanForSourceGeneratedMonoScriptInfo (29ms)
			ResolveRequiredComponents (14ms)
	FinalizeReload (2042ms)
		ReleaseScriptCaches (0ms)
		RebuildScriptCaches (0ms)
		SetupLoadedEditorAssemblies (798ms)
			LogAssemblyErrors (0ms)
			InitializePlatformSupportModulesInManaged (36ms)
			SetLoadedEditorAssemblies (5ms)
			RefreshPlugins (0ms)
			BeforeProcessingInitializeOnLoad (163ms)
			ProcessInitializeOnLoadAttributes (471ms)
			ProcessInitializeOnLoadMethodAttributes (108ms)
			AfterProcessingInitializeOnLoad (14ms)
			EditorAssembliesLoaded (0ms)
		ExecutionOrderSort2 (0ms)
		AwakeInstancesAfterBackupRestoration (26ms)
Refreshing native plugins compatible for Editor in 7.33 ms, found 3 plugins.
Preloading 0 native plugins for Editor in 0.00 ms.
Unloading 6402 Unused Serialized files (Serialized files now loaded: 0)
Unloading 47 unused Assets / (1.1 MB). Loaded Objects now: 7444.
Memory consumption went from 246.0 MB to 244.9 MB.
Total: 4.693100 ms (FindLiveObjects: 0.742800 ms CreateObjectMapping: 0.293000 ms MarkObjects: 3.372800 ms  DeleteObjects: 0.282900 ms)

Prepare: number of updated asset objects reloaded= 0
AssetImportParameters requested are different than current active one (requested -> active):
  custom:container-demuxer-ogg: 62fdf1f143b41e24485cea50d1cbac27 -> 
  custom:framework-win-MediaFoundation: 216162199b28c13a410421893ffa2e32 -> 
  custom:container-muxer-webm: aa71ff27fc2769a1b78a27578f13a17b -> 
  custom:video-decoder-webm-vp8: 9c59270c3fd7afecdb556c50c9e8de78 -> 
  custom:SearchIndexIgnoredProperties: e643bd26f0fe6173181afceb89e7c659 -> 
  custom:AudioImporter_EditorPlatform: d09bf68614088b80899f8185d706f6e7 -> 
  custom:audio-decoder-ogg-vorbis: bf7c407c2cedff20999df2af8eb42d56 -> 
  custom:audio-encoder-webm-vorbis: bf7c407c2cedff20999df2af8eb42d56 -> 
  custom:video-decoder-ogg-theora: a1e56fd34408186e4bbccfd4996cb3dc -> 
  custom:CustomObjectIndexerAttribute: a3ef5dd2817f97addfee359851a9dba5 -> 
  custom:container-demuxer-webm: 4f35f7cbe854078d1ac9338744f61a02 -> 
  custom:scripting/monoscript/fileName/Enemy.cs: 13cc614454c9ae28caa24456faa3d7cf -> 
  custom:video-encoder-webm-vp8: eb34c28f22e8b96e1ab97ce403110664 -> 
========================================================================
Received Prepare
Begin MonoManager ReloadAssembly
- Loaded All Assemblies, in  0.915 seconds
Refreshing native plugins compatible for Editor in 5.82 ms, found 3 plugins.
Native extension for WindowsStandalone target not found
Native extension for Android target not found
[Package Manager] Server::EnsureServerProcessIsRunning -- launch failed, reason: Unity was launched with the -noUpm command-line argument
[Package Manager] UpmClient::Send -- Unable to send message (not connected to UPM process).
[Package Manager] Cannot connect to Unity Package Manager local server
Mono: successfully reloaded assembly
- Finished resetting the current domain, in  1.763 seconds
Domain Reload Profiling: 2669ms
	BeginReloadAssembly (270ms)
		ExecutionOrderSort (0ms)
		DisableScriptedObjects (6ms)
		BackupInstance (0ms)
		ReleaseScriptingObjects (0ms)
		CreateAndSetChildDomain (51ms)
	RebuildCommonClasses (42ms)
	RebuildNativeTypeToScriptingClass (13ms)
	initialDomainReloadingComplete (43ms)
	LoadAllAssembliesAndSetupDomain (538ms)
		LoadAssemblies (650ms)
		RebuildTransferFunctionScriptingTraits (0ms)
		AnalyzeDomain (61ms)
			TypeCache.Refresh (17ms)
				TypeCache.ScanAssembly (3ms)
			ScanForSourceGeneratedMonoScriptInfo (29ms)
			ResolveRequiredComponents (13ms)
	FinalizeReload (1764ms)
		ReleaseScriptCaches (0ms)
		RebuildScriptCaches (0ms)
		SetupLoadedEditorAssemblies (675ms)
			LogAssemblyErrors (0ms)
			InitializePlatformSupportModulesInManaged (27ms)
			SetLoadedEditorAssemblies (4ms)
			RefreshPlugins (0ms)
			BeforeProcessingInitializeOnLoad (160ms)
			ProcessInitializeOnLoadAttributes (401ms)
			ProcessInitializeOnLoadMethodAttributes (72ms)
			AfterProcessingInitializeOnLoad (11ms)
			EditorAssembliesLoaded (0ms)
		ExecutionOrderSort2 (0ms)
		AwakeInstancesAfterBackupRestoration (16ms)
Script is not up to date after domain reload: guid(8b514cff5a7fdab43b822a6c50707649) path("Assets/Scripts/Enemy/EnemyBase.cs") state(2)
Refreshing native plugins compatible for Editor in 6.58 ms, found 3 plugins.
Preloading 0 native plugins for Editor in 0.00 ms.
Unloading 6401 Unused Serialized files (Serialized files now loaded: 0)
Unloading 47 unused Assets / (1.1 MB). Loaded Objects now: 7459.
Memory consumption went from 246.0 MB to 244.9 MB.
Total: 4.758100 ms (FindLiveObjects: 0.537600 ms CreateObjectMapping: 0.197700 ms MarkObjects: 3.552100 ms  DeleteObjects: 0.469600 ms)

Prepare: number of updated asset objects reloaded= 0
AssetImportParameters requested are different than current active one (requested -> active):
  custom:container-demuxer-ogg: 62fdf1f143b41e24485cea50d1cbac27 -> 
  custom:framework-win-MediaFoundation: 216162199b28c13a410421893ffa2e32 -> 
  custom:container-muxer-webm: aa71ff27fc2769a1b78a27578f13a17b -> 
  custom:video-decoder-webm-vp8: 9c59270c3fd7afecdb556c50c9e8de78 -> 
  custom:SearchIndexIgnoredProperties: e643bd26f0fe6173181afceb89e7c659 -> 
  custom:AudioImporter_EditorPlatform: d09bf68614088b80899f8185d706f6e7 -> 
  custom:audio-decoder-ogg-vorbis: bf7c407c2cedff20999df2af8eb42d56 -> 
  custom:audio-encoder-webm-vorbis: bf7c407c2cedff20999df2af8eb42d56 -> 
  custom:video-decoder-ogg-theora: a1e56fd34408186e4bbccfd4996cb3dc -> 
  custom:CustomObjectIndexerAttribute: a3ef5dd2817f97addfee359851a9dba5 -> 
  custom:container-demuxer-webm: 4f35f7cbe854078d1ac9338744f61a02 -> 
  custom:scripting/monoscript/fileName/Enemy.cs: 13cc614454c9ae28caa24456faa3d7cf -> 
  custom:video-encoder-webm-vp8: eb34c28f22e8b96e1ab97ce403110664 -> 
========================================================================
Received Prepare
Begin MonoManager ReloadAssembly
- Loaded All Assemblies, in  0.598 seconds
Refreshing native plugins compatible for Editor in 4.93 ms, found 3 plugins.
Native extension for WindowsStandalone target not found
Native extension for Android target not found
[Package Manager] Server::EnsureServerProcessIsRunning -- launch failed, reason: Unity was launched with the -noUpm command-line argument
[Package Manager] UpmClient::Send -- Unable to send message (not connected to UPM process).
[Package Manager] Cannot connect to Unity Package Manager local server
Mono: successfully reloaded assembly
- Finished resetting the current domain, in  1.642 seconds
Domain Reload Profiling: 2235ms
	BeginReloadAssembly (169ms)
		ExecutionOrderSort (0ms)
		DisableScriptedObjects (5ms)
		BackupInstance (0ms)
		ReleaseScriptingObjects (0ms)
		CreateAndSetChildDomain (48ms)
	RebuildCommonClasses (28ms)
	RebuildNativeTypeToScriptingClass (10ms)
	initialDomainReloadingComplete (32ms)
	LoadAllAssembliesAndSetupDomain (355ms)
		LoadAssemblies (381ms)
		RebuildTransferFunctionScriptingTraits (0ms)
		AnalyzeDomain (52ms)
			TypeCache.Refresh (10ms)
				TypeCache.ScanAssembly (1ms)
			ScanForSourceGeneratedMonoScriptInfo (28ms)
			ResolveRequiredComponents (12ms)
	FinalizeReload (1642ms)
		ReleaseScriptCaches (0ms)
		RebuildScriptCaches (0ms)
		SetupLoadedEditorAssemblies (622ms)
			LogAssemblyErrors (0ms)
			InitializePlatformSupportModulesInManaged (24ms)
			SetLoadedEditorAssemblies (5ms)
			RefreshPlugins (0ms)
			BeforeProcessingInitializeOnLoad (140ms)
			ProcessInitializeOnLoadAttributes (372ms)
			ProcessInitializeOnLoadMethodAttributes (72ms)
			AfterProcessingInitializeOnLoad (8ms)
			EditorAssembliesLoaded (0ms)
		ExecutionOrderSort2 (0ms)
		AwakeInstancesAfterBackupRestoration (17ms)
Refreshing native plugins compatible for Editor in 4.85 ms, found 3 plugins.
Preloading 0 native plugins for Editor in 0.00 ms.
Unloading 6402 Unused Serialized files (Serialized files now loaded: 0)
Unloading 47 unused Assets / (1.1 MB). Loaded Objects now: 7476.
Memory consumption went from 246.0 MB to 244.9 MB.
Total: 3.987000 ms (FindLiveObjects: 0.526200 ms CreateObjectMapping: 0.204200 ms MarkObjects: 3.009900 ms  DeleteObjects: 0.245100 ms)

Prepare: number of updated asset objects reloaded= 0
AssetImportParameters requested are different than current active one (requested -> active):
  custom:container-demuxer-ogg: 62fdf1f143b41e24485cea50d1cbac27 -> 
  custom:framework-win-MediaFoundation: 216162199b28c13a410421893ffa2e32 -> 
  custom:container-muxer-webm: aa71ff27fc2769a1b78a27578f13a17b -> 
  custom:video-decoder-webm-vp8: 9c59270c3fd7afecdb556c50c9e8de78 -> 
  custom:SearchIndexIgnoredProperties: e643bd26f0fe6173181afceb89e7c659 -> 
  custom:AudioImporter_EditorPlatform: d09bf68614088b80899f8185d706f6e7 -> 
  custom:audio-decoder-ogg-vorbis: bf7c407c2cedff20999df2af8eb42d56 -> 
  custom:audio-encoder-webm-vorbis: bf7c407c2cedff20999df2af8eb42d56 -> 
  custom:video-decoder-ogg-theora: a1e56fd34408186e4bbccfd4996cb3dc -> 
  custom:CustomObjectIndexerAttribute: a3ef5dd2817f97addfee359851a9dba5 -> 
  custom:container-demuxer-webm: 4f35f7cbe854078d1ac9338744f61a02 -> 
  custom:scripting/monoscript/fileName/Enemy.cs: 13cc614454c9ae28caa24456faa3d7cf -> 
  custom:video-encoder-webm-vp8: eb34c28f22e8b96e1ab97ce403110664 -> 
========================================================================
Received Prepare
Begin MonoManager ReloadAssembly
- Loaded All Assemblies, in  0.559 seconds
Refreshing native plugins compatible for Editor in 4.84 ms, found 3 plugins.
Native extension for WindowsStandalone target not found
Native extension for Android target not found
[Package Manager] Server::EnsureServerProcessIsRunning -- launch failed, reason: Unity was launched with the -noUpm command-line argument
[Package Manager] UpmClient::Send -- Unable to send message (not connected to UPM process).
[Package Manager] Cannot connect to Unity Package Manager local server
Mono: successfully reloaded assembly
- Finished resetting the current domain, in  1.639 seconds
Domain Reload Profiling: 2194ms
	BeginReloadAssembly (158ms)
		ExecutionOrderSort (0ms)
		DisableScriptedObjects (6ms)
		BackupInstance (0ms)
		ReleaseScriptingObjects (0ms)
		CreateAndSetChildDomain (39ms)
	RebuildCommonClasses (27ms)
	RebuildNativeTypeToScriptingClass (9ms)
	initialDomainReloadingComplete (31ms)
	LoadAllAssembliesAndSetupDomain (330ms)
		LoadAssemblies (386ms)
		RebuildTransferFunctionScriptingTraits (0ms)
		AnalyzeDomain (20ms)
			TypeCache.Refresh (6ms)
				TypeCache.ScanAssembly (0ms)
			ScanForSourceGeneratedMonoScriptInfo (0ms)
			ResolveRequiredComponents (12ms)
	FinalizeReload (1640ms)
		ReleaseScriptCaches (0ms)
		RebuildScriptCaches (0ms)
		SetupLoadedEditorAssemblies (611ms)
			LogAssemblyErrors (0ms)
			InitializePlatformSupportModulesInManaged (24ms)
			SetLoadedEditorAssemblies (4ms)
			RefreshPlugins (0ms)
			BeforeProcessingInitializeOnLoad (143ms)
			ProcessInitializeOnLoadAttributes (362ms)
			ProcessInitializeOnLoadMethodAttributes (69ms)
			AfterProcessingInitializeOnLoad (8ms)
			EditorAssembliesLoaded (0ms)
		ExecutionOrderSort2 (0ms)
		AwakeInstancesAfterBackupRestoration (17ms)
Refreshing native plugins compatible for Editor in 6.23 ms, found 3 plugins.
Preloading 0 native plugins for Editor in 0.00 ms.
Unloading 6402 Unused Serialized files (Serialized files now loaded: 0)
Unloading 47 unused Assets / (1.1 MB). Loaded Objects now: 7492.
Memory consumption went from 246.0 MB to 244.9 MB.
Total: 4.468900 ms (FindLiveObjects: 0.544300 ms CreateObjectMapping: 0.193300 ms MarkObjects: 3.491800 ms  DeleteObjects: 0.238500 ms)

Prepare: number of updated asset objects reloaded= 0
AssetImportParameters requested are different than current active one (requested -> active):
  custom:container-demuxer-ogg: 62fdf1f143b41e24485cea50d1cbac27 -> 
  custom:framework-win-MediaFoundation: 216162199b28c13a410421893ffa2e32 -> 
  custom:container-muxer-webm: aa71ff27fc2769a1b78a27578f13a17b -> 
  custom:video-decoder-webm-vp8: 9c59270c3fd7afecdb556c50c9e8de78 -> 
  custom:SearchIndexIgnoredProperties: e643bd26f0fe6173181afceb89e7c659 -> 
  custom:AudioImporter_EditorPlatform: d09bf68614088b80899f8185d706f6e7 -> 
  custom:audio-decoder-ogg-vorbis: bf7c407c2cedff20999df2af8eb42d56 -> 
  custom:audio-encoder-webm-vorbis: bf7c407c2cedff20999df2af8eb42d56 -> 
  custom:video-decoder-ogg-theora: a1e56fd34408186e4bbccfd4996cb3dc -> 
  custom:CustomObjectIndexerAttribute: a3ef5dd2817f97addfee359851a9dba5 -> 
  custom:container-demuxer-webm: 4f35f7cbe854078d1ac9338744f61a02 -> 
  custom:scripting/monoscript/fileName/Enemy.cs: 13cc614454c9ae28caa24456faa3d7cf -> 
  custom:video-encoder-webm-vp8: eb34c28f22e8b96e1ab97ce403110664 -> 
========================================================================
Received Prepare
Begin MonoManager ReloadAssembly
- Loaded All Assemblies, in  0.789 seconds
Refreshing native plugins compatible for Editor in 5.36 ms, found 3 plugins.
Native extension for WindowsStandalone target not found
Native extension for Android target not found
[Package Manager] Server::EnsureServerProcessIsRunning -- launch failed, reason: Unity was launched with the -noUpm command-line argument
[Package Manager] UpmClient::Send -- Unable to send message (not connected to UPM process).
[Package Manager] Cannot connect to Unity Package Manager local server
Mono: successfully reloaded assembly
- Finished resetting the current domain, in  1.816 seconds
Domain Reload Profiling: 2596ms
	BeginReloadAssembly (197ms)
		ExecutionOrderSort (0ms)
		DisableScriptedObjects (9ms)
		BackupInstance (0ms)
		ReleaseScriptingObjects (0ms)
		CreateAndSetChildDomain (51ms)
	RebuildCommonClasses (61ms)
	RebuildNativeTypeToScriptingClass (14ms)
	initialDomainReloadingComplete (44ms)
	LoadAllAssembliesAndSetupDomain (465ms)
		LoadAssemblies (493ms)
		RebuildTransferFunctionScriptingTraits (0ms)
		AnalyzeDomain (64ms)
			TypeCache.Refresh (14ms)
				TypeCache.ScanAssembly (2ms)
			ScanForSourceGeneratedMonoScriptInfo (35ms)
			ResolveRequiredComponents (13ms)
	FinalizeReload (1816ms)
		ReleaseScriptCaches (0ms)
		RebuildScriptCaches (0ms)
		SetupLoadedEditorAssemblies (664ms)
			LogAssemblyErrors (0ms)
			InitializePlatformSupportModulesInManaged (25ms)
			SetLoadedEditorAssemblies (5ms)
			RefreshPlugins (0ms)
			BeforeProcessingInitializeOnLoad (164ms)
			ProcessInitializeOnLoadAttributes (388ms)
			ProcessInitializeOnLoadMethodAttributes (73ms)
			AfterProcessingInitializeOnLoad (8ms)
			EditorAssembliesLoaded (0ms)
		ExecutionOrderSort2 (0ms)
		AwakeInstancesAfterBackupRestoration (15ms)
Refreshing native plugins compatible for Editor in 5.33 ms, found 3 plugins.
Preloading 0 native plugins for Editor in 0.00 ms.
Unloading 6402 Unused Serialized files (Serialized files now loaded: 0)
Unloading 47 unused Assets / (1.1 MB). Loaded Objects now: 7508.
Memory consumption went from 246.1 MB to 244.9 MB.
Total: 3.927200 ms (FindLiveObjects: 0.461000 ms CreateObjectMapping: 0.176800 ms MarkObjects: 3.036300 ms  DeleteObjects: 0.251800 ms)

Prepare: number of updated asset objects reloaded= 0
AssetImportParameters requested are different than current active one (requested -> active):
  custom:container-demuxer-ogg: 62fdf1f143b41e24485cea50d1cbac27 -> 
  custom:framework-win-MediaFoundation: 216162199b28c13a410421893ffa2e32 -> 
  custom:container-muxer-webm: aa71ff27fc2769a1b78a27578f13a17b -> 
  custom:video-decoder-webm-vp8: 9c59270c3fd7afecdb556c50c9e8de78 -> 
  custom:SearchIndexIgnoredProperties: e643bd26f0fe6173181afceb89e7c659 -> 
  custom:AudioImporter_EditorPlatform: d09bf68614088b80899f8185d706f6e7 -> 
  custom:audio-decoder-ogg-vorbis: bf7c407c2cedff20999df2af8eb42d56 -> 
  custom:audio-encoder-webm-vorbis: bf7c407c2cedff20999df2af8eb42d56 -> 
  custom:video-decoder-ogg-theora: a1e56fd34408186e4bbccfd4996cb3dc -> 
  custom:CustomObjectIndexerAttribute: a3ef5dd2817f97addfee359851a9dba5 -> 
  custom:container-demuxer-webm: 4f35f7cbe854078d1ac9338744f61a02 -> 
  custom:scripting/monoscript/fileName/Enemy.cs: 13cc614454c9ae28caa24456faa3d7cf -> 
  custom:video-encoder-webm-vp8: eb34c28f22e8b96e1ab97ce403110664 -> 
========================================================================
Received Prepare
Begin MonoManager ReloadAssembly
- Loaded All Assemblies, in  0.562 seconds
Refreshing native plugins compatible for Editor in 5.00 ms, found 3 plugins.
Native extension for WindowsStandalone target not found
Native extension for Android target not found
[Package Manager] Server::EnsureServerProcessIsRunning -- launch failed, reason: Unity was launched with the -noUpm command-line argument
[Package Manager] UpmClient::Send -- Unable to send message (not connected to UPM process).
[Package Manager] Cannot connect to Unity Package Manager local server
Mono: successfully reloaded assembly
- Finished resetting the current domain, in  1.640 seconds
Domain Reload Profiling: 2198ms
	BeginReloadAssembly (164ms)
		ExecutionOrderSort (0ms)
		DisableScriptedObjects (6ms)
		BackupInstance (0ms)
		ReleaseScriptingObjects (0ms)
		CreateAndSetChildDomain (44ms)
	RebuildCommonClasses (29ms)
	RebuildNativeTypeToScriptingClass (10ms)
	initialDomainReloadingComplete (30ms)
	LoadAllAssembliesAndSetupDomain (324ms)
		LoadAssemblies (382ms)
		RebuildTransferFunctionScriptingTraits (0ms)
		AnalyzeDomain (19ms)
			TypeCache.Refresh (6ms)
				TypeCache.ScanAssembly (0ms)
			ScanForSourceGeneratedMonoScriptInfo (0ms)
			ResolveRequiredComponents (12ms)
	FinalizeReload (1641ms)
		ReleaseScriptCaches (0ms)
		RebuildScriptCaches (0ms)
		SetupLoadedEditorAssemblies (606ms)
			LogAssemblyErrors (0ms)
			InitializePlatformSupportModulesInManaged (24ms)
			SetLoadedEditorAssemblies (4ms)
			RefreshPlugins (0ms)
			BeforeProcessingInitializeOnLoad (136ms)
			ProcessInitializeOnLoadAttributes (364ms)
			ProcessInitializeOnLoadMethodAttributes (69ms)
			AfterProcessingInitializeOnLoad (8ms)
			EditorAssembliesLoaded (0ms)
		ExecutionOrderSort2 (0ms)
		AwakeInstancesAfterBackupRestoration (16ms)
Refreshing native plugins compatible for Editor in 7.08 ms, found 3 plugins.
Preloading 0 native plugins for Editor in 0.00 ms.
Unloading 6402 Unused Serialized files (Serialized files now loaded: 0)
Unloading 47 unused Assets / (1.1 MB). Loaded Objects now: 7524.
Memory consumption went from 246.1 MB to 244.9 MB.
Total: 4.344700 ms (FindLiveObjects: 0.621900 ms CreateObjectMapping: 0.546300 ms MarkObjects: 2.934100 ms  DeleteObjects: 0.241300 ms)

Prepare: number of updated asset objects reloaded= 0
AssetImportParameters requested are different than current active one (requested -> active):
  custom:container-demuxer-ogg: 62fdf1f143b41e24485cea50d1cbac27 -> 
  custom:framework-win-MediaFoundation: 216162199b28c13a410421893ffa2e32 -> 
  custom:container-muxer-webm: aa71ff27fc2769a1b78a27578f13a17b -> 
  custom:video-decoder-webm-vp8: 9c59270c3fd7afecdb556c50c9e8de78 -> 
  custom:SearchIndexIgnoredProperties: e643bd26f0fe6173181afceb89e7c659 -> 
  custom:AudioImporter_EditorPlatform: d09bf68614088b80899f8185d706f6e7 -> 
  custom:audio-decoder-ogg-vorbis: bf7c407c2cedff20999df2af8eb42d56 -> 
  custom:audio-encoder-webm-vorbis: bf7c407c2cedff20999df2af8eb42d56 -> 
  custom:video-decoder-ogg-theora: a1e56fd34408186e4bbccfd4996cb3dc -> 
  custom:CustomObjectIndexerAttribute: a3ef5dd2817f97addfee359851a9dba5 -> 
  custom:container-demuxer-webm: 4f35f7cbe854078d1ac9338744f61a02 -> 
  custom:scripting/monoscript/fileName/Enemy.cs: 13cc614454c9ae28caa24456faa3d7cf -> 
  custom:video-encoder-webm-vp8: eb34c28f22e8b96e1ab97ce403110664 -> 
========================================================================
Received Prepare
Begin MonoManager ReloadAssembly
- Loaded All Assemblies, in  0.591 seconds
Refreshing native plugins compatible for Editor in 5.51 ms, found 3 plugins.
Native extension for WindowsStandalone target not found
Native extension for Android target not found
[Package Manager] Server::EnsureServerProcessIsRunning -- launch failed, reason: Unity was launched with the -noUpm command-line argument
[Package Manager] UpmClient::Send -- Unable to send message (not connected to UPM process).
[Package Manager] Cannot connect to Unity Package Manager local server
Mono: successfully reloaded assembly
- Finished resetting the current domain, in  1.644 seconds
Domain Reload Profiling: 2231ms
	BeginReloadAssembly (162ms)
		ExecutionOrderSort (0ms)
		DisableScriptedObjects (6ms)
		BackupInstance (0ms)
		ReleaseScriptingObjects (0ms)
		CreateAndSetChildDomain (41ms)
	RebuildCommonClasses (28ms)
	RebuildNativeTypeToScriptingClass (9ms)
	initialDomainReloadingComplete (30ms)
	LoadAllAssembliesAndSetupDomain (356ms)
		LoadAssemblies (386ms)
		RebuildTransferFunctionScriptingTraits (0ms)
		AnalyzeDomain (49ms)
			TypeCache.Refresh (11ms)
				TypeCache.ScanAssembly (2ms)
			ScanForSourceGeneratedMonoScriptInfo (25ms)
			ResolveRequiredComponents (11ms)
	FinalizeReload (1645ms)
		ReleaseScriptCaches (0ms)
		RebuildScriptCaches (0ms)
		SetupLoadedEditorAssemblies (608ms)
			LogAssemblyErrors (0ms)
			InitializePlatformSupportModulesInManaged (24ms)
			SetLoadedEditorAssemblies (4ms)
			RefreshPlugins (0ms)
			BeforeProcessingInitializeOnLoad (137ms)
			ProcessInitializeOnLoadAttributes (368ms)
			ProcessInitializeOnLoadMethodAttributes (66ms)
			AfterProcessingInitializeOnLoad (8ms)
			EditorAssembliesLoaded (0ms)
		ExecutionOrderSort2 (0ms)
		AwakeInstancesAfterBackupRestoration (16ms)
Refreshing native plugins compatible for Editor in 5.38 ms, found 3 plugins.
Preloading 0 native plugins for Editor in 0.00 ms.
Unloading 6402 Unused Serialized files (Serialized files now loaded: 0)
Unloading 47 unused Assets / (1.1 MB). Loaded Objects now: 7540.
Memory consumption went from 246.1 MB to 244.9 MB.
Total: 4.041700 ms (FindLiveObjects: 0.573700 ms CreateObjectMapping: 0.235100 ms MarkObjects: 2.953700 ms  DeleteObjects: 0.278300 ms)

Prepare: number of updated asset objects reloaded= 0
AssetImportParameters requested are different than current active one (requested -> active):
  custom:container-demuxer-ogg: 62fdf1f143b41e24485cea50d1cbac27 -> 
  custom:framework-win-MediaFoundation: 216162199b28c13a410421893ffa2e32 -> 
  custom:container-muxer-webm: aa71ff27fc2769a1b78a27578f13a17b -> 
  custom:video-decoder-webm-vp8: 9c59270c3fd7afecdb556c50c9e8de78 -> 
  custom:SearchIndexIgnoredProperties: e643bd26f0fe6173181afceb89e7c659 -> 
  custom:AudioImporter_EditorPlatform: d09bf68614088b80899f8185d706f6e7 -> 
  custom:audio-decoder-ogg-vorbis: bf7c407c2cedff20999df2af8eb42d56 -> 
  custom:audio-encoder-webm-vorbis: bf7c407c2cedff20999df2af8eb42d56 -> 
  custom:video-decoder-ogg-theora: a1e56fd34408186e4bbccfd4996cb3dc -> 
  custom:CustomObjectIndexerAttribute: a3ef5dd2817f97addfee359851a9dba5 -> 
  custom:container-demuxer-webm: 4f35f7cbe854078d1ac9338744f61a02 -> 
  custom:scripting/monoscript/fileName/Enemy.cs: 13cc614454c9ae28caa24456faa3d7cf -> 
  custom:video-encoder-webm-vp8: eb34c28f22e8b96e1ab97ce403110664 -> 
========================================================================
Received Prepare
Begin MonoManager ReloadAssembly
- Loaded All Assemblies, in  0.560 seconds
Refreshing native plugins compatible for Editor in 5.33 ms, found 3 plugins.
Native extension for WindowsStandalone target not found
Native extension for Android target not found
[Package Manager] Server::EnsureServerProcessIsRunning -- launch failed, reason: Unity was launched with the -noUpm command-line argument
[Package Manager] UpmClient::Send -- Unable to send message (not connected to UPM process).
[Package Manager] Cannot connect to Unity Package Manager local server
Mono: successfully reloaded assembly
- Finished resetting the current domain, in  1.626 seconds
Domain Reload Profiling: 2182ms
	BeginReloadAssembly (160ms)
		ExecutionOrderSort (0ms)
		DisableScriptedObjects (5ms)
		BackupInstance (0ms)
		ReleaseScriptingObjects (0ms)
		CreateAndSetChildDomain (40ms)
	RebuildCommonClasses (28ms)
	RebuildNativeTypeToScriptingClass (10ms)
	initialDomainReloadingComplete (31ms)
	LoadAllAssembliesAndSetupDomain (327ms)
		LoadAssemblies (383ms)
		RebuildTransferFunctionScriptingTraits (0ms)
		AnalyzeDomain (20ms)
			TypeCache.Refresh (7ms)
				TypeCache.ScanAssembly (0ms)
			ScanForSourceGeneratedMonoScriptInfo (0ms)
			ResolveRequiredComponents (12ms)
	FinalizeReload (1626ms)
		ReleaseScriptCaches (0ms)
		RebuildScriptCaches (0ms)
		SetupLoadedEditorAssemblies (591ms)
			LogAssemblyErrors (0ms)
			InitializePlatformSupportModulesInManaged (24ms)
			SetLoadedEditorAssemblies (4ms)
			RefreshPlugins (0ms)
			BeforeProcessingInitializeOnLoad (138ms)
			ProcessInitializeOnLoadAttributes (348ms)
			ProcessInitializeOnLoadMethodAttributes (68ms)
			AfterProcessingInitializeOnLoad (8ms)
			EditorAssembliesLoaded (0ms)
		ExecutionOrderSort2 (0ms)
		AwakeInstancesAfterBackupRestoration (16ms)
Refreshing native plugins compatible for Editor in 5.83 ms, found 3 plugins.
Preloading 0 native plugins for Editor in 0.00 ms.
Unloading 6402 Unused Serialized files (Serialized files now loaded: 0)
Unloading 47 unused Assets / (1.1 MB). Loaded Objects now: 7556.
Memory consumption went from 246.1 MB to 245.0 MB.
Total: 4.426500 ms (FindLiveObjects: 0.639000 ms CreateObjectMapping: 0.271900 ms MarkObjects: 3.229900 ms  DeleteObjects: 0.284500 ms)

Prepare: number of updated asset objects reloaded= 0
AssetImportParameters requested are different than current active one (requested -> active):
  custom:container-demuxer-ogg: 62fdf1f143b41e24485cea50d1cbac27 -> 
  custom:framework-win-MediaFoundation: 216162199b28c13a410421893ffa2e32 -> 
  custom:container-muxer-webm: aa71ff27fc2769a1b78a27578f13a17b -> 
  custom:video-decoder-webm-vp8: 9c59270c3fd7afecdb556c50c9e8de78 -> 
  custom:SearchIndexIgnoredProperties: e643bd26f0fe6173181afceb89e7c659 -> 
  custom:AudioImporter_EditorPlatform: d09bf68614088b80899f8185d706f6e7 -> 
  custom:audio-decoder-ogg-vorbis: bf7c407c2cedff20999df2af8eb42d56 -> 
  custom:audio-encoder-webm-vorbis: bf7c407c2cedff20999df2af8eb42d56 -> 
  custom:video-decoder-ogg-theora: a1e56fd34408186e4bbccfd4996cb3dc -> 
  custom:CustomObjectIndexerAttribute: a3ef5dd2817f97addfee359851a9dba5 -> 
  custom:container-demuxer-webm: 4f35f7cbe854078d1ac9338744f61a02 -> 
  custom:scripting/monoscript/fileName/Enemy.cs: 13cc614454c9ae28caa24456faa3d7cf -> 
  custom:video-encoder-webm-vp8: eb34c28f22e8b96e1ab97ce403110664 -> 
========================================================================
Received Prepare
Begin MonoManager ReloadAssembly
- Loaded All Assemblies, in  0.658 seconds
Refreshing native plugins compatible for Editor in 5.61 ms, found 3 plugins.
Native extension for WindowsStandalone target not found
Native extension for Android target not found
[Package Manager] Server::EnsureServerProcessIsRunning -- launch failed, reason: Unity was launched with the -noUpm command-line argument
[Package Manager] UpmClient::Send -- Unable to send message (not connected to UPM process).
[Package Manager] Cannot connect to Unity Package Manager local server
Mono: successfully reloaded assembly
- Finished resetting the current domain, in  1.674 seconds
Domain Reload Profiling: 2327ms
	BeginReloadAssembly (181ms)
		ExecutionOrderSort (0ms)
		DisableScriptedObjects (6ms)
		BackupInstance (0ms)
		ReleaseScriptingObjects (0ms)
		CreateAndSetChildDomain (48ms)
	RebuildCommonClasses (29ms)
	RebuildNativeTypeToScriptingClass (10ms)
	initialDomainReloadingComplete (32ms)
	LoadAllAssembliesAndSetupDomain (401ms)
		LoadAssemblies (436ms)
		RebuildTransferFunctionScriptingTraits (0ms)
		AnalyzeDomain (53ms)
			TypeCache.Refresh (11ms)
				TypeCache.ScanAssembly (2ms)
			ScanForSourceGeneratedMonoScriptInfo (29ms)
			ResolveRequiredComponents (12ms)
	FinalizeReload (1674ms)
		ReleaseScriptCaches (0ms)
		RebuildScriptCaches (0ms)
		SetupLoadedEditorAssemblies (611ms)
			LogAssemblyErrors (0ms)
			InitializePlatformSupportModulesInManaged (23ms)
			SetLoadedEditorAssemblies (7ms)
			RefreshPlugins (0ms)
			BeforeProcessingInitializeOnLoad (139ms)
			ProcessInitializeOnLoadAttributes (367ms)
			ProcessInitializeOnLoadMethodAttributes (67ms)
			AfterProcessingInitializeOnLoad (8ms)
			EditorAssembliesLoaded (0ms)
		ExecutionOrderSort2 (0ms)
		AwakeInstancesAfterBackupRestoration (15ms)
Refreshing native plugins compatible for Editor in 7.73 ms, found 3 plugins.
Preloading 0 native plugins for Editor in 0.00 ms.
Unloading 6402 Unused Serialized files (Serialized files now loaded: 0)
Unloading 47 unused Assets / (1.1 MB). Loaded Objects now: 7572.
Memory consumption went from 246.1 MB to 245.0 MB.
Total: 5.143600 ms (FindLiveObjects: 0.540500 ms CreateObjectMapping: 0.181300 ms MarkObjects: 4.149700 ms  DeleteObjects: 0.270900 ms)

Prepare: number of updated asset objects reloaded= 0
AssetImportParameters requested are different than current active one (requested -> active):
  custom:container-demuxer-ogg: 62fdf1f143b41e24485cea50d1cbac27 -> 
  custom:framework-win-MediaFoundation: 216162199b28c13a410421893ffa2e32 -> 
  custom:container-muxer-webm: aa71ff27fc2769a1b78a27578f13a17b -> 
  custom:video-decoder-webm-vp8: 9c59270c3fd7afecdb556c50c9e8de78 -> 
  custom:SearchIndexIgnoredProperties: e643bd26f0fe6173181afceb89e7c659 -> 
  custom:AudioImporter_EditorPlatform: d09bf68614088b80899f8185d706f6e7 -> 
  custom:audio-decoder-ogg-vorbis: bf7c407c2cedff20999df2af8eb42d56 -> 
  custom:audio-encoder-webm-vorbis: bf7c407c2cedff20999df2af8eb42d56 -> 
  custom:video-decoder-ogg-theora: a1e56fd34408186e4bbccfd4996cb3dc -> 
  custom:CustomObjectIndexerAttribute: a3ef5dd2817f97addfee359851a9dba5 -> 
  custom:container-demuxer-webm: 4f35f7cbe854078d1ac9338744f61a02 -> 
  custom:scripting/monoscript/fileName/Enemy.cs: 13cc614454c9ae28caa24456faa3d7cf -> 
  custom:video-encoder-webm-vp8: eb34c28f22e8b96e1ab97ce403110664 -> 
========================================================================
Received Prepare
Begin MonoManager ReloadAssembly
- Loaded All Assemblies, in  0.607 seconds
Refreshing native plugins compatible for Editor in 4.96 ms, found 3 plugins.
Native extension for WindowsStandalone target not found
Native extension for Android target not found
[Package Manager] Server::EnsureServerProcessIsRunning -- launch failed, reason: Unity was launched with the -noUpm command-line argument
[Package Manager] UpmClient::Send -- Unable to send message (not connected to UPM process).
[Package Manager] Cannot connect to Unity Package Manager local server
Mono: successfully reloaded assembly
- Finished resetting the current domain, in  1.621 seconds
Domain Reload Profiling: 2224ms
	BeginReloadAssembly (169ms)
		ExecutionOrderSort (0ms)
		DisableScriptedObjects (6ms)
		BackupInstance (0ms)
		ReleaseScriptingObjects (0ms)
		CreateAndSetChildDomain (48ms)
	RebuildCommonClasses (27ms)
	RebuildNativeTypeToScriptingClass (10ms)
	initialDomainReloadingComplete (31ms)
	LoadAllAssembliesAndSetupDomain (364ms)
		LoadAssemblies (394ms)
		RebuildTransferFunctionScriptingTraits (0ms)
		AnalyzeDomain (48ms)
			TypeCache.Refresh (11ms)
				TypeCache.ScanAssembly (1ms)
			ScanForSourceGeneratedMonoScriptInfo (24ms)
			ResolveRequiredComponents (11ms)
	FinalizeReload (1622ms)
		ReleaseScriptCaches (0ms)
		RebuildScriptCaches (0ms)
		SetupLoadedEditorAssemblies (610ms)
			LogAssemblyErrors (0ms)
			InitializePlatformSupportModulesInManaged (24ms)
			SetLoadedEditorAssemblies (4ms)
			RefreshPlugins (0ms)
			BeforeProcessingInitializeOnLoad (136ms)
			ProcessInitializeOnLoadAttributes (365ms)
			ProcessInitializeOnLoadMethodAttributes (71ms)
			AfterProcessingInitializeOnLoad (8ms)
			EditorAssembliesLoaded (0ms)
		ExecutionOrderSort2 (0ms)
		AwakeInstancesAfterBackupRestoration (16ms)
Refreshing native plugins compatible for Editor in 5.27 ms, found 3 plugins.
Preloading 0 native plugins for Editor in 0.00 ms.
Unloading 6402 Unused Serialized files (Serialized files now loaded: 0)
Unloading 47 unused Assets / (1.1 MB). Loaded Objects now: 7588.
Memory consumption went from 246.1 MB to 245.0 MB.
Total: 4.251800 ms (FindLiveObjects: 0.605600 ms CreateObjectMapping: 0.264300 ms MarkObjects: 3.144500 ms  DeleteObjects: 0.236200 ms)

Prepare: number of updated asset objects reloaded= 0
AssetImportParameters requested are different than current active one (requested -> active):
  custom:container-demuxer-ogg: 62fdf1f143b41e24485cea50d1cbac27 -> 
  custom:framework-win-MediaFoundation: 216162199b28c13a410421893ffa2e32 -> 
  custom:container-muxer-webm: aa71ff27fc2769a1b78a27578f13a17b -> 
  custom:video-decoder-webm-vp8: 9c59270c3fd7afecdb556c50c9e8de78 -> 
  custom:SearchIndexIgnoredProperties: e643bd26f0fe6173181afceb89e7c659 -> 
  custom:AudioImporter_EditorPlatform: d09bf68614088b80899f8185d706f6e7 -> 
  custom:audio-decoder-ogg-vorbis: bf7c407c2cedff20999df2af8eb42d56 -> 
  custom:audio-encoder-webm-vorbis: bf7c407c2cedff20999df2af8eb42d56 -> 
  custom:video-decoder-ogg-theora: a1e56fd34408186e4bbccfd4996cb3dc -> 
  custom:CustomObjectIndexerAttribute: a3ef5dd2817f97addfee359851a9dba5 -> 
  custom:container-demuxer-webm: 4f35f7cbe854078d1ac9338744f61a02 -> 
  custom:scripting/monoscript/fileName/Enemy.cs: 13cc614454c9ae28caa24456faa3d7cf -> 
  custom:video-encoder-webm-vp8: eb34c28f22e8b96e1ab97ce403110664 -> 
========================================================================
Received Prepare
Begin MonoManager ReloadAssembly
- Loaded All Assemblies, in  0.570 seconds
Refreshing native plugins compatible for Editor in 5.04 ms, found 3 plugins.
Native extension for WindowsStandalone target not found
Native extension for Android target not found
[Package Manager] Server::EnsureServerProcessIsRunning -- launch failed, reason: Unity was launched with the -noUpm command-line argument
[Package Manager] UpmClient::Send -- Unable to send message (not connected to UPM process).
[Package Manager] Cannot connect to Unity Package Manager local server
Mono: successfully reloaded assembly
- Finished resetting the current domain, in  1.670 seconds
Domain Reload Profiling: 2236ms
	BeginReloadAssembly (166ms)
		ExecutionOrderSort (0ms)
		DisableScriptedObjects (6ms)
		BackupInstance (0ms)
		ReleaseScriptingObjects (0ms)
		CreateAndSetChildDomain (45ms)
	RebuildCommonClasses (29ms)
	RebuildNativeTypeToScriptingClass (10ms)
	initialDomainReloadingComplete (32ms)
	LoadAllAssembliesAndSetupDomain (329ms)
		LoadAssemblies (384ms)
		RebuildTransferFunctionScriptingTraits (0ms)
		AnalyzeDomain (26ms)
			TypeCache.Refresh (9ms)
				TypeCache.ScanAssembly (0ms)
			ScanForSourceGeneratedMonoScriptInfo (0ms)
			ResolveRequiredComponents (15ms)
	FinalizeReload (1670ms)
		ReleaseScriptCaches (0ms)
		RebuildScriptCaches (0ms)
		SetupLoadedEditorAssemblies (631ms)
			LogAssemblyErrors (0ms)
			InitializePlatformSupportModulesInManaged (24ms)
			SetLoadedEditorAssemblies (5ms)
			RefreshPlugins (0ms)
			BeforeProcessingInitializeOnLoad (163ms)
			ProcessInitializeOnLoadAttributes (357ms)
			ProcessInitializeOnLoadMethodAttributes (74ms)
			AfterProcessingInitializeOnLoad (8ms)
			EditorAssembliesLoaded (0ms)
		ExecutionOrderSort2 (0ms)
		AwakeInstancesAfterBackupRestoration (18ms)
Refreshing native plugins compatible for Editor in 6.30 ms, found 3 plugins.
Preloading 0 native plugins for Editor in 0.00 ms.
Unloading 6402 Unused Serialized files (Serialized files now loaded: 0)
Unloading 47 unused Assets / (1.1 MB). Loaded Objects now: 7604.
Memory consumption went from 246.1 MB to 245.0 MB.
Total: 5.354400 ms (FindLiveObjects: 0.886100 ms CreateObjectMapping: 0.375400 ms MarkObjects: 3.707000 ms  DeleteObjects: 0.384700 ms)

Prepare: number of updated asset objects reloaded= 0
AssetImportParameters requested are different than current active one (requested -> active):
  custom:container-demuxer-ogg: 62fdf1f143b41e24485cea50d1cbac27 -> 
  custom:framework-win-MediaFoundation: 216162199b28c13a410421893ffa2e32 -> 
  custom:container-muxer-webm: aa71ff27fc2769a1b78a27578f13a17b -> 
  custom:video-decoder-webm-vp8: 9c59270c3fd7afecdb556c50c9e8de78 -> 
  custom:SearchIndexIgnoredProperties: e643bd26f0fe6173181afceb89e7c659 -> 
  custom:AudioImporter_EditorPlatform: d09bf68614088b80899f8185d706f6e7 -> 
  custom:audio-decoder-ogg-vorbis: bf7c407c2cedff20999df2af8eb42d56 -> 
  custom:audio-encoder-webm-vorbis: bf7c407c2cedff20999df2af8eb42d56 -> 
  custom:video-decoder-ogg-theora: a1e56fd34408186e4bbccfd4996cb3dc -> 
  custom:CustomObjectIndexerAttribute: a3ef5dd2817f97addfee359851a9dba5 -> 
  custom:container-demuxer-webm: 4f35f7cbe854078d1ac9338744f61a02 -> 
  custom:scripting/monoscript/fileName/Enemy.cs: 13cc614454c9ae28caa24456faa3d7cf -> 
  custom:video-encoder-webm-vp8: eb34c28f22e8b96e1ab97ce403110664 -> 
========================================================================
Received Prepare
Begin MonoManager ReloadAssembly
- Loaded All Assemblies, in  0.575 seconds
Refreshing native plugins compatible for Editor in 6.14 ms, found 3 plugins.
Native extension for WindowsStandalone target not found
Native extension for Android target not found
[Package Manager] Server::EnsureServerProcessIsRunning -- launch failed, reason: Unity was launched with the -noUpm command-line argument
[Package Manager] UpmClient::Send -- Unable to send message (not connected to UPM process).
[Package Manager] Cannot connect to Unity Package Manager local server
Mono: successfully reloaded assembly
- Finished resetting the current domain, in  1.664 seconds
Domain Reload Profiling: 2235ms
	BeginReloadAssembly (161ms)
		ExecutionOrderSort (0ms)
		DisableScriptedObjects (5ms)
		BackupInstance (0ms)
		ReleaseScriptingObjects (0ms)
		CreateAndSetChildDomain (40ms)
	RebuildCommonClasses (28ms)
	RebuildNativeTypeToScriptingClass (9ms)
	initialDomainReloadingComplete (32ms)
	LoadAllAssembliesAndSetupDomain (341ms)
		LoadAssemblies (390ms)
		RebuildTransferFunctionScriptingTraits (0ms)
		AnalyzeDomain (25ms)
			TypeCache.Refresh (7ms)
				TypeCache.ScanAssembly (0ms)
			ScanForSourceGeneratedMonoScriptInfo (0ms)
			ResolveRequiredComponents (15ms)
	FinalizeReload (1664ms)
		ReleaseScriptCaches (0ms)
		RebuildScriptCaches (0ms)
		SetupLoadedEditorAssemblies (627ms)
			LogAssemblyErrors (0ms)
			InitializePlatformSupportModulesInManaged (25ms)
			SetLoadedEditorAssemblies (5ms)
			RefreshPlugins (0ms)
			BeforeProcessingInitializeOnLoad (145ms)
			ProcessInitializeOnLoadAttributes (361ms)
			ProcessInitializeOnLoadMethodAttributes (81ms)
			AfterProcessingInitializeOnLoad (10ms)
			EditorAssembliesLoaded (0ms)
		ExecutionOrderSort2 (0ms)
		AwakeInstancesAfterBackupRestoration (18ms)
Refreshing native plugins compatible for Editor in 7.02 ms, found 3 plugins.
Preloading 0 native plugins for Editor in 0.00 ms.
Unloading 6402 Unused Serialized files (Serialized files now loaded: 0)
Unloading 47 unused Assets / (1.1 MB). Loaded Objects now: 7620.
Memory consumption went from 246.2 MB to 245.0 MB.
Total: 4.814100 ms (FindLiveObjects: 0.661800 ms CreateObjectMapping: 0.297400 ms MarkObjects: 3.555100 ms  DeleteObjects: 0.297700 ms)

Prepare: number of updated asset objects reloaded= 0
AssetImportParameters requested are different than current active one (requested -> active):
  custom:container-demuxer-ogg: 62fdf1f143b41e24485cea50d1cbac27 -> 
  custom:framework-win-MediaFoundation: 216162199b28c13a410421893ffa2e32 -> 
  custom:container-muxer-webm: aa71ff27fc2769a1b78a27578f13a17b -> 
  custom:video-decoder-webm-vp8: 9c59270c3fd7afecdb556c50c9e8de78 -> 
  custom:SearchIndexIgnoredProperties: e643bd26f0fe6173181afceb89e7c659 -> 
  custom:AudioImporter_EditorPlatform: d09bf68614088b80899f8185d706f6e7 -> 
  custom:audio-decoder-ogg-vorbis: bf7c407c2cedff20999df2af8eb42d56 -> 
  custom:audio-encoder-webm-vorbis: bf7c407c2cedff20999df2af8eb42d56 -> 
  custom:video-decoder-ogg-theora: a1e56fd34408186e4bbccfd4996cb3dc -> 
  custom:CustomObjectIndexerAttribute: a3ef5dd2817f97addfee359851a9dba5 -> 
  custom:container-demuxer-webm: 4f35f7cbe854078d1ac9338744f61a02 -> 
  custom:scripting/monoscript/fileName/Enemy.cs: 13cc614454c9ae28caa24456faa3d7cf -> 
  custom:video-encoder-webm-vp8: eb34c28f22e8b96e1ab97ce403110664 -> 
========================================================================
Received Prepare
Begin MonoManager ReloadAssembly
- Loaded All Assemblies, in  0.619 seconds
Refreshing native plugins compatible for Editor in 4.73 ms, found 3 plugins.
Native extension for WindowsStandalone target not found
Native extension for Android target not found
[Package Manager] Server::EnsureServerProcessIsRunning -- launch failed, reason: Unity was launched with the -noUpm command-line argument
[Package Manager] UpmClient::Send -- Unable to send message (not connected to UPM process).
[Package Manager] Cannot connect to Unity Package Manager local server
Mono: successfully reloaded assembly
- Finished resetting the current domain, in  1.662 seconds
Domain Reload Profiling: 2277ms
	BeginReloadAssembly (172ms)
		ExecutionOrderSort (0ms)
		DisableScriptedObjects (7ms)
		BackupInstance (0ms)
		ReleaseScriptingObjects (0ms)
		CreateAndSetChildDomain (44ms)
	RebuildCommonClasses (32ms)
	RebuildNativeTypeToScriptingClass (10ms)
	initialDomainReloadingComplete (34ms)
	LoadAllAssembliesAndSetupDomain (365ms)
		LoadAssemblies (393ms)
		RebuildTransferFunctionScriptingTraits (0ms)
		AnalyzeDomain (55ms)
			TypeCache.Refresh (11ms)
				TypeCache.ScanAssembly (2ms)
			ScanForSourceGeneratedMonoScriptInfo (26ms)
			ResolveRequiredComponents (16ms)
	FinalizeReload (1662ms)
		ReleaseScriptCaches (0ms)
		RebuildScriptCaches (0ms)
		SetupLoadedEditorAssemblies (617ms)
			LogAssemblyErrors (0ms)
			InitializePlatformSupportModulesInManaged (25ms)
			SetLoadedEditorAssemblies (4ms)
			RefreshPlugins (0ms)
			BeforeProcessingInitializeOnLoad (139ms)
			ProcessInitializeOnLoadAttributes (355ms)
			ProcessInitializeOnLoadMethodAttributes (85ms)
			AfterProcessingInitializeOnLoad (9ms)
			EditorAssembliesLoaded (0ms)
		ExecutionOrderSort2 (0ms)
		AwakeInstancesAfterBackupRestoration (22ms)
Refreshing native plugins compatible for Editor in 6.02 ms, found 3 plugins.
Preloading 0 native plugins for Editor in 0.00 ms.
Unloading 6402 Unused Serialized files (Serialized files now loaded: 0)
Unloading 47 unused Assets / (1.1 MB). Loaded Objects now: 7636.
Memory consumption went from 246.2 MB to 245.0 MB.
Total: 4.273800 ms (FindLiveObjects: 0.553400 ms CreateObjectMapping: 0.189200 ms MarkObjects: 3.277500 ms  DeleteObjects: 0.252500 ms)

Prepare: number of updated asset objects reloaded= 0
AssetImportParameters requested are different than current active one (requested -> active):
  custom:container-demuxer-ogg: 62fdf1f143b41e24485cea50d1cbac27 -> 
  custom:framework-win-MediaFoundation: 216162199b28c13a410421893ffa2e32 -> 
  custom:container-muxer-webm: aa71ff27fc2769a1b78a27578f13a17b -> 
  custom:video-decoder-webm-vp8: 9c59270c3fd7afecdb556c50c9e8de78 -> 
  custom:SearchIndexIgnoredProperties: e643bd26f0fe6173181afceb89e7c659 -> 
  custom:AudioImporter_EditorPlatform: d09bf68614088b80899f8185d706f6e7 -> 
  custom:audio-decoder-ogg-vorbis: bf7c407c2cedff20999df2af8eb42d56 -> 
  custom:audio-encoder-webm-vorbis: bf7c407c2cedff20999df2af8eb42d56 -> 
  custom:video-decoder-ogg-theora: a1e56fd34408186e4bbccfd4996cb3dc -> 
  custom:CustomObjectIndexerAttribute: a3ef5dd2817f97addfee359851a9dba5 -> 
  custom:container-demuxer-webm: 4f35f7cbe854078d1ac9338744f61a02 -> 
  custom:scripting/monoscript/fileName/Enemy.cs: 13cc614454c9ae28caa24456faa3d7cf -> 
  custom:video-encoder-webm-vp8: eb34c28f22e8b96e1ab97ce403110664 -> 
========================================================================
Received Prepare
Begin MonoManager ReloadAssembly
- Loaded All Assemblies, in  0.560 seconds
Refreshing native plugins compatible for Editor in 5.37 ms, found 3 plugins.
Native extension for WindowsStandalone target not found
Native extension for Android target not found
[Package Manager] Server::EnsureServerProcessIsRunning -- launch failed, reason: Unity was launched with the -noUpm command-line argument
[Package Manager] UpmClient::Send -- Unable to send message (not connected to UPM process).
[Package Manager] Cannot connect to Unity Package Manager local server
Mono: successfully reloaded assembly
- Finished resetting the current domain, in  1.678 seconds
Domain Reload Profiling: 2234ms
	BeginReloadAssembly (165ms)
		ExecutionOrderSort (0ms)
		DisableScriptedObjects (5ms)
		BackupInstance (0ms)
		ReleaseScriptingObjects (0ms)
		CreateAndSetChildDomain (42ms)
	RebuildCommonClasses (28ms)
	RebuildNativeTypeToScriptingClass (9ms)
	initialDomainReloadingComplete (30ms)
	LoadAllAssembliesAndSetupDomain (322ms)
		LoadAssemblies (380ms)
		RebuildTransferFunctionScriptingTraits (0ms)
		AnalyzeDomain (21ms)
			TypeCache.Refresh (6ms)
				TypeCache.ScanAssembly (0ms)
			ScanForSourceGeneratedMonoScriptInfo (0ms)
			ResolveRequiredComponents (12ms)
	FinalizeReload (1678ms)
		ReleaseScriptCaches (0ms)
		RebuildScriptCaches (0ms)
		SetupLoadedEditorAssemblies (636ms)
			LogAssemblyErrors (0ms)
			InitializePlatformSupportModulesInManaged (25ms)
			SetLoadedEditorAssemblies (5ms)
			RefreshPlugins (0ms)
			BeforeProcessingInitializeOnLoad (144ms)
			ProcessInitializeOnLoadAttributes (381ms)
			ProcessInitializeOnLoadMethodAttributes (73ms)
			AfterProcessingInitializeOnLoad (8ms)
			EditorAssembliesLoaded (0ms)
		ExecutionOrderSort2 (0ms)
		AwakeInstancesAfterBackupRestoration (19ms)
Refreshing native plugins compatible for Editor in 6.42 ms, found 3 plugins.
Preloading 0 native plugins for Editor in 0.00 ms.
Unloading 6402 Unused Serialized files (Serialized files now loaded: 0)
Unloading 47 unused Assets / (1.1 MB). Loaded Objects now: 7652.
Memory consumption went from 246.2 MB to 245.0 MB.
Total: 4.302900 ms (FindLiveObjects: 0.606700 ms CreateObjectMapping: 0.220200 ms MarkObjects: 3.198100 ms  DeleteObjects: 0.276800 ms)

Prepare: number of updated asset objects reloaded= 0
AssetImportParameters requested are different than current active one (requested -> active):
  custom:container-demuxer-ogg: 62fdf1f143b41e24485cea50d1cbac27 -> 
  custom:framework-win-MediaFoundation: 216162199b28c13a410421893ffa2e32 -> 
  custom:container-muxer-webm: aa71ff27fc2769a1b78a27578f13a17b -> 
  custom:video-decoder-webm-vp8: 9c59270c3fd7afecdb556c50c9e8de78 -> 
  custom:SearchIndexIgnoredProperties: e643bd26f0fe6173181afceb89e7c659 -> 
  custom:AudioImporter_EditorPlatform: d09bf68614088b80899f8185d706f6e7 -> 
  custom:audio-decoder-ogg-vorbis: bf7c407c2cedff20999df2af8eb42d56 -> 
  custom:audio-encoder-webm-vorbis: bf7c407c2cedff20999df2af8eb42d56 -> 
  custom:video-decoder-ogg-theora: a1e56fd34408186e4bbccfd4996cb3dc -> 
  custom:CustomObjectIndexerAttribute: a3ef5dd2817f97addfee359851a9dba5 -> 
  custom:container-demuxer-webm: 4f35f7cbe854078d1ac9338744f61a02 -> 
  custom:scripting/monoscript/fileName/Enemy.cs: 13cc614454c9ae28caa24456faa3d7cf -> 
  custom:video-encoder-webm-vp8: eb34c28f22e8b96e1ab97ce403110664 -> 
========================================================================
Received Prepare
Begin MonoManager ReloadAssembly
- Loaded All Assemblies, in  0.606 seconds
Refreshing native plugins compatible for Editor in 5.24 ms, found 3 plugins.
Native extension for WindowsStandalone target not found
Native extension for Android target not found
[Package Manager] Server::EnsureServerProcessIsRunning -- launch failed, reason: Unity was launched with the -noUpm command-line argument
[Package Manager] UpmClient::Send -- Unable to send message (not connected to UPM process).
[Package Manager] Cannot connect to Unity Package Manager local server
Mono: successfully reloaded assembly
- Finished resetting the current domain, in  1.626 seconds
Domain Reload Profiling: 2228ms
	BeginReloadAssembly (164ms)
		ExecutionOrderSort (0ms)
		DisableScriptedObjects (6ms)
		BackupInstance (0ms)
		ReleaseScriptingObjects (0ms)
		CreateAndSetChildDomain (44ms)
	RebuildCommonClasses (40ms)
	RebuildNativeTypeToScriptingClass (10ms)
	initialDomainReloadingComplete (31ms)
	LoadAllAssembliesAndSetupDomain (356ms)
		LoadAssemblies (382ms)
		RebuildTransferFunctionScriptingTraits (0ms)
		AnalyzeDomain (50ms)
			TypeCache.Refresh (10ms)
				TypeCache.ScanAssembly (1ms)
			ScanForSourceGeneratedMonoScriptInfo (26ms)
			ResolveRequiredComponents (12ms)
	FinalizeReload (1627ms)
		ReleaseScriptCaches (0ms)
		RebuildScriptCaches (0ms)
		SetupLoadedEditorAssemblies (598ms)
			LogAssemblyErrors (0ms)
			InitializePlatformSupportModulesInManaged (24ms)
			SetLoadedEditorAssemblies (4ms)
			RefreshPlugins (0ms)
			BeforeProcessingInitializeOnLoad (139ms)
			ProcessInitializeOnLoadAttributes (346ms)
			ProcessInitializeOnLoadMethodAttributes (77ms)
			AfterProcessingInitializeOnLoad (8ms)
			EditorAssembliesLoaded (0ms)
		ExecutionOrderSort2 (0ms)
		AwakeInstancesAfterBackupRestoration (16ms)
Refreshing native plugins compatible for Editor in 5.01 ms, found 3 plugins.
Preloading 0 native plugins for Editor in 0.00 ms.
Unloading 6402 Unused Serialized files (Serialized files now loaded: 0)
Unloading 47 unused Assets / (1.1 MB). Loaded Objects now: 7668.
Memory consumption went from 246.2 MB to 245.0 MB.
Total: 4.029000 ms (FindLiveObjects: 0.514100 ms CreateObjectMapping: 0.213800 ms MarkObjects: 3.038700 ms  DeleteObjects: 0.260900 ms)

Prepare: number of updated asset objects reloaded= 0
AssetImportParameters requested are different than current active one (requested -> active):
  custom:container-demuxer-ogg: 62fdf1f143b41e24485cea50d1cbac27 -> 
  custom:framework-win-MediaFoundation: 216162199b28c13a410421893ffa2e32 -> 
  custom:container-muxer-webm: aa71ff27fc2769a1b78a27578f13a17b -> 
  custom:video-decoder-webm-vp8: 9c59270c3fd7afecdb556c50c9e8de78 -> 
  custom:SearchIndexIgnoredProperties: e643bd26f0fe6173181afceb89e7c659 -> 
  custom:AudioImporter_EditorPlatform: d09bf68614088b80899f8185d706f6e7 -> 
  custom:audio-decoder-ogg-vorbis: bf7c407c2cedff20999df2af8eb42d56 -> 
  custom:audio-encoder-webm-vorbis: bf7c407c2cedff20999df2af8eb42d56 -> 
  custom:video-decoder-ogg-theora: a1e56fd34408186e4bbccfd4996cb3dc -> 
  custom:CustomObjectIndexerAttribute: a3ef5dd2817f97addfee359851a9dba5 -> 
  custom:container-demuxer-webm: 4f35f7cbe854078d1ac9338744f61a02 -> 
  custom:scripting/monoscript/fileName/Enemy.cs: 13cc614454c9ae28caa24456faa3d7cf -> 
  custom:video-encoder-webm-vp8: eb34c28f22e8b96e1ab97ce403110664 -> 
========================================================================
Received Prepare
Begin MonoManager ReloadAssembly
- Loaded All Assemblies, in  0.572 seconds
Refreshing native plugins compatible for Editor in 5.16 ms, found 3 plugins.
Native extension for WindowsStandalone target not found
Native extension for Android target not found
[Package Manager] Server::EnsureServerProcessIsRunning -- launch failed, reason: Unity was launched with the -noUpm command-line argument
[Package Manager] UpmClient::Send -- Unable to send message (not connected to UPM process).
[Package Manager] Cannot connect to Unity Package Manager local server
Mono: successfully reloaded assembly
- Finished resetting the current domain, in  1.681 seconds
Domain Reload Profiling: 2249ms
	BeginReloadAssembly (166ms)
		ExecutionOrderSort (0ms)
		DisableScriptedObjects (6ms)
		BackupInstance (0ms)
		ReleaseScriptingObjects (0ms)
		CreateAndSetChildDomain (41ms)
	RebuildCommonClasses (28ms)
	RebuildNativeTypeToScriptingClass (9ms)
	initialDomainReloadingComplete (30ms)
	LoadAllAssembliesAndSetupDomain (335ms)
		LoadAssemblies (394ms)
		RebuildTransferFunctionScriptingTraits (0ms)
		AnalyzeDomain (22ms)
			TypeCache.Refresh (8ms)
				TypeCache.ScanAssembly (0ms)
			ScanForSourceGeneratedMonoScriptInfo (0ms)
			ResolveRequiredComponents (12ms)
	FinalizeReload (1682ms)
		ReleaseScriptCaches (0ms)
		RebuildScriptCaches (0ms)
		SetupLoadedEditorAssemblies (636ms)
			LogAssemblyErrors (0ms)
			InitializePlatformSupportModulesInManaged (28ms)
			SetLoadedEditorAssemblies (7ms)
			RefreshPlugins (0ms)
			BeforeProcessingInitializeOnLoad (158ms)
			ProcessInitializeOnLoadAttributes (360ms)
			ProcessInitializeOnLoadMethodAttributes (74ms)
			AfterProcessingInitializeOnLoad (9ms)
			EditorAssembliesLoaded (0ms)
		ExecutionOrderSort2 (0ms)
		AwakeInstancesAfterBackupRestoration (17ms)
Refreshing native plugins compatible for Editor in 5.11 ms, found 3 plugins.
Preloading 0 native plugins for Editor in 0.00 ms.
Unloading 6402 Unused Serialized files (Serialized files now loaded: 0)
Unloading 47 unused Assets / (1.1 MB). Loaded Objects now: 7684.
Memory consumption went from 246.2 MB to 245.1 MB.
Total: 4.570900 ms (FindLiveObjects: 0.653300 ms CreateObjectMapping: 0.308400 ms MarkObjects: 3.358300 ms  DeleteObjects: 0.249700 ms)

Prepare: number of updated asset objects reloaded= 0
AssetImportParameters requested are different than current active one (requested -> active):
  custom:container-demuxer-ogg: 62fdf1f143b41e24485cea50d1cbac27 -> 
  custom:framework-win-MediaFoundation: 216162199b28c13a410421893ffa2e32 -> 
  custom:container-muxer-webm: aa71ff27fc2769a1b78a27578f13a17b -> 
  custom:video-decoder-webm-vp8: 9c59270c3fd7afecdb556c50c9e8de78 -> 
  custom:SearchIndexIgnoredProperties: e643bd26f0fe6173181afceb89e7c659 -> 
  custom:AudioImporter_EditorPlatform: d09bf68614088b80899f8185d706f6e7 -> 
  custom:audio-decoder-ogg-vorbis: bf7c407c2cedff20999df2af8eb42d56 -> 
  custom:audio-encoder-webm-vorbis: bf7c407c2cedff20999df2af8eb42d56 -> 
  custom:video-decoder-ogg-theora: a1e56fd34408186e4bbccfd4996cb3dc -> 
  custom:CustomObjectIndexerAttribute: a3ef5dd2817f97addfee359851a9dba5 -> 
  custom:container-demuxer-webm: 4f35f7cbe854078d1ac9338744f61a02 -> 
  custom:scripting/monoscript/fileName/Enemy.cs: 13cc614454c9ae28caa24456faa3d7cf -> 
  custom:video-encoder-webm-vp8: eb34c28f22e8b96e1ab97ce403110664 -> 
========================================================================
Received Prepare
Begin MonoManager ReloadAssembly
- Loaded All Assemblies, in  0.673 seconds
Refreshing native plugins compatible for Editor in 7.75 ms, found 3 plugins.
Native extension for WindowsStandalone target not found
Native extension for Android target not found
[Package Manager] Server::EnsureServerProcessIsRunning -- launch failed, reason: Unity was launched with the -noUpm command-line argument
[Package Manager] UpmClient::Send -- Unable to send message (not connected to UPM process).
[Package Manager] Cannot connect to Unity Package Manager local server
Mono: successfully reloaded assembly
- Finished resetting the current domain, in  1.840 seconds
Domain Reload Profiling: 2509ms
	BeginReloadAssembly (176ms)
		ExecutionOrderSort (0ms)
		DisableScriptedObjects (6ms)
		BackupInstance (0ms)
		ReleaseScriptingObjects (0ms)
		CreateAndSetChildDomain (44ms)
	RebuildCommonClasses (37ms)
	RebuildNativeTypeToScriptingClass (9ms)
	initialDomainReloadingComplete (30ms)
	LoadAllAssembliesAndSetupDomain (416ms)
		LoadAssemblies (448ms)
		RebuildTransferFunctionScriptingTraits (0ms)
		AnalyzeDomain (54ms)
			TypeCache.Refresh (12ms)
				TypeCache.ScanAssembly (2ms)
			ScanForSourceGeneratedMonoScriptInfo (27ms)
			ResolveRequiredComponents (12ms)
	FinalizeReload (1840ms)
		ReleaseScriptCaches (0ms)
		RebuildScriptCaches (0ms)
		SetupLoadedEditorAssemblies (625ms)
			LogAssemblyErrors (0ms)
			InitializePlatformSupportModulesInManaged (27ms)
			SetLoadedEditorAssemblies (4ms)
			RefreshPlugins (0ms)
			BeforeProcessingInitializeOnLoad (141ms)
			ProcessInitializeOnLoadAttributes (365ms)
			ProcessInitializeOnLoadMethodAttributes (78ms)
			AfterProcessingInitializeOnLoad (9ms)
			EditorAssembliesLoaded (0ms)
		ExecutionOrderSort2 (0ms)
		AwakeInstancesAfterBackupRestoration (15ms)
Refreshing native plugins compatible for Editor in 7.41 ms, found 3 plugins.
Preloading 0 native plugins for Editor in 0.00 ms.
Unloading 6402 Unused Serialized files (Serialized files now loaded: 0)
Unloading 47 unused Assets / (1.1 MB). Loaded Objects now: 7700.
Memory consumption went from 246.2 MB to 245.1 MB.
Total: 4.394700 ms (FindLiveObjects: 0.814600 ms CreateObjectMapping: 0.225900 ms MarkObjects: 3.038600 ms  DeleteObjects: 0.314500 ms)

Prepare: number of updated asset objects reloaded= 0
AssetImportParameters requested are different than current active one (requested -> active):
  custom:container-demuxer-ogg: 62fdf1f143b41e24485cea50d1cbac27 -> 
  custom:framework-win-MediaFoundation: 216162199b28c13a410421893ffa2e32 -> 
  custom:container-muxer-webm: aa71ff27fc2769a1b78a27578f13a17b -> 
  custom:video-decoder-webm-vp8: 9c59270c3fd7afecdb556c50c9e8de78 -> 
  custom:SearchIndexIgnoredProperties: e643bd26f0fe6173181afceb89e7c659 -> 
  custom:AudioImporter_EditorPlatform: d09bf68614088b80899f8185d706f6e7 -> 
  custom:audio-decoder-ogg-vorbis: bf7c407c2cedff20999df2af8eb42d56 -> 
  custom:audio-encoder-webm-vorbis: bf7c407c2cedff20999df2af8eb42d56 -> 
  custom:video-decoder-ogg-theora: a1e56fd34408186e4bbccfd4996cb3dc -> 
  custom:CustomObjectIndexerAttribute: a3ef5dd2817f97addfee359851a9dba5 -> 
  custom:container-demuxer-webm: 4f35f7cbe854078d1ac9338744f61a02 -> 
  custom:scripting/monoscript/fileName/Enemy.cs: 13cc614454c9ae28caa24456faa3d7cf -> 
  custom:video-encoder-webm-vp8: eb34c28f22e8b96e1ab97ce403110664 -> 
========================================================================
Received Prepare
Begin MonoManager ReloadAssembly
- Loaded All Assemblies, in  0.567 seconds
Refreshing native plugins compatible for Editor in 5.99 ms, found 3 plugins.
Native extension for WindowsStandalone target not found
Native extension for Android target not found
[Package Manager] Server::EnsureServerProcessIsRunning -- launch failed, reason: Unity was launched with the -noUpm command-line argument
[Package Manager] UpmClient::Send -- Unable to send message (not connected to UPM process).
[Package Manager] Cannot connect to Unity Package Manager local server
Mono: successfully reloaded assembly
- Finished resetting the current domain, in  1.637 seconds
Domain Reload Profiling: 2200ms
	BeginReloadAssembly (163ms)
		ExecutionOrderSort (0ms)
		DisableScriptedObjects (6ms)
		BackupInstance (0ms)
		ReleaseScriptingObjects (0ms)
		CreateAndSetChildDomain (43ms)
	RebuildCommonClasses (29ms)
	RebuildNativeTypeToScriptingClass (10ms)
	initialDomainReloadingComplete (31ms)
	LoadAllAssembliesAndSetupDomain (330ms)
		LoadAssemblies (386ms)
		RebuildTransferFunctionScriptingTraits (0ms)
		AnalyzeDomain (21ms)
			TypeCache.Refresh (7ms)
				TypeCache.ScanAssembly (0ms)
			ScanForSourceGeneratedMonoScriptInfo (0ms)
			ResolveRequiredComponents (12ms)
	FinalizeReload (1638ms)
		ReleaseScriptCaches (0ms)
		RebuildScriptCaches (0ms)
		SetupLoadedEditorAssemblies (608ms)
			LogAssemblyErrors (0ms)
			InitializePlatformSupportModulesInManaged (25ms)
			SetLoadedEditorAssemblies (4ms)
			RefreshPlugins (0ms)
			BeforeProcessingInitializeOnLoad (137ms)
			ProcessInitializeOnLoadAttributes (362ms)
			ProcessInitializeOnLoadMethodAttributes (71ms)
			AfterProcessingInitializeOnLoad (8ms)
			EditorAssembliesLoaded (0ms)
		ExecutionOrderSort2 (0ms)
		AwakeInstancesAfterBackupRestoration (16ms)
Refreshing native plugins compatible for Editor in 5.78 ms, found 3 plugins.
Preloading 0 native plugins for Editor in 0.00 ms.
Unloading 6402 Unused Serialized files (Serialized files now loaded: 0)
Unloading 47 unused Assets / (1.1 MB). Loaded Objects now: 7716.
Memory consumption went from 246.2 MB to 245.1 MB.
Total: 4.440000 ms (FindLiveObjects: 0.570800 ms CreateObjectMapping: 0.261300 ms MarkObjects: 3.322100 ms  DeleteObjects: 0.284500 ms)

Prepare: number of updated asset objects reloaded= 0
AssetImportParameters requested are different than current active one (requested -> active):
  custom:container-demuxer-ogg: 62fdf1f143b41e24485cea50d1cbac27 -> 
  custom:framework-win-MediaFoundation: 216162199b28c13a410421893ffa2e32 -> 
  custom:container-muxer-webm: aa71ff27fc2769a1b78a27578f13a17b -> 
  custom:video-decoder-webm-vp8: 9c59270c3fd7afecdb556c50c9e8de78 -> 
  custom:SearchIndexIgnoredProperties: e643bd26f0fe6173181afceb89e7c659 -> 
  custom:AudioImporter_EditorPlatform: d09bf68614088b80899f8185d706f6e7 -> 
  custom:audio-decoder-ogg-vorbis: bf7c407c2cedff20999df2af8eb42d56 -> 
  custom:audio-encoder-webm-vorbis: bf7c407c2cedff20999df2af8eb42d56 -> 
  custom:video-decoder-ogg-theora: a1e56fd34408186e4bbccfd4996cb3dc -> 
  custom:CustomObjectIndexerAttribute: a3ef5dd2817f97addfee359851a9dba5 -> 
  custom:container-demuxer-webm: 4f35f7cbe854078d1ac9338744f61a02 -> 
  custom:scripting/monoscript/fileName/Enemy.cs: 13cc614454c9ae28caa24456faa3d7cf -> 
  custom:video-encoder-webm-vp8: eb34c28f22e8b96e1ab97ce403110664 -> 
========================================================================
Received Prepare
Begin MonoManager ReloadAssembly
- Loaded All Assemblies, in  0.764 seconds
Refreshing native plugins compatible for Editor in 5.07 ms, found 3 plugins.
Native extension for WindowsStandalone target not found
Native extension for Android target not found
[Package Manager] Server::EnsureServerProcessIsRunning -- launch failed, reason: Unity was launched with the -noUpm command-line argument
[Package Manager] UpmClient::Send -- Unable to send message (not connected to UPM process).
[Package Manager] Cannot connect to Unity Package Manager local server
Mono: successfully reloaded assembly
- Finished resetting the current domain, in  1.879 seconds
Domain Reload Profiling: 2638ms
	BeginReloadAssembly (178ms)
		ExecutionOrderSort (0ms)
		DisableScriptedObjects (6ms)
		BackupInstance (0ms)
		ReleaseScriptingObjects (0ms)
		CreateAndSetChildDomain (50ms)
	RebuildCommonClasses (32ms)
	RebuildNativeTypeToScriptingClass (10ms)
	initialDomainReloadingComplete (31ms)
	LoadAllAssembliesAndSetupDomain (508ms)
		LoadAssemblies (519ms)
		RebuildTransferFunctionScriptingTraits (0ms)
		AnalyzeDomain (69ms)
			TypeCache.Refresh (19ms)
				TypeCache.ScanAssembly (2ms)
			ScanForSourceGeneratedMonoScriptInfo (37ms)
			ResolveRequiredComponents (12ms)
	FinalizeReload (1879ms)
		ReleaseScriptCaches (0ms)
		RebuildScriptCaches (0ms)
		SetupLoadedEditorAssemblies (626ms)
			LogAssemblyErrors (0ms)
			InitializePlatformSupportModulesInManaged (25ms)
			SetLoadedEditorAssemblies (4ms)
			RefreshPlugins (0ms)
			BeforeProcessingInitializeOnLoad (148ms)
			ProcessInitializeOnLoadAttributes (370ms)
			ProcessInitializeOnLoadMethodAttributes (71ms)
			AfterProcessingInitializeOnLoad (8ms)
			EditorAssembliesLoaded (0ms)
		ExecutionOrderSort2 (0ms)
		AwakeInstancesAfterBackupRestoration (16ms)
Script is not up to date after domain reload: guid(8b514cff5a7fdab43b822a6c50707649) path("Assets/Scripts/Enemy/EnemyBase.cs") state(2)
Refreshing native plugins compatible for Editor in 5.34 ms, found 3 plugins.
Preloading 0 native plugins for Editor in 0.00 ms.
Unloading 6401 Unused Serialized files (Serialized files now loaded: 0)
Unloading 47 unused Assets / (1.1 MB). Loaded Objects now: 7731.
Memory consumption went from 246.2 MB to 245.1 MB.
Total: 4.441300 ms (FindLiveObjects: 0.590900 ms CreateObjectMapping: 0.334000 ms MarkObjects: 3.267600 ms  DeleteObjects: 0.246900 ms)

Prepare: number of updated asset objects reloaded= 0
AssetImportParameters requested are different than current active one (requested -> active):
  custom:container-demuxer-ogg: 62fdf1f143b41e24485cea50d1cbac27 -> 
  custom:framework-win-MediaFoundation: 216162199b28c13a410421893ffa2e32 -> 
  custom:container-muxer-webm: aa71ff27fc2769a1b78a27578f13a17b -> 
  custom:video-decoder-webm-vp8: 9c59270c3fd7afecdb556c50c9e8de78 -> 
  custom:SearchIndexIgnoredProperties: e643bd26f0fe6173181afceb89e7c659 -> 
  custom:AudioImporter_EditorPlatform: d09bf68614088b80899f8185d706f6e7 -> 
  custom:audio-decoder-ogg-vorbis: bf7c407c2cedff20999df2af8eb42d56 -> 
  custom:audio-encoder-webm-vorbis: bf7c407c2cedff20999df2af8eb42d56 -> 
  custom:video-decoder-ogg-theora: a1e56fd34408186e4bbccfd4996cb3dc -> 
  custom:CustomObjectIndexerAttribute: a3ef5dd2817f97addfee359851a9dba5 -> 
  custom:container-demuxer-webm: 4f35f7cbe854078d1ac9338744f61a02 -> 
  custom:scripting/monoscript/fileName/Enemy.cs: 13cc614454c9ae28caa24456faa3d7cf -> 
  custom:video-encoder-webm-vp8: eb34c28f22e8b96e1ab97ce403110664 -> 
========================================================================
Received Prepare
Begin MonoManager ReloadAssembly
- Loaded All Assemblies, in  0.635 seconds
Refreshing native plugins compatible for Editor in 6.24 ms, found 3 plugins.
Native extension for WindowsStandalone target not found
Native extension for Android target not found
[Package Manager] Server::EnsureServerProcessIsRunning -- launch failed, reason: Unity was launched with the -noUpm command-line argument
[Package Manager] UpmClient::Send -- Unable to send message (not connected to UPM process).
[Package Manager] Cannot connect to Unity Package Manager local server
Mono: successfully reloaded assembly
- Finished resetting the current domain, in  1.644 seconds
Domain Reload Profiling: 2273ms
	BeginReloadAssembly (189ms)
		ExecutionOrderSort (0ms)
		DisableScriptedObjects (6ms)
		BackupInstance (0ms)
		ReleaseScriptingObjects (0ms)
		CreateAndSetChildDomain (49ms)
	RebuildCommonClasses (29ms)
	RebuildNativeTypeToScriptingClass (11ms)
	initialDomainReloadingComplete (34ms)
	LoadAllAssembliesAndSetupDomain (366ms)
		LoadAssemblies (415ms)
		RebuildTransferFunctionScriptingTraits (0ms)
		AnalyzeDomain (48ms)
			TypeCache.Refresh (11ms)
				TypeCache.ScanAssembly (1ms)
			ScanForSourceGeneratedMonoScriptInfo (25ms)
			ResolveRequiredComponents (11ms)
	FinalizeReload (1645ms)
		ReleaseScriptCaches (0ms)
		RebuildScriptCaches (0ms)
		SetupLoadedEditorAssemblies (589ms)
			LogAssemblyErrors (0ms)
			InitializePlatformSupportModulesInManaged (25ms)
			SetLoadedEditorAssemblies (6ms)
			RefreshPlugins (0ms)
			BeforeProcessingInitializeOnLoad (130ms)
			ProcessInitializeOnLoadAttributes (355ms)
			ProcessInitializeOnLoadMethodAttributes (64ms)
			AfterProcessingInitializeOnLoad (8ms)
			EditorAssembliesLoaded (0ms)
		ExecutionOrderSort2 (0ms)
		AwakeInstancesAfterBackupRestoration (15ms)
Refreshing native plugins compatible for Editor in 5.09 ms, found 3 plugins.
Preloading 0 native plugins for Editor in 0.00 ms.
Unloading 6402 Unused Serialized files (Serialized files now loaded: 0)
Unloading 47 unused Assets / (1.1 MB). Loaded Objects now: 7748.
Memory consumption went from 246.3 MB to 245.2 MB.
Total: 4.154900 ms (FindLiveObjects: 0.575400 ms CreateObjectMapping: 0.219600 ms MarkObjects: 3.100600 ms  DeleteObjects: 0.258200 ms)

Prepare: number of updated asset objects reloaded= 0
AssetImportParameters requested are different than current active one (requested -> active):
  custom:container-demuxer-ogg: 62fdf1f143b41e24485cea50d1cbac27 -> 
  custom:framework-win-MediaFoundation: 216162199b28c13a410421893ffa2e32 -> 
  custom:container-muxer-webm: aa71ff27fc2769a1b78a27578f13a17b -> 
  custom:video-decoder-webm-vp8: 9c59270c3fd7afecdb556c50c9e8de78 -> 
  custom:SearchIndexIgnoredProperties: e643bd26f0fe6173181afceb89e7c659 -> 
  custom:AudioImporter_EditorPlatform: d09bf68614088b80899f8185d706f6e7 -> 
  custom:audio-decoder-ogg-vorbis: bf7c407c2cedff20999df2af8eb42d56 -> 
  custom:audio-encoder-webm-vorbis: bf7c407c2cedff20999df2af8eb42d56 -> 
  custom:video-decoder-ogg-theora: a1e56fd34408186e4bbccfd4996cb3dc -> 
  custom:CustomObjectIndexerAttribute: a3ef5dd2817f97addfee359851a9dba5 -> 
  custom:container-demuxer-webm: 4f35f7cbe854078d1ac9338744f61a02 -> 
  custom:scripting/monoscript/fileName/Enemy.cs: 13cc614454c9ae28caa24456faa3d7cf -> 
  custom:video-encoder-webm-vp8: eb34c28f22e8b96e1ab97ce403110664 -> 
========================================================================
Received Prepare
Begin MonoManager ReloadAssembly
- Loaded All Assemblies, in  0.611 seconds
Refreshing native plugins compatible for Editor in 5.47 ms, found 3 plugins.
Native extension for WindowsStandalone target not found
Native extension for Android target not found
[Package Manager] Server::EnsureServerProcessIsRunning -- launch failed, reason: Unity was launched with the -noUpm command-line argument
[Package Manager] UpmClient::Send -- Unable to send message (not connected to UPM process).
[Package Manager] Cannot connect to Unity Package Manager local server
Mono: successfully reloaded assembly
- Finished resetting the current domain, in  1.740 seconds
Domain Reload Profiling: 2347ms
	BeginReloadAssembly (160ms)
		ExecutionOrderSort (0ms)
		DisableScriptedObjects (6ms)
		BackupInstance (0ms)
		ReleaseScriptingObjects (0ms)
		CreateAndSetChildDomain (42ms)
	RebuildCommonClasses (28ms)
	RebuildNativeTypeToScriptingClass (9ms)
	initialDomainReloadingComplete (33ms)
	LoadAllAssembliesAndSetupDomain (375ms)
		LoadAssemblies (389ms)
		RebuildTransferFunctionScriptingTraits (0ms)
		AnalyzeDomain (62ms)
			TypeCache.Refresh (12ms)
				TypeCache.ScanAssembly (2ms)
			ScanForSourceGeneratedMonoScriptInfo (35ms)
			ResolveRequiredComponents (13ms)
	FinalizeReload (1741ms)
		ReleaseScriptCaches (0ms)
		RebuildScriptCaches (0ms)
		SetupLoadedEditorAssemblies (676ms)
			LogAssemblyErrors (0ms)
			InitializePlatformSupportModulesInManaged (26ms)
			SetLoadedEditorAssemblies (5ms)
			RefreshPlugins (0ms)
			BeforeProcessingInitializeOnLoad (141ms)
			ProcessInitializeOnLoadAttributes (386ms)
			ProcessInitializeOnLoadMethodAttributes (107ms)
			AfterProcessingInitializeOnLoad (11ms)
			EditorAssembliesLoaded (0ms)
		ExecutionOrderSort2 (0ms)
		AwakeInstancesAfterBackupRestoration (22ms)
Script is not up to date after domain reload: guid(8b514cff5a7fdab43b822a6c50707649) path("Assets/Scripts/Enemy/EnemyBase.cs") state(2)
Refreshing native plugins compatible for Editor in 5.46 ms, found 3 plugins.
Preloading 0 native plugins for Editor in 0.00 ms.
Unloading 6401 Unused Serialized files (Serialized files now loaded: 0)
Unloading 47 unused Assets / (1.1 MB). Loaded Objects now: 7763.
Memory consumption went from 246.3 MB to 245.1 MB.
Total: 4.015300 ms (FindLiveObjects: 0.564500 ms CreateObjectMapping: 0.208200 ms MarkObjects: 2.988400 ms  DeleteObjects: 0.253200 ms)

Prepare: number of updated asset objects reloaded= 0
AssetImportParameters requested are different than current active one (requested -> active):
  custom:container-demuxer-ogg: 62fdf1f143b41e24485cea50d1cbac27 -> 
  custom:framework-win-MediaFoundation: 216162199b28c13a410421893ffa2e32 -> 
  custom:container-muxer-webm: aa71ff27fc2769a1b78a27578f13a17b -> 
  custom:video-decoder-webm-vp8: 9c59270c3fd7afecdb556c50c9e8de78 -> 
  custom:SearchIndexIgnoredProperties: e643bd26f0fe6173181afceb89e7c659 -> 
  custom:AudioImporter_EditorPlatform: d09bf68614088b80899f8185d706f6e7 -> 
  custom:audio-decoder-ogg-vorbis: bf7c407c2cedff20999df2af8eb42d56 -> 
  custom:audio-encoder-webm-vorbis: bf7c407c2cedff20999df2af8eb42d56 -> 
  custom:video-decoder-ogg-theora: a1e56fd34408186e4bbccfd4996cb3dc -> 
  custom:CustomObjectIndexerAttribute: a3ef5dd2817f97addfee359851a9dba5 -> 
  custom:container-demuxer-webm: 4f35f7cbe854078d1ac9338744f61a02 -> 
  custom:scripting/monoscript/fileName/Enemy.cs: 13cc614454c9ae28caa24456faa3d7cf -> 
  custom:video-encoder-webm-vp8: eb34c28f22e8b96e1ab97ce403110664 -> 
========================================================================
Received Prepare
Begin MonoManager ReloadAssembly
- Loaded All Assemblies, in  0.612 seconds
Refreshing native plugins compatible for Editor in 6.12 ms, found 3 plugins.
Native extension for WindowsStandalone target not found
Native extension for Android target not found
[Package Manager] Server::EnsureServerProcessIsRunning -- launch failed, reason: Unity was launched with the -noUpm command-line argument
[Package Manager] UpmClient::Send -- Unable to send message (not connected to UPM process).
[Package Manager] Cannot connect to Unity Package Manager local server
Mono: successfully reloaded assembly
- Finished resetting the current domain, in  1.634 seconds
Domain Reload Profiling: 2242ms
	BeginReloadAssembly (165ms)
		ExecutionOrderSort (0ms)
		DisableScriptedObjects (5ms)
		BackupInstance (0ms)
		ReleaseScriptingObjects (0ms)
		CreateAndSetChildDomain (42ms)
	RebuildCommonClasses (46ms)
	RebuildNativeTypeToScriptingClass (13ms)
	initialDomainReloadingComplete (32ms)
	LoadAllAssembliesAndSetupDomain (351ms)
		LoadAssemblies (380ms)
		RebuildTransferFunctionScriptingTraits (0ms)
		AnalyzeDomain (52ms)
			TypeCache.Refresh (11ms)
				TypeCache.ScanAssembly (2ms)
			ScanForSourceGeneratedMonoScriptInfo (27ms)
			ResolveRequiredComponents (12ms)
	FinalizeReload (1634ms)
		ReleaseScriptCaches (0ms)
		RebuildScriptCaches (0ms)
		SetupLoadedEditorAssemblies (608ms)
			LogAssemblyErrors (0ms)
			InitializePlatformSupportModulesInManaged (24ms)
			SetLoadedEditorAssemblies (4ms)
			RefreshPlugins (0ms)
			BeforeProcessingInitializeOnLoad (138ms)
			ProcessInitializeOnLoadAttributes (365ms)
			ProcessInitializeOnLoadMethodAttributes (68ms)
			AfterProcessingInitializeOnLoad (8ms)
			EditorAssembliesLoaded (0ms)
		ExecutionOrderSort2 (0ms)
		AwakeInstancesAfterBackupRestoration (16ms)
Refreshing native plugins compatible for Editor in 5.72 ms, found 3 plugins.
Preloading 0 native plugins for Editor in 0.00 ms.
Unloading 6402 Unused Serialized files (Serialized files now loaded: 0)
Unloading 47 unused Assets / (1.1 MB). Loaded Objects now: 7780.
Memory consumption went from 246.3 MB to 245.2 MB.
Total: 3.968000 ms (FindLiveObjects: 0.573700 ms CreateObjectMapping: 0.211600 ms MarkObjects: 2.941200 ms  DeleteObjects: 0.240600 ms)

Prepare: number of updated asset objects reloaded= 0
AssetImportParameters requested are different than current active one (requested -> active):
  custom:container-demuxer-ogg: 62fdf1f143b41e24485cea50d1cbac27 -> 
  custom:framework-win-MediaFoundation: 216162199b28c13a410421893ffa2e32 -> 
  custom:container-muxer-webm: aa71ff27fc2769a1b78a27578f13a17b -> 
  custom:video-decoder-webm-vp8: 9c59270c3fd7afecdb556c50c9e8de78 -> 
  custom:SearchIndexIgnoredProperties: e643bd26f0fe6173181afceb89e7c659 -> 
  custom:AudioImporter_EditorPlatform: d09bf68614088b80899f8185d706f6e7 -> 
  custom:audio-decoder-ogg-vorbis: bf7c407c2cedff20999df2af8eb42d56 -> 
  custom:audio-encoder-webm-vorbis: bf7c407c2cedff20999df2af8eb42d56 -> 
  custom:video-decoder-ogg-theora: a1e56fd34408186e4bbccfd4996cb3dc -> 
  custom:CustomObjectIndexerAttribute: a3ef5dd2817f97addfee359851a9dba5 -> 
  custom:container-demuxer-webm: 4f35f7cbe854078d1ac9338744f61a02 -> 
  custom:scripting/monoscript/fileName/Enemy.cs: 13cc614454c9ae28caa24456faa3d7cf -> 
  custom:video-encoder-webm-vp8: eb34c28f22e8b96e1ab97ce403110664 -> 
========================================================================
Received Prepare
Begin MonoManager ReloadAssembly
- Loaded All Assemblies, in  0.575 seconds
Refreshing native plugins compatible for Editor in 5.18 ms, found 3 plugins.
Native extension for WindowsStandalone target not found
Native extension for Android target not found
[Package Manager] Server::EnsureServerProcessIsRunning -- launch failed, reason: Unity was launched with the -noUpm command-line argument
[Package Manager] UpmClient::Send -- Unable to send message (not connected to UPM process).
[Package Manager] Cannot connect to Unity Package Manager local server
Mono: successfully reloaded assembly
- Finished resetting the current domain, in  1.669 seconds
Domain Reload Profiling: 2240ms
	BeginReloadAssembly (163ms)
		ExecutionOrderSort (0ms)
		DisableScriptedObjects (6ms)
		BackupInstance (0ms)
		ReleaseScriptingObjects (0ms)
		CreateAndSetChildDomain (40ms)
	RebuildCommonClasses (28ms)
	RebuildNativeTypeToScriptingClass (10ms)
	initialDomainReloadingComplete (30ms)
	LoadAllAssembliesAndSetupDomain (340ms)
		LoadAssemblies (400ms)
		RebuildTransferFunctionScriptingTraits (0ms)
		AnalyzeDomain (21ms)
			TypeCache.Refresh (7ms)
				TypeCache.ScanAssembly (0ms)
			ScanForSourceGeneratedMonoScriptInfo (0ms)
			ResolveRequiredComponents (12ms)
	FinalizeReload (1669ms)
		ReleaseScriptCaches (0ms)
		RebuildScriptCaches (0ms)
		SetupLoadedEditorAssemblies (612ms)
			LogAssemblyErrors (0ms)
			InitializePlatformSupportModulesInManaged (25ms)
			SetLoadedEditorAssemblies (5ms)
			RefreshPlugins (0ms)
			BeforeProcessingInitializeOnLoad (138ms)
			ProcessInitializeOnLoadAttributes (367ms)
			ProcessInitializeOnLoadMethodAttributes (69ms)
			AfterProcessingInitializeOnLoad (8ms)
			EditorAssembliesLoaded (0ms)
		ExecutionOrderSort2 (0ms)
		AwakeInstancesAfterBackupRestoration (17ms)
Refreshing native plugins compatible for Editor in 6.05 ms, found 3 plugins.
Preloading 0 native plugins for Editor in 0.00 ms.
Unloading 6402 Unused Serialized files (Serialized files now loaded: 0)
Unloading 47 unused Assets / (1.1 MB). Loaded Objects now: 7796.
Memory consumption went from 246.3 MB to 245.2 MB.
Total: 4.772100 ms (FindLiveObjects: 0.595300 ms CreateObjectMapping: 0.235900 ms MarkObjects: 3.628700 ms  DeleteObjects: 0.310800 ms)

Prepare: number of updated asset objects reloaded= 0
AssetImportParameters requested are different than current active one (requested -> active):
  custom:container-demuxer-ogg: 62fdf1f143b41e24485cea50d1cbac27 -> 
  custom:framework-win-MediaFoundation: 216162199b28c13a410421893ffa2e32 -> 
  custom:container-muxer-webm: aa71ff27fc2769a1b78a27578f13a17b -> 
  custom:video-decoder-webm-vp8: 9c59270c3fd7afecdb556c50c9e8de78 -> 
  custom:SearchIndexIgnoredProperties: e643bd26f0fe6173181afceb89e7c659 -> 
  custom:AudioImporter_EditorPlatform: d09bf68614088b80899f8185d706f6e7 -> 
  custom:audio-decoder-ogg-vorbis: bf7c407c2cedff20999df2af8eb42d56 -> 
  custom:audio-encoder-webm-vorbis: bf7c407c2cedff20999df2af8eb42d56 -> 
  custom:video-decoder-ogg-theora: a1e56fd34408186e4bbccfd4996cb3dc -> 
  custom:CustomObjectIndexerAttribute: a3ef5dd2817f97addfee359851a9dba5 -> 
  custom:container-demuxer-webm: 4f35f7cbe854078d1ac9338744f61a02 -> 
  custom:scripting/monoscript/fileName/Enemy.cs: 13cc614454c9ae28caa24456faa3d7cf -> 
  custom:video-encoder-webm-vp8: eb34c28f22e8b96e1ab97ce403110664 -> 
========================================================================
Received Prepare
Begin MonoManager ReloadAssembly
- Loaded All Assemblies, in  0.743 seconds
Refreshing native plugins compatible for Editor in 7.14 ms, found 3 plugins.
Native extension for WindowsStandalone target not found
Native extension for Android target not found
[Package Manager] Server::EnsureServerProcessIsRunning -- launch failed, reason: Unity was launched with the -noUpm command-line argument
[Package Manager] UpmClient::Send -- Unable to send message (not connected to UPM process).
[Package Manager] Cannot connect to Unity Package Manager local server
Mono: successfully reloaded assembly
- Finished resetting the current domain, in  1.819 seconds
Domain Reload Profiling: 2557ms
	BeginReloadAssembly (220ms)
		ExecutionOrderSort (0ms)
		DisableScriptedObjects (6ms)
		BackupInstance (0ms)
		ReleaseScriptingObjects (0ms)
		CreateAndSetChildDomain (53ms)
	RebuildCommonClasses (35ms)
	RebuildNativeTypeToScriptingClass (14ms)
	initialDomainReloadingComplete (44ms)
	LoadAllAssembliesAndSetupDomain (425ms)
		LoadAssemblies (468ms)
		RebuildTransferFunctionScriptingTraits (0ms)
		AnalyzeDomain (77ms)
			TypeCache.Refresh (22ms)
				TypeCache.ScanAssembly (2ms)
			ScanForSourceGeneratedMonoScriptInfo (38ms)
			ResolveRequiredComponents (15ms)
	FinalizeReload (1819ms)
		ReleaseScriptCaches (0ms)
		RebuildScriptCaches (0ms)
		SetupLoadedEditorAssemblies (682ms)
			LogAssemblyErrors (0ms)
			InitializePlatformSupportModulesInManaged (30ms)
			SetLoadedEditorAssemblies (8ms)
			RefreshPlugins (0ms)
			BeforeProcessingInitializeOnLoad (172ms)
			ProcessInitializeOnLoadAttributes (394ms)
			ProcessInitializeOnLoadMethodAttributes (70ms)
			AfterProcessingInitializeOnLoad (8ms)
			EditorAssembliesLoaded (0ms)
		ExecutionOrderSort2 (0ms)
		AwakeInstancesAfterBackupRestoration (15ms)
Refreshing native plugins compatible for Editor in 4.86 ms, found 3 plugins.
Preloading 0 native plugins for Editor in 0.00 ms.
Unloading 6402 Unused Serialized files (Serialized files now loaded: 0)
Unloading 47 unused Assets / (1.1 MB). Loaded Objects now: 7812.
Memory consumption went from 246.3 MB to 245.2 MB.
Total: 4.352200 ms (FindLiveObjects: 0.688700 ms CreateObjectMapping: 0.309800 ms MarkObjects: 3.114500 ms  DeleteObjects: 0.237100 ms)

Prepare: number of updated asset objects reloaded= 0
AssetImportParameters requested are different than current active one (requested -> active):
  custom:container-demuxer-ogg: 62fdf1f143b41e24485cea50d1cbac27 -> 
  custom:framework-win-MediaFoundation: 216162199b28c13a410421893ffa2e32 -> 
  custom:container-muxer-webm: aa71ff27fc2769a1b78a27578f13a17b -> 
  custom:video-decoder-webm-vp8: 9c59270c3fd7afecdb556c50c9e8de78 -> 
  custom:SearchIndexIgnoredProperties: e643bd26f0fe6173181afceb89e7c659 -> 
  custom:AudioImporter_EditorPlatform: d09bf68614088b80899f8185d706f6e7 -> 
  custom:audio-decoder-ogg-vorbis: bf7c407c2cedff20999df2af8eb42d56 -> 
  custom:audio-encoder-webm-vorbis: bf7c407c2cedff20999df2af8eb42d56 -> 
  custom:video-decoder-ogg-theora: a1e56fd34408186e4bbccfd4996cb3dc -> 
  custom:CustomObjectIndexerAttribute: a3ef5dd2817f97addfee359851a9dba5 -> 
  custom:container-demuxer-webm: 4f35f7cbe854078d1ac9338744f61a02 -> 
  custom:scripting/monoscript/fileName/Enemy.cs: 13cc614454c9ae28caa24456faa3d7cf -> 
  custom:video-encoder-webm-vp8: eb34c28f22e8b96e1ab97ce403110664 -> 
========================================================================
Received Prepare
Begin MonoManager ReloadAssembly
- Loaded All Assemblies, in  0.599 seconds
Refreshing native plugins compatible for Editor in 5.30 ms, found 3 plugins.
Native extension for WindowsStandalone target not found
Native extension for Android target not found
[Package Manager] Server::EnsureServerProcessIsRunning -- launch failed, reason: Unity was launched with the -noUpm command-line argument
[Package Manager] UpmClient::Send -- Unable to send message (not connected to UPM process).
[Package Manager] Cannot connect to Unity Package Manager local server
Mono: successfully reloaded assembly
- Finished resetting the current domain, in  1.650 seconds
Domain Reload Profiling: 2242ms
	BeginReloadAssembly (174ms)
		ExecutionOrderSort (0ms)
		DisableScriptedObjects (5ms)
		BackupInstance (0ms)
		ReleaseScriptingObjects (0ms)
		CreateAndSetChildDomain (48ms)
	RebuildCommonClasses (29ms)
	RebuildNativeTypeToScriptingClass (13ms)
	initialDomainReloadingComplete (39ms)
	LoadAllAssembliesAndSetupDomain (336ms)
		LoadAssemblies (394ms)
		RebuildTransferFunctionScriptingTraits (0ms)
		AnalyzeDomain (21ms)
			TypeCache.Refresh (7ms)
				TypeCache.ScanAssembly (0ms)
			ScanForSourceGeneratedMonoScriptInfo (0ms)
			ResolveRequiredComponents (12ms)
	FinalizeReload (1650ms)
		ReleaseScriptCaches (0ms)
		RebuildScriptCaches (0ms)
		SetupLoadedEditorAssemblies (617ms)
			LogAssemblyErrors (0ms)
			InitializePlatformSupportModulesInManaged (24ms)
			SetLoadedEditorAssemblies (5ms)
			RefreshPlugins (0ms)
			BeforeProcessingInitializeOnLoad (143ms)
			ProcessInitializeOnLoadAttributes (360ms)
			ProcessInitializeOnLoadMethodAttributes (78ms)
			AfterProcessingInitializeOnLoad (8ms)
			EditorAssembliesLoaded (0ms)
		ExecutionOrderSort2 (0ms)
		AwakeInstancesAfterBackupRestoration (17ms)
Refreshing native plugins compatible for Editor in 5.62 ms, found 3 plugins.
Preloading 0 native plugins for Editor in 0.00 ms.
Unloading 6402 Unused Serialized files (Serialized files now loaded: 0)
Unloading 47 unused Assets / (1.1 MB). Loaded Objects now: 7828.
Memory consumption went from 246.3 MB to 245.2 MB.
Total: 4.158100 ms (FindLiveObjects: 0.602300 ms CreateObjectMapping: 0.257000 ms MarkObjects: 3.002500 ms  DeleteObjects: 0.295000 ms)

Prepare: number of updated asset objects reloaded= 0
AssetImportParameters requested are different than current active one (requested -> active):
  custom:container-demuxer-ogg: 62fdf1f143b41e24485cea50d1cbac27 -> 
  custom:framework-win-MediaFoundation: 216162199b28c13a410421893ffa2e32 -> 
  custom:container-muxer-webm: aa71ff27fc2769a1b78a27578f13a17b -> 
  custom:video-decoder-webm-vp8: 9c59270c3fd7afecdb556c50c9e8de78 -> 
  custom:SearchIndexIgnoredProperties: e643bd26f0fe6173181afceb89e7c659 -> 
  custom:AudioImporter_EditorPlatform: d09bf68614088b80899f8185d706f6e7 -> 
  custom:audio-decoder-ogg-vorbis: bf7c407c2cedff20999df2af8eb42d56 -> 
  custom:audio-encoder-webm-vorbis: bf7c407c2cedff20999df2af8eb42d56 -> 
  custom:video-decoder-ogg-theora: a1e56fd34408186e4bbccfd4996cb3dc -> 
  custom:CustomObjectIndexerAttribute: a3ef5dd2817f97addfee359851a9dba5 -> 
  custom:container-demuxer-webm: 4f35f7cbe854078d1ac9338744f61a02 -> 
  custom:scripting/monoscript/fileName/Enemy.cs: 13cc614454c9ae28caa24456faa3d7cf -> 
  custom:video-encoder-webm-vp8: eb34c28f22e8b96e1ab97ce403110664 -> 
========================================================================
Received Prepare
Begin MonoManager ReloadAssembly
- Loaded All Assemblies, in  0.578 seconds
Refreshing native plugins compatible for Editor in 4.98 ms, found 3 plugins.
Native extension for WindowsStandalone target not found
Native extension for Android target not found
[Package Manager] Server::EnsureServerProcessIsRunning -- launch failed, reason: Unity was launched with the -noUpm command-line argument
[Package Manager] UpmClient::Send -- Unable to send message (not connected to UPM process).
[Package Manager] Cannot connect to Unity Package Manager local server
Mono: successfully reloaded assembly
- Finished resetting the current domain, in  1.800 seconds
Domain Reload Profiling: 2374ms
	BeginReloadAssembly (164ms)
		ExecutionOrderSort (0ms)
		DisableScriptedObjects (6ms)
		BackupInstance (0ms)
		ReleaseScriptingObjects (0ms)
		CreateAndSetChildDomain (42ms)
	RebuildCommonClasses (30ms)
	RebuildNativeTypeToScriptingClass (10ms)
	initialDomainReloadingComplete (31ms)
	LoadAllAssembliesAndSetupDomain (338ms)
		LoadAssemblies (396ms)
		RebuildTransferFunctionScriptingTraits (0ms)
		AnalyzeDomain (20ms)
			TypeCache.Refresh (6ms)
				TypeCache.ScanAssembly (0ms)
			ScanForSourceGeneratedMonoScriptInfo (0ms)
			ResolveRequiredComponents (11ms)
	FinalizeReload (1801ms)
		ReleaseScriptCaches (0ms)
		RebuildScriptCaches (0ms)
		SetupLoadedEditorAssemblies (713ms)
			LogAssemblyErrors (0ms)
			InitializePlatformSupportModulesInManaged (26ms)
			SetLoadedEditorAssemblies (5ms)
			RefreshPlugins (0ms)
			BeforeProcessingInitializeOnLoad (166ms)
			ProcessInitializeOnLoadAttributes (418ms)
			ProcessInitializeOnLoadMethodAttributes (88ms)
			AfterProcessingInitializeOnLoad (10ms)
			EditorAssembliesLoaded (0ms)
		ExecutionOrderSort2 (0ms)
		AwakeInstancesAfterBackupRestoration (21ms)
Refreshing native plugins compatible for Editor in 6.00 ms, found 3 plugins.
Preloading 0 native plugins for Editor in 0.00 ms.
Unloading 6402 Unused Serialized files (Serialized files now loaded: 0)
Unloading 47 unused Assets / (1.1 MB). Loaded Objects now: 7844.
Memory consumption went from 246.3 MB to 245.2 MB.
Total: 6.092900 ms (FindLiveObjects: 0.886700 ms CreateObjectMapping: 0.745000 ms MarkObjects: 4.119300 ms  DeleteObjects: 0.326500 ms)

Prepare: number of updated asset objects reloaded= 0
AssetImportParameters requested are different than current active one (requested -> active):
  custom:container-demuxer-ogg: 62fdf1f143b41e24485cea50d1cbac27 -> 
  custom:framework-win-MediaFoundation: 216162199b28c13a410421893ffa2e32 -> 
  custom:container-muxer-webm: aa71ff27fc2769a1b78a27578f13a17b -> 
  custom:video-decoder-webm-vp8: 9c59270c3fd7afecdb556c50c9e8de78 -> 
  custom:SearchIndexIgnoredProperties: e643bd26f0fe6173181afceb89e7c659 -> 
  custom:AudioImporter_EditorPlatform: d09bf68614088b80899f8185d706f6e7 -> 
  custom:audio-decoder-ogg-vorbis: bf7c407c2cedff20999df2af8eb42d56 -> 
  custom:audio-encoder-webm-vorbis: bf7c407c2cedff20999df2af8eb42d56 -> 
  custom:video-decoder-ogg-theora: a1e56fd34408186e4bbccfd4996cb3dc -> 
  custom:CustomObjectIndexerAttribute: a3ef5dd2817f97addfee359851a9dba5 -> 
  custom:container-demuxer-webm: 4f35f7cbe854078d1ac9338744f61a02 -> 
  custom:scripting/monoscript/fileName/Enemy.cs: 13cc614454c9ae28caa24456faa3d7cf -> 
  custom:video-encoder-webm-vp8: eb34c28f22e8b96e1ab97ce403110664 -> 
========================================================================
Received Import Request.
  Time since last request: 1897.849198 seconds.
  path: Assets/Prefabs/Characters/NormalEnemy.prefab
  artifactKey: Guid(fa14dec6309916849b53e60a233ecafc) Importer(815301076,1909f56bfc062723c751e8b465ee728b)
Start importing Assets/Prefabs/Characters/NormalEnemy.prefab using Guid(fa14dec6309916849b53e60a233ecafc) Importer(815301076,1909f56bfc062723c751e8b465ee728b)  -> (artifact id: '51465637cbea3a2dac8441a500be1224') in 0.399953 seconds
Number of updated asset objects reloaded before import = 0
Number of asset objects unloaded after import = 80
========================================================================
Received Import Request.
  Time since last request: 2.857172 seconds.
  path: Assets/Prefabs/Characters/NormalEnemy.prefab
  artifactKey: Guid(fa14dec6309916849b53e60a233ecafc) Importer(815301076,1909f56bfc062723c751e8b465ee728b)
Start importing Assets/Prefabs/Characters/NormalEnemy.prefab using Guid(fa14dec6309916849b53e60a233ecafc) Importer(815301076,1909f56bfc062723c751e8b465ee728b)  -> (artifact id: 'a34214406741cebe72a23a603ed09f5d') in 0.159536 seconds
Number of updated asset objects reloaded before import = 0
Number of asset objects unloaded after import = 88
========================================================================
Received Prepare
Begin MonoManager ReloadAssembly
- Loaded All Assemblies, in  0.752 seconds
Refreshing native plugins compatible for Editor in 5.37 ms, found 3 plugins.
Native extension for WindowsStandalone target not found
Native extension for Android target not found
[Package Manager] Server::EnsureServerProcessIsRunning -- launch failed, reason: Unity was launched with the -noUpm command-line argument
[Package Manager] UpmClient::Send -- Unable to send message (not connected to UPM process).
[Package Manager] Cannot connect to Unity Package Manager local server
Mono: successfully reloaded assembly
- Finished resetting the current domain, in  1.956 seconds
Domain Reload Profiling: 2702ms
	BeginReloadAssembly (219ms)
		ExecutionOrderSort (0ms)
		DisableScriptedObjects (15ms)
		BackupInstance (0ms)
		ReleaseScriptingObjects (0ms)
		CreateAndSetChildDomain (66ms)
	RebuildCommonClasses (34ms)
	RebuildNativeTypeToScriptingClass (13ms)
	initialDomainReloadingComplete (36ms)
	LoadAllAssembliesAndSetupDomain (444ms)
		LoadAssemblies (475ms)
		RebuildTransferFunctionScriptingTraits (0ms)
		AnalyzeDomain (55ms)
			TypeCache.Refresh (11ms)
				TypeCache.ScanAssembly (2ms)
			ScanForSourceGeneratedMonoScriptInfo (25ms)
			ResolveRequiredComponents (17ms)
	FinalizeReload (1956ms)
		ReleaseScriptCaches (0ms)
		RebuildScriptCaches (0ms)
		SetupLoadedEditorAssemblies (717ms)
			LogAssemblyErrors (0ms)
			InitializePlatformSupportModulesInManaged (25ms)
			SetLoadedEditorAssemblies (5ms)
			RefreshPlugins (0ms)
			BeforeProcessingInitializeOnLoad (178ms)
			ProcessInitializeOnLoadAttributes (399ms)
			ProcessInitializeOnLoadMethodAttributes (97ms)
			AfterProcessingInitializeOnLoad (12ms)
			EditorAssembliesLoaded (0ms)
		ExecutionOrderSort2 (0ms)
		AwakeInstancesAfterBackupRestoration (18ms)
Refreshing native plugins compatible for Editor in 8.93 ms, found 3 plugins.
Preloading 0 native plugins for Editor in 0.00 ms.
Unloading 6402 Unused Serialized files (Serialized files now loaded: 0)
Unloading 52 unused Assets / (1.1 MB). Loaded Objects now: 7897.
Memory consumption went from 246.6 MB to 245.5 MB.
Total: 7.136100 ms (FindLiveObjects: 0.597600 ms CreateObjectMapping: 0.286300 ms MarkObjects: 5.844700 ms  DeleteObjects: 0.406000 ms)

Prepare: number of updated asset objects reloaded= 0
AssetImportParameters requested are different than current active one (requested -> active):
  custom:container-demuxer-ogg: 62fdf1f143b41e24485cea50d1cbac27 -> 
  custom:framework-win-MediaFoundation: 216162199b28c13a410421893ffa2e32 -> 
  custom:container-muxer-webm: aa71ff27fc2769a1b78a27578f13a17b -> 
  custom:video-decoder-webm-vp8: 9c59270c3fd7afecdb556c50c9e8de78 -> 
  custom:SearchIndexIgnoredProperties: e643bd26f0fe6173181afceb89e7c659 -> 
  custom:AudioImporter_EditorPlatform: d09bf68614088b80899f8185d706f6e7 -> 
  custom:audio-decoder-ogg-vorbis: bf7c407c2cedff20999df2af8eb42d56 -> 
  custom:audio-encoder-webm-vorbis: bf7c407c2cedff20999df2af8eb42d56 -> 
  custom:video-decoder-ogg-theora: a1e56fd34408186e4bbccfd4996cb3dc -> 
  custom:CustomObjectIndexerAttribute: a3ef5dd2817f97addfee359851a9dba5 -> 
  custom:container-demuxer-webm: 4f35f7cbe854078d1ac9338744f61a02 -> 
  custom:scripting/monoscript/fileName/Enemy.cs: 13cc614454c9ae28caa24456faa3d7cf -> 
  custom:video-encoder-webm-vp8: eb34c28f22e8b96e1ab97ce403110664 -> 
========================================================================
Received Prepare
Begin MonoManager ReloadAssembly
- Loaded All Assemblies, in  0.600 seconds
Refreshing native plugins compatible for Editor in 5.43 ms, found 3 plugins.
Native extension for WindowsStandalone target not found
Native extension for Android target not found
[Package Manager] Server::EnsureServerProcessIsRunning -- launch failed, reason: Unity was launched with the -noUpm command-line argument
[Package Manager] UpmClient::Send -- Unable to send message (not connected to UPM process).
[Package Manager] Cannot connect to Unity Package Manager local server
Mono: successfully reloaded assembly
- Finished resetting the current domain, in  1.646 seconds
Domain Reload Profiling: 2242ms
	BeginReloadAssembly (160ms)
		ExecutionOrderSort (0ms)
		DisableScriptedObjects (6ms)
		BackupInstance (0ms)
		ReleaseScriptingObjects (0ms)
		CreateAndSetChildDomain (41ms)
	RebuildCommonClasses (29ms)
	RebuildNativeTypeToScriptingClass (12ms)
	initialDomainReloadingComplete (30ms)
	LoadAllAssembliesAndSetupDomain (364ms)
		LoadAssemblies (390ms)
		RebuildTransferFunctionScriptingTraits (0ms)
		AnalyzeDomain (51ms)
			TypeCache.Refresh (12ms)
				TypeCache.ScanAssembly (2ms)
			ScanForSourceGeneratedMonoScriptInfo (26ms)
			ResolveRequiredComponents (11ms)
	FinalizeReload (1647ms)
		ReleaseScriptCaches (0ms)
		RebuildScriptCaches (0ms)
		SetupLoadedEditorAssemblies (624ms)
			LogAssemblyErrors (0ms)
			InitializePlatformSupportModulesInManaged (27ms)
			SetLoadedEditorAssemblies (7ms)
			RefreshPlugins (0ms)
			BeforeProcessingInitializeOnLoad (156ms)
			ProcessInitializeOnLoadAttributes (358ms)
			ProcessInitializeOnLoadMethodAttributes (68ms)
			AfterProcessingInitializeOnLoad (8ms)
			EditorAssembliesLoaded (0ms)
		ExecutionOrderSort2 (0ms)
		AwakeInstancesAfterBackupRestoration (17ms)
Refreshing native plugins compatible for Editor in 5.76 ms, found 3 plugins.
Preloading 0 native plugins for Editor in 0.00 ms.
Unloading 6402 Unused Serialized files (Serialized files now loaded: 0)
Unloading 47 unused Assets / (1.1 MB). Loaded Objects now: 7913.
Memory consumption went from 246.5 MB to 245.4 MB.
Total: 4.195000 ms (FindLiveObjects: 0.599100 ms CreateObjectMapping: 0.227700 ms MarkObjects: 3.108400 ms  DeleteObjects: 0.258500 ms)

Prepare: number of updated asset objects reloaded= 0
AssetImportParameters requested are different than current active one (requested -> active):
  custom:container-demuxer-ogg: 62fdf1f143b41e24485cea50d1cbac27 -> 
  custom:framework-win-MediaFoundation: 216162199b28c13a410421893ffa2e32 -> 
  custom:container-muxer-webm: aa71ff27fc2769a1b78a27578f13a17b -> 
  custom:video-decoder-webm-vp8: 9c59270c3fd7afecdb556c50c9e8de78 -> 
  custom:SearchIndexIgnoredProperties: e643bd26f0fe6173181afceb89e7c659 -> 
  custom:AudioImporter_EditorPlatform: d09bf68614088b80899f8185d706f6e7 -> 
  custom:audio-decoder-ogg-vorbis: bf7c407c2cedff20999df2af8eb42d56 -> 
  custom:audio-encoder-webm-vorbis: bf7c407c2cedff20999df2af8eb42d56 -> 
  custom:video-decoder-ogg-theora: a1e56fd34408186e4bbccfd4996cb3dc -> 
  custom:CustomObjectIndexerAttribute: a3ef5dd2817f97addfee359851a9dba5 -> 
  custom:container-demuxer-webm: 4f35f7cbe854078d1ac9338744f61a02 -> 
  custom:scripting/monoscript/fileName/Enemy.cs: 13cc614454c9ae28caa24456faa3d7cf -> 
  custom:video-encoder-webm-vp8: eb34c28f22e8b96e1ab97ce403110664 -> 
========================================================================
Received Prepare
Begin MonoManager ReloadAssembly
- Loaded All Assemblies, in  0.569 seconds
Refreshing native plugins compatible for Editor in 5.31 ms, found 3 plugins.
Native extension for WindowsStandalone target not found
Native extension for Android target not found
[Package Manager] Server::EnsureServerProcessIsRunning -- launch failed, reason: Unity was launched with the -noUpm command-line argument
[Package Manager] UpmClient::Send -- Unable to send message (not connected to UPM process).
[Package Manager] Cannot connect to Unity Package Manager local server
Mono: successfully reloaded assembly
- Finished resetting the current domain, in  1.675 seconds
Domain Reload Profiling: 2239ms
	BeginReloadAssembly (159ms)
		ExecutionOrderSort (0ms)
		DisableScriptedObjects (5ms)
		BackupInstance (0ms)
		ReleaseScriptingObjects (0ms)
		CreateAndSetChildDomain (43ms)
	RebuildCommonClasses (38ms)
	RebuildNativeTypeToScriptingClass (10ms)
	initialDomainReloadingComplete (31ms)
	LoadAllAssembliesAndSetupDomain (326ms)
		LoadAssemblies (380ms)
		RebuildTransferFunctionScriptingTraits (0ms)
		AnalyzeDomain (20ms)
			TypeCache.Refresh (7ms)
				TypeCache.ScanAssembly (0ms)
			ScanForSourceGeneratedMonoScriptInfo (0ms)
			ResolveRequiredComponents (12ms)
	FinalizeReload (1675ms)
		ReleaseScriptCaches (0ms)
		RebuildScriptCaches (0ms)
		SetupLoadedEditorAssemblies (629ms)
			LogAssemblyErrors (0ms)
			InitializePlatformSupportModulesInManaged (25ms)
			SetLoadedEditorAssemblies (5ms)
			RefreshPlugins (0ms)
			BeforeProcessingInitializeOnLoad (146ms)
			ProcessInitializeOnLoadAttributes (376ms)
			ProcessInitializeOnLoadMethodAttributes (69ms)
			AfterProcessingInitializeOnLoad (8ms)
			EditorAssembliesLoaded (0ms)
		ExecutionOrderSort2 (0ms)
		AwakeInstancesAfterBackupRestoration (16ms)
Refreshing native plugins compatible for Editor in 4.89 ms, found 3 plugins.
Preloading 0 native plugins for Editor in 0.00 ms.
Unloading 6402 Unused Serialized files (Serialized files now loaded: 0)
Unloading 47 unused Assets / (1.1 MB). Loaded Objects now: 7929.
Memory consumption went from 246.5 MB to 245.4 MB.
Total: 5.110200 ms (FindLiveObjects: 0.630600 ms CreateObjectMapping: 0.329600 ms MarkObjects: 3.874100 ms  DeleteObjects: 0.274600 ms)

Prepare: number of updated asset objects reloaded= 0
AssetImportParameters requested are different than current active one (requested -> active):
  custom:container-demuxer-ogg: 62fdf1f143b41e24485cea50d1cbac27 -> 
  custom:framework-win-MediaFoundation: 216162199b28c13a410421893ffa2e32 -> 
  custom:container-muxer-webm: aa71ff27fc2769a1b78a27578f13a17b -> 
  custom:video-decoder-webm-vp8: 9c59270c3fd7afecdb556c50c9e8de78 -> 
  custom:SearchIndexIgnoredProperties: e643bd26f0fe6173181afceb89e7c659 -> 
  custom:AudioImporter_EditorPlatform: d09bf68614088b80899f8185d706f6e7 -> 
  custom:audio-decoder-ogg-vorbis: bf7c407c2cedff20999df2af8eb42d56 -> 
  custom:audio-encoder-webm-vorbis: bf7c407c2cedff20999df2af8eb42d56 -> 
  custom:video-decoder-ogg-theora: a1e56fd34408186e4bbccfd4996cb3dc -> 
  custom:CustomObjectIndexerAttribute: a3ef5dd2817f97addfee359851a9dba5 -> 
  custom:container-demuxer-webm: 4f35f7cbe854078d1ac9338744f61a02 -> 
  custom:scripting/monoscript/fileName/Enemy.cs: 13cc614454c9ae28caa24456faa3d7cf -> 
  custom:video-encoder-webm-vp8: eb34c28f22e8b96e1ab97ce403110664 -> 
========================================================================
Received Prepare
Begin MonoManager ReloadAssembly
- Loaded All Assemblies, in  0.628 seconds
Refreshing native plugins compatible for Editor in 6.94 ms, found 3 plugins.
Native extension for WindowsStandalone target not found
Native extension for Android target not found
[Package Manager] Server::EnsureServerProcessIsRunning -- launch failed, reason: Unity was launched with the -noUpm command-line argument
[Package Manager] UpmClient::Send -- Unable to send message (not connected to UPM process).
[Package Manager] Cannot connect to Unity Package Manager local server
Mono: successfully reloaded assembly
- Finished resetting the current domain, in  1.639 seconds
Domain Reload Profiling: 2263ms
	BeginReloadAssembly (168ms)
		ExecutionOrderSort (0ms)
		DisableScriptedObjects (6ms)
		BackupInstance (0ms)
		ReleaseScriptingObjects (0ms)
		CreateAndSetChildDomain (44ms)
	RebuildCommonClasses (31ms)
	RebuildNativeTypeToScriptingClass (10ms)
	initialDomainReloadingComplete (32ms)
	LoadAllAssembliesAndSetupDomain (382ms)
		LoadAssemblies (408ms)
		RebuildTransferFunctionScriptingTraits (0ms)
		AnalyzeDomain (54ms)
			TypeCache.Refresh (11ms)
				TypeCache.ScanAssembly (1ms)
			ScanForSourceGeneratedMonoScriptInfo (24ms)
			ResolveRequiredComponents (16ms)
	FinalizeReload (1640ms)
		ReleaseScriptCaches (0ms)
		RebuildScriptCaches (0ms)
		SetupLoadedEditorAssemblies (599ms)
			LogAssemblyErrors (0ms)
			InitializePlatformSupportModulesInManaged (24ms)
			SetLoadedEditorAssemblies (4ms)
			RefreshPlugins (0ms)
			BeforeProcessingInitializeOnLoad (139ms)
			ProcessInitializeOnLoadAttributes (351ms)
			ProcessInitializeOnLoadMethodAttributes (70ms)
			AfterProcessingInitializeOnLoad (10ms)
			EditorAssembliesLoaded (0ms)
		ExecutionOrderSort2 (0ms)
		AwakeInstancesAfterBackupRestoration (17ms)
Refreshing native plugins compatible for Editor in 4.93 ms, found 3 plugins.
Preloading 0 native plugins for Editor in 0.00 ms.
Unloading 6402 Unused Serialized files (Serialized files now loaded: 0)
Unloading 47 unused Assets / (1.1 MB). Loaded Objects now: 7945.
Memory consumption went from 246.6 MB to 245.4 MB.
Total: 4.116200 ms (FindLiveObjects: 0.556100 ms CreateObjectMapping: 0.229700 ms MarkObjects: 3.074200 ms  DeleteObjects: 0.255300 ms)

Prepare: number of updated asset objects reloaded= 0
AssetImportParameters requested are different than current active one (requested -> active):
  custom:container-demuxer-ogg: 62fdf1f143b41e24485cea50d1cbac27 -> 
  custom:framework-win-MediaFoundation: 216162199b28c13a410421893ffa2e32 -> 
  custom:container-muxer-webm: aa71ff27fc2769a1b78a27578f13a17b -> 
  custom:video-decoder-webm-vp8: 9c59270c3fd7afecdb556c50c9e8de78 -> 
  custom:SearchIndexIgnoredProperties: e643bd26f0fe6173181afceb89e7c659 -> 
  custom:AudioImporter_EditorPlatform: d09bf68614088b80899f8185d706f6e7 -> 
  custom:audio-decoder-ogg-vorbis: bf7c407c2cedff20999df2af8eb42d56 -> 
  custom:audio-encoder-webm-vorbis: bf7c407c2cedff20999df2af8eb42d56 -> 
  custom:video-decoder-ogg-theora: a1e56fd34408186e4bbccfd4996cb3dc -> 
  custom:CustomObjectIndexerAttribute: a3ef5dd2817f97addfee359851a9dba5 -> 
  custom:container-demuxer-webm: 4f35f7cbe854078d1ac9338744f61a02 -> 
  custom:scripting/monoscript/fileName/Enemy.cs: 13cc614454c9ae28caa24456faa3d7cf -> 
  custom:video-encoder-webm-vp8: eb34c28f22e8b96e1ab97ce403110664 -> 
========================================================================
Received Prepare
Begin MonoManager ReloadAssembly
- Loaded All Assemblies, in  0.591 seconds
Refreshing native plugins compatible for Editor in 5.12 ms, found 3 plugins.
Native extension for WindowsStandalone target not found
Native extension for Android target not found
[Package Manager] Server::EnsureServerProcessIsRunning -- launch failed, reason: Unity was launched with the -noUpm command-line argument
[Package Manager] UpmClient::Send -- Unable to send message (not connected to UPM process).
[Package Manager] Cannot connect to Unity Package Manager local server
Mono: successfully reloaded assembly
- Finished resetting the current domain, in  1.655 seconds
Domain Reload Profiling: 2242ms
	BeginReloadAssembly (162ms)
		ExecutionOrderSort (0ms)
		DisableScriptedObjects (6ms)
		BackupInstance (0ms)
		ReleaseScriptingObjects (0ms)
		CreateAndSetChildDomain (42ms)
	RebuildCommonClasses (28ms)
	RebuildNativeTypeToScriptingClass (9ms)
	initialDomainReloadingComplete (31ms)
	LoadAllAssembliesAndSetupDomain (356ms)
		LoadAssemblies (383ms)
		RebuildTransferFunctionScriptingTraits (0ms)
		AnalyzeDomain (50ms)
			TypeCache.Refresh (12ms)
				TypeCache.ScanAssembly (2ms)
			ScanForSourceGeneratedMonoScriptInfo (26ms)
			ResolveRequiredComponents (11ms)
	FinalizeReload (1656ms)
		ReleaseScriptCaches (0ms)
		RebuildScriptCaches (0ms)
		SetupLoadedEditorAssemblies (624ms)
			LogAssemblyErrors (0ms)
			InitializePlatformSupportModulesInManaged (24ms)
			SetLoadedEditorAssemblies (6ms)
			RefreshPlugins (0ms)
			BeforeProcessingInitializeOnLoad (134ms)
			ProcessInitializeOnLoadAttributes (384ms)
			ProcessInitializeOnLoadMethodAttributes (67ms)
			AfterProcessingInitializeOnLoad (8ms)
			EditorAssembliesLoaded (0ms)
		ExecutionOrderSort2 (0ms)
		AwakeInstancesAfterBackupRestoration (16ms)
Refreshing native plugins compatible for Editor in 5.69 ms, found 3 plugins.
Preloading 0 native plugins for Editor in 0.00 ms.
Unloading 6402 Unused Serialized files (Serialized files now loaded: 0)
Unloading 47 unused Assets / (1.1 MB). Loaded Objects now: 7961.
Memory consumption went from 246.6 MB to 245.4 MB.
Total: 4.153200 ms (FindLiveObjects: 0.567700 ms CreateObjectMapping: 0.207800 ms MarkObjects: 3.064300 ms  DeleteObjects: 0.312400 ms)

Prepare: number of updated asset objects reloaded= 0
AssetImportParameters requested are different than current active one (requested -> active):
  custom:container-demuxer-ogg: 62fdf1f143b41e24485cea50d1cbac27 -> 
  custom:framework-win-MediaFoundation: 216162199b28c13a410421893ffa2e32 -> 
  custom:container-muxer-webm: aa71ff27fc2769a1b78a27578f13a17b -> 
  custom:video-decoder-webm-vp8: 9c59270c3fd7afecdb556c50c9e8de78 -> 
  custom:SearchIndexIgnoredProperties: e643bd26f0fe6173181afceb89e7c659 -> 
  custom:AudioImporter_EditorPlatform: d09bf68614088b80899f8185d706f6e7 -> 
  custom:audio-decoder-ogg-vorbis: bf7c407c2cedff20999df2af8eb42d56 -> 
  custom:audio-encoder-webm-vorbis: bf7c407c2cedff20999df2af8eb42d56 -> 
  custom:video-decoder-ogg-theora: a1e56fd34408186e4bbccfd4996cb3dc -> 
  custom:CustomObjectIndexerAttribute: a3ef5dd2817f97addfee359851a9dba5 -> 
  custom:container-demuxer-webm: 4f35f7cbe854078d1ac9338744f61a02 -> 
  custom:scripting/monoscript/fileName/Enemy.cs: 13cc614454c9ae28caa24456faa3d7cf -> 
  custom:video-encoder-webm-vp8: eb34c28f22e8b96e1ab97ce403110664 -> 
========================================================================
Received Prepare
Begin MonoManager ReloadAssembly
- Loaded All Assemblies, in  0.626 seconds
Refreshing native plugins compatible for Editor in 5.98 ms, found 3 plugins.
Native extension for WindowsStandalone target not found
Native extension for Android target not found
[Package Manager] Server::EnsureServerProcessIsRunning -- launch failed, reason: Unity was launched with the -noUpm command-line argument
[Package Manager] UpmClient::Send -- Unable to send message (not connected to UPM process).
[Package Manager] Cannot connect to Unity Package Manager local server
Mono: successfully reloaded assembly
- Finished resetting the current domain, in  1.651 seconds
Domain Reload Profiling: 2273ms
	BeginReloadAssembly (160ms)
		ExecutionOrderSort (0ms)
		DisableScriptedObjects (6ms)
		BackupInstance (0ms)
		ReleaseScriptingObjects (0ms)
		CreateAndSetChildDomain (41ms)
	RebuildCommonClasses (31ms)
	RebuildNativeTypeToScriptingClass (15ms)
	initialDomainReloadingComplete (31ms)
	LoadAllAssembliesAndSetupDomain (384ms)
		LoadAssemblies (432ms)
		RebuildTransferFunctionScriptingTraits (0ms)
		AnalyzeDomain (26ms)
			TypeCache.Refresh (7ms)
				TypeCache.ScanAssembly (0ms)
			ScanForSourceGeneratedMonoScriptInfo (0ms)
			ResolveRequiredComponents (17ms)
	FinalizeReload (1651ms)
		ReleaseScriptCaches (0ms)
		RebuildScriptCaches (0ms)
		SetupLoadedEditorAssemblies (591ms)
			LogAssemblyErrors (0ms)
			InitializePlatformSupportModulesInManaged (26ms)
			SetLoadedEditorAssemblies (4ms)
			RefreshPlugins (0ms)
			BeforeProcessingInitializeOnLoad (137ms)
			ProcessInitializeOnLoadAttributes (346ms)
			ProcessInitializeOnLoadMethodAttributes (70ms)
			AfterProcessingInitializeOnLoad (8ms)
			EditorAssembliesLoaded (0ms)
		ExecutionOrderSort2 (0ms)
		AwakeInstancesAfterBackupRestoration (16ms)
Refreshing native plugins compatible for Editor in 5.89 ms, found 3 plugins.
Preloading 0 native plugins for Editor in 0.00 ms.
Unloading 6402 Unused Serialized files (Serialized files now loaded: 0)
Unloading 47 unused Assets / (1.1 MB). Loaded Objects now: 7977.
Memory consumption went from 246.6 MB to 245.4 MB.
Total: 4.471200 ms (FindLiveObjects: 0.668000 ms CreateObjectMapping: 0.354300 ms MarkObjects: 3.173200 ms  DeleteObjects: 0.274200 ms)

Prepare: number of updated asset objects reloaded= 0
AssetImportParameters requested are different than current active one (requested -> active):
  custom:container-demuxer-ogg: 62fdf1f143b41e24485cea50d1cbac27 -> 
  custom:framework-win-MediaFoundation: 216162199b28c13a410421893ffa2e32 -> 
  custom:container-muxer-webm: aa71ff27fc2769a1b78a27578f13a17b -> 
  custom:video-decoder-webm-vp8: 9c59270c3fd7afecdb556c50c9e8de78 -> 
  custom:SearchIndexIgnoredProperties: e643bd26f0fe6173181afceb89e7c659 -> 
  custom:AudioImporter_EditorPlatform: d09bf68614088b80899f8185d706f6e7 -> 
  custom:audio-decoder-ogg-vorbis: bf7c407c2cedff20999df2af8eb42d56 -> 
  custom:audio-encoder-webm-vorbis: bf7c407c2cedff20999df2af8eb42d56 -> 
  custom:video-decoder-ogg-theora: a1e56fd34408186e4bbccfd4996cb3dc -> 
  custom:CustomObjectIndexerAttribute: a3ef5dd2817f97addfee359851a9dba5 -> 
  custom:container-demuxer-webm: 4f35f7cbe854078d1ac9338744f61a02 -> 
  custom:scripting/monoscript/fileName/Enemy.cs: 13cc614454c9ae28caa24456faa3d7cf -> 
  custom:video-encoder-webm-vp8: eb34c28f22e8b96e1ab97ce403110664 -> 
========================================================================
Received Prepare
Begin MonoManager ReloadAssembly
- Loaded All Assemblies, in  0.616 seconds
Refreshing native plugins compatible for Editor in 5.90 ms, found 3 plugins.
Native extension for WindowsStandalone target not found
Native extension for Android target not found
[Package Manager] Server::EnsureServerProcessIsRunning -- launch failed, reason: Unity was launched with the -noUpm command-line argument
[Package Manager] UpmClient::Send -- Unable to send message (not connected to UPM process).
[Package Manager] Cannot connect to Unity Package Manager local server
Mono: successfully reloaded assembly
- Finished resetting the current domain, in  1.650 seconds
Domain Reload Profiling: 2262ms
	BeginReloadAssembly (161ms)
		ExecutionOrderSort (0ms)
		DisableScriptedObjects (6ms)
		BackupInstance (0ms)
		ReleaseScriptingObjects (0ms)
		CreateAndSetChildDomain (41ms)
	RebuildCommonClasses (27ms)
	RebuildNativeTypeToScriptingClass (9ms)
	initialDomainReloadingComplete (30ms)
	LoadAllAssembliesAndSetupDomain (383ms)
		LoadAssemblies (380ms)
		RebuildTransferFunctionScriptingTraits (0ms)
		AnalyzeDomain (80ms)
			TypeCache.Refresh (15ms)
				TypeCache.ScanAssembly (2ms)
			ScanForSourceGeneratedMonoScriptInfo (51ms)
			ResolveRequiredComponents (12ms)
	FinalizeReload (1651ms)
		ReleaseScriptCaches (0ms)
		RebuildScriptCaches (0ms)
		SetupLoadedEditorAssemblies (590ms)
			LogAssemblyErrors (0ms)
			InitializePlatformSupportModulesInManaged (25ms)
			SetLoadedEditorAssemblies (5ms)
			RefreshPlugins (0ms)
			BeforeProcessingInitializeOnLoad (144ms)
			ProcessInitializeOnLoadAttributes (344ms)
			ProcessInitializeOnLoadMethodAttributes (66ms)
			AfterProcessingInitializeOnLoad (8ms)
			EditorAssembliesLoaded (0ms)
		ExecutionOrderSort2 (0ms)
		AwakeInstancesAfterBackupRestoration (17ms)
Refreshing native plugins compatible for Editor in 5.98 ms, found 3 plugins.
Preloading 0 native plugins for Editor in 0.00 ms.
Unloading 6402 Unused Serialized files (Serialized files now loaded: 0)
Unloading 47 unused Assets / (1.1 MB). Loaded Objects now: 7993.
Memory consumption went from 246.6 MB to 245.5 MB.
Total: 4.770100 ms (FindLiveObjects: 0.625400 ms CreateObjectMapping: 0.246000 ms MarkObjects: 3.571400 ms  DeleteObjects: 0.326100 ms)

Prepare: number of updated asset objects reloaded= 0
AssetImportParameters requested are different than current active one (requested -> active):
  custom:container-demuxer-ogg: 62fdf1f143b41e24485cea50d1cbac27 -> 
  custom:framework-win-MediaFoundation: 216162199b28c13a410421893ffa2e32 -> 
  custom:container-muxer-webm: aa71ff27fc2769a1b78a27578f13a17b -> 
  custom:video-decoder-webm-vp8: 9c59270c3fd7afecdb556c50c9e8de78 -> 
  custom:SearchIndexIgnoredProperties: e643bd26f0fe6173181afceb89e7c659 -> 
  custom:AudioImporter_EditorPlatform: d09bf68614088b80899f8185d706f6e7 -> 
  custom:audio-decoder-ogg-vorbis: bf7c407c2cedff20999df2af8eb42d56 -> 
  custom:audio-encoder-webm-vorbis: bf7c407c2cedff20999df2af8eb42d56 -> 
  custom:video-decoder-ogg-theora: a1e56fd34408186e4bbccfd4996cb3dc -> 
  custom:CustomObjectIndexerAttribute: a3ef5dd2817f97addfee359851a9dba5 -> 
  custom:container-demuxer-webm: 4f35f7cbe854078d1ac9338744f61a02 -> 
  custom:scripting/monoscript/fileName/Enemy.cs: 13cc614454c9ae28caa24456faa3d7cf -> 
  custom:video-encoder-webm-vp8: eb34c28f22e8b96e1ab97ce403110664 -> 
========================================================================
Received Prepare
Begin MonoManager ReloadAssembly
- Loaded All Assemblies, in  0.737 seconds
Refreshing native plugins compatible for Editor in 6.61 ms, found 3 plugins.
Native extension for WindowsStandalone target not found
Native extension for Android target not found
[Package Manager] Server::EnsureServerProcessIsRunning -- launch failed, reason: Unity was launched with the -noUpm command-line argument
[Package Manager] UpmClient::Send -- Unable to send message (not connected to UPM process).
[Package Manager] Cannot connect to Unity Package Manager local server
Mono: successfully reloaded assembly
- Finished resetting the current domain, in  1.718 seconds
Domain Reload Profiling: 2448ms
	BeginReloadAssembly (191ms)
		ExecutionOrderSort (0ms)
		DisableScriptedObjects (6ms)
		BackupInstance (0ms)
		ReleaseScriptingObjects (0ms)
		CreateAndSetChildDomain (53ms)
	RebuildCommonClasses (44ms)
	RebuildNativeTypeToScriptingClass (21ms)
	initialDomainReloadingComplete (63ms)
	LoadAllAssembliesAndSetupDomain (411ms)
		LoadAssemblies (437ms)
		RebuildTransferFunctionScriptingTraits (0ms)
		AnalyzeDomain (56ms)
			TypeCache.Refresh (14ms)
				TypeCache.ScanAssembly (2ms)
			ScanForSourceGeneratedMonoScriptInfo (28ms)
			ResolveRequiredComponents (12ms)
	FinalizeReload (1718ms)
		ReleaseScriptCaches (0ms)
		RebuildScriptCaches (0ms)
		SetupLoadedEditorAssemblies (637ms)
			LogAssemblyErrors (0ms)
			InitializePlatformSupportModulesInManaged (25ms)
			SetLoadedEditorAssemblies (5ms)
			RefreshPlugins (0ms)
			BeforeProcessingInitializeOnLoad (170ms)
			ProcessInitializeOnLoadAttributes (359ms)
			ProcessInitializeOnLoadMethodAttributes (70ms)
			AfterProcessingInitializeOnLoad (8ms)
			EditorAssembliesLoaded (0ms)
		ExecutionOrderSort2 (0ms)
		AwakeInstancesAfterBackupRestoration (17ms)
Refreshing native plugins compatible for Editor in 5.74 ms, found 3 plugins.
Preloading 0 native plugins for Editor in 0.00 ms.
Unloading 6402 Unused Serialized files (Serialized files now loaded: 0)
Unloading 47 unused Assets / (1.1 MB). Loaded Objects now: 8009.
Memory consumption went from 246.6 MB to 245.5 MB.
Total: 4.857700 ms (FindLiveObjects: 0.618800 ms CreateObjectMapping: 0.285300 ms MarkObjects: 3.624300 ms  DeleteObjects: 0.327200 ms)

Prepare: number of updated asset objects reloaded= 0
AssetImportParameters requested are different than current active one (requested -> active):
  custom:container-demuxer-ogg: 62fdf1f143b41e24485cea50d1cbac27 -> 
  custom:framework-win-MediaFoundation: 216162199b28c13a410421893ffa2e32 -> 
  custom:container-muxer-webm: aa71ff27fc2769a1b78a27578f13a17b -> 
  custom:video-decoder-webm-vp8: 9c59270c3fd7afecdb556c50c9e8de78 -> 
  custom:SearchIndexIgnoredProperties: e643bd26f0fe6173181afceb89e7c659 -> 
  custom:AudioImporter_EditorPlatform: d09bf68614088b80899f8185d706f6e7 -> 
  custom:audio-decoder-ogg-vorbis: bf7c407c2cedff20999df2af8eb42d56 -> 
  custom:audio-encoder-webm-vorbis: bf7c407c2cedff20999df2af8eb42d56 -> 
  custom:video-decoder-ogg-theora: a1e56fd34408186e4bbccfd4996cb3dc -> 
  custom:CustomObjectIndexerAttribute: a3ef5dd2817f97addfee359851a9dba5 -> 
  custom:container-demuxer-webm: 4f35f7cbe854078d1ac9338744f61a02 -> 
  custom:scripting/monoscript/fileName/Enemy.cs: 13cc614454c9ae28caa24456faa3d7cf -> 
  custom:video-encoder-webm-vp8: eb34c28f22e8b96e1ab97ce403110664 -> 
========================================================================
Received Prepare
Begin MonoManager ReloadAssembly
- Loaded All Assemblies, in  0.702 seconds
Refreshing native plugins compatible for Editor in 5.75 ms, found 3 plugins.
Native extension for WindowsStandalone target not found
Native extension for Android target not found
[Package Manager] Server::EnsureServerProcessIsRunning -- launch failed, reason: Unity was launched with the -noUpm command-line argument
[Package Manager] UpmClient::Send -- Unable to send message (not connected to UPM process).
[Package Manager] Cannot connect to Unity Package Manager local server
Mono: successfully reloaded assembly
- Finished resetting the current domain, in  1.785 seconds
Domain Reload Profiling: 2482ms
	BeginReloadAssembly (193ms)
		ExecutionOrderSort (0ms)
		DisableScriptedObjects (8ms)
		BackupInstance (0ms)
		ReleaseScriptingObjects (0ms)
		CreateAndSetChildDomain (59ms)
	RebuildCommonClasses (31ms)
	RebuildNativeTypeToScriptingClass (14ms)
	initialDomainReloadingComplete (34ms)
	LoadAllAssembliesAndSetupDomain (425ms)
		LoadAssemblies (444ms)
		RebuildTransferFunctionScriptingTraits (0ms)
		AnalyzeDomain (62ms)
			TypeCache.Refresh (11ms)
				TypeCache.ScanAssembly (2ms)
			ScanForSourceGeneratedMonoScriptInfo (32ms)
			ResolveRequiredComponents (16ms)
	FinalizeReload (1785ms)
		ReleaseScriptCaches (0ms)
		RebuildScriptCaches (0ms)
		SetupLoadedEditorAssemblies (639ms)
			LogAssemblyErrors (0ms)
			InitializePlatformSupportModulesInManaged (25ms)
			SetLoadedEditorAssemblies (7ms)
			RefreshPlugins (0ms)
			BeforeProcessingInitializeOnLoad (149ms)
			ProcessInitializeOnLoadAttributes (375ms)
			ProcessInitializeOnLoadMethodAttributes (74ms)
			AfterProcessingInitializeOnLoad (8ms)
			EditorAssembliesLoaded (0ms)
		ExecutionOrderSort2 (0ms)
		AwakeInstancesAfterBackupRestoration (17ms)
Refreshing native plugins compatible for Editor in 5.83 ms, found 3 plugins.
Preloading 0 native plugins for Editor in 0.00 ms.
Unloading 6402 Unused Serialized files (Serialized files now loaded: 0)
Unloading 47 unused Assets / (1.1 MB). Loaded Objects now: 8025.
Memory consumption went from 246.6 MB to 245.5 MB.
Total: 4.827400 ms (FindLiveObjects: 0.644700 ms CreateObjectMapping: 0.267300 ms MarkObjects: 3.639400 ms  DeleteObjects: 0.274800 ms)

Prepare: number of updated asset objects reloaded= 0
AssetImportParameters requested are different than current active one (requested -> active):
  custom:container-demuxer-ogg: 62fdf1f143b41e24485cea50d1cbac27 -> 
  custom:framework-win-MediaFoundation: 216162199b28c13a410421893ffa2e32 -> 
  custom:container-muxer-webm: aa71ff27fc2769a1b78a27578f13a17b -> 
  custom:video-decoder-webm-vp8: 9c59270c3fd7afecdb556c50c9e8de78 -> 
  custom:SearchIndexIgnoredProperties: e643bd26f0fe6173181afceb89e7c659 -> 
  custom:AudioImporter_EditorPlatform: d09bf68614088b80899f8185d706f6e7 -> 
  custom:audio-decoder-ogg-vorbis: bf7c407c2cedff20999df2af8eb42d56 -> 
  custom:audio-encoder-webm-vorbis: bf7c407c2cedff20999df2af8eb42d56 -> 
  custom:video-decoder-ogg-theora: a1e56fd34408186e4bbccfd4996cb3dc -> 
  custom:CustomObjectIndexerAttribute: a3ef5dd2817f97addfee359851a9dba5 -> 
  custom:container-demuxer-webm: 4f35f7cbe854078d1ac9338744f61a02 -> 
  custom:scripting/monoscript/fileName/Enemy.cs: 13cc614454c9ae28caa24456faa3d7cf -> 
  custom:video-encoder-webm-vp8: eb34c28f22e8b96e1ab97ce403110664 -> 
========================================================================
Received Prepare
Begin MonoManager ReloadAssembly
- Loaded All Assemblies, in  0.625 seconds
Refreshing native plugins compatible for Editor in 4.94 ms, found 3 plugins.
Native extension for WindowsStandalone target not found
Native extension for Android target not found
[Package Manager] Server::EnsureServerProcessIsRunning -- launch failed, reason: Unity was launched with the -noUpm command-line argument
[Package Manager] UpmClient::Send -- Unable to send message (not connected to UPM process).
[Package Manager] Cannot connect to Unity Package Manager local server
Mono: successfully reloaded assembly
- Finished resetting the current domain, in  1.644 seconds
Domain Reload Profiling: 2265ms
	BeginReloadAssembly (174ms)
		ExecutionOrderSort (0ms)
		DisableScriptedObjects (6ms)
		BackupInstance (0ms)
		ReleaseScriptingObjects (0ms)
		CreateAndSetChildDomain (48ms)
	RebuildCommonClasses (27ms)
	RebuildNativeTypeToScriptingClass (10ms)
	initialDomainReloadingComplete (34ms)
	LoadAllAssembliesAndSetupDomain (375ms)
		LoadAssemblies (439ms)
		RebuildTransferFunctionScriptingTraits (0ms)
		AnalyzeDomain (20ms)
			TypeCache.Refresh (6ms)
				TypeCache.ScanAssembly (0ms)
			ScanForSourceGeneratedMonoScriptInfo (0ms)
			ResolveRequiredComponents (12ms)
	FinalizeReload (1644ms)
		ReleaseScriptCaches (0ms)
		RebuildScriptCaches (0ms)
		SetupLoadedEditorAssemblies (621ms)
			LogAssemblyErrors (0ms)
			InitializePlatformSupportModulesInManaged (24ms)
			SetLoadedEditorAssemblies (6ms)
			RefreshPlugins (0ms)
			BeforeProcessingInitializeOnLoad (149ms)
			ProcessInitializeOnLoadAttributes (362ms)
			ProcessInitializeOnLoadMethodAttributes (71ms)
			AfterProcessingInitializeOnLoad (8ms)
			EditorAssembliesLoaded (0ms)
		ExecutionOrderSort2 (0ms)
		AwakeInstancesAfterBackupRestoration (16ms)
Refreshing native plugins compatible for Editor in 5.76 ms, found 3 plugins.
Preloading 0 native plugins for Editor in 0.00 ms.
Unloading 6402 Unused Serialized files (Serialized files now loaded: 0)
Unloading 47 unused Assets / (1.1 MB). Loaded Objects now: 8041.
Memory consumption went from 246.6 MB to 245.5 MB.
Total: 4.909700 ms (FindLiveObjects: 0.801000 ms CreateObjectMapping: 0.289100 ms MarkObjects: 3.528500 ms  DeleteObjects: 0.289700 ms)

Prepare: number of updated asset objects reloaded= 0
AssetImportParameters requested are different than current active one (requested -> active):
  custom:container-demuxer-ogg: 62fdf1f143b41e24485cea50d1cbac27 -> 
  custom:framework-win-MediaFoundation: 216162199b28c13a410421893ffa2e32 -> 
  custom:container-muxer-webm: aa71ff27fc2769a1b78a27578f13a17b -> 
  custom:video-decoder-webm-vp8: 9c59270c3fd7afecdb556c50c9e8de78 -> 
  custom:SearchIndexIgnoredProperties: e643bd26f0fe6173181afceb89e7c659 -> 
  custom:AudioImporter_EditorPlatform: d09bf68614088b80899f8185d706f6e7 -> 
  custom:audio-decoder-ogg-vorbis: bf7c407c2cedff20999df2af8eb42d56 -> 
  custom:audio-encoder-webm-vorbis: bf7c407c2cedff20999df2af8eb42d56 -> 
  custom:video-decoder-ogg-theora: a1e56fd34408186e4bbccfd4996cb3dc -> 
  custom:CustomObjectIndexerAttribute: a3ef5dd2817f97addfee359851a9dba5 -> 
  custom:container-demuxer-webm: 4f35f7cbe854078d1ac9338744f61a02 -> 
  custom:scripting/monoscript/fileName/Enemy.cs: 13cc614454c9ae28caa24456faa3d7cf -> 
  custom:video-encoder-webm-vp8: eb34c28f22e8b96e1ab97ce403110664 -> 
========================================================================
Received Prepare
Begin MonoManager ReloadAssembly
- Loaded All Assemblies, in  0.657 seconds
Refreshing native plugins compatible for Editor in 6.87 ms, found 3 plugins.
Native extension for WindowsStandalone target not found
Native extension for Android target not found
[Package Manager] Server::EnsureServerProcessIsRunning -- launch failed, reason: Unity was launched with the -noUpm command-line argument
[Package Manager] UpmClient::Send -- Unable to send message (not connected to UPM process).
[Package Manager] Cannot connect to Unity Package Manager local server
Mono: successfully reloaded assembly
- Finished resetting the current domain, in  2.053 seconds
Domain Reload Profiling: 2705ms
	BeginReloadAssembly (182ms)
		ExecutionOrderSort (0ms)
		DisableScriptedObjects (6ms)
		BackupInstance (0ms)
		ReleaseScriptingObjects (0ms)
		CreateAndSetChildDomain (47ms)
	RebuildCommonClasses (30ms)
	RebuildNativeTypeToScriptingClass (10ms)
	initialDomainReloadingComplete (36ms)
	LoadAllAssembliesAndSetupDomain (393ms)
		LoadAssemblies (455ms)
		RebuildTransferFunctionScriptingTraits (0ms)
		AnalyzeDomain (20ms)
			TypeCache.Refresh (6ms)
				TypeCache.ScanAssembly (0ms)
			ScanForSourceGeneratedMonoScriptInfo (0ms)
			ResolveRequiredComponents (12ms)
	FinalizeReload (2054ms)
		ReleaseScriptCaches (0ms)
		RebuildScriptCaches (0ms)
		SetupLoadedEditorAssemblies (743ms)
			LogAssemblyErrors (0ms)
			InitializePlatformSupportModulesInManaged (26ms)
			SetLoadedEditorAssemblies (6ms)
			RefreshPlugins (0ms)
			BeforeProcessingInitializeOnLoad (156ms)
			ProcessInitializeOnLoadAttributes (459ms)
			ProcessInitializeOnLoadMethodAttributes (87ms)
			AfterProcessingInitializeOnLoad (8ms)
			EditorAssembliesLoaded (0ms)
		ExecutionOrderSort2 (0ms)
		AwakeInstancesAfterBackupRestoration (17ms)
Refreshing native plugins compatible for Editor in 6.60 ms, found 3 plugins.
Preloading 0 native plugins for Editor in 0.00 ms.
Unloading 6402 Unused Serialized files (Serialized files now loaded: 0)
Unloading 47 unused Assets / (1.1 MB). Loaded Objects now: 8057.
Memory consumption went from 246.6 MB to 245.5 MB.
Total: 4.543400 ms (FindLiveObjects: 0.670900 ms CreateObjectMapping: 0.321500 ms MarkObjects: 3.304500 ms  DeleteObjects: 0.245600 ms)

Prepare: number of updated asset objects reloaded= 0
AssetImportParameters requested are different than current active one (requested -> active):
  custom:container-demuxer-ogg: 62fdf1f143b41e24485cea50d1cbac27 -> 
  custom:framework-win-MediaFoundation: 216162199b28c13a410421893ffa2e32 -> 
  custom:container-muxer-webm: aa71ff27fc2769a1b78a27578f13a17b -> 
  custom:video-decoder-webm-vp8: 9c59270c3fd7afecdb556c50c9e8de78 -> 
  custom:SearchIndexIgnoredProperties: e643bd26f0fe6173181afceb89e7c659 -> 
  custom:AudioImporter_EditorPlatform: d09bf68614088b80899f8185d706f6e7 -> 
  custom:audio-decoder-ogg-vorbis: bf7c407c2cedff20999df2af8eb42d56 -> 
  custom:audio-encoder-webm-vorbis: bf7c407c2cedff20999df2af8eb42d56 -> 
  custom:video-decoder-ogg-theora: a1e56fd34408186e4bbccfd4996cb3dc -> 
  custom:CustomObjectIndexerAttribute: a3ef5dd2817f97addfee359851a9dba5 -> 
  custom:container-demuxer-webm: 4f35f7cbe854078d1ac9338744f61a02 -> 
  custom:scripting/monoscript/fileName/Enemy.cs: 13cc614454c9ae28caa24456faa3d7cf -> 
  custom:video-encoder-webm-vp8: eb34c28f22e8b96e1ab97ce403110664 -> 
========================================================================
Received Prepare
Begin MonoManager ReloadAssembly
- Loaded All Assemblies, in  0.660 seconds
Refreshing native plugins compatible for Editor in 5.07 ms, found 3 plugins.
Native extension for WindowsStandalone target not found
Native extension for Android target not found
[Package Manager] Server::EnsureServerProcessIsRunning -- launch failed, reason: Unity was launched with the -noUpm command-line argument
[Package Manager] UpmClient::Send -- Unable to send message (not connected to UPM process).
[Package Manager] Cannot connect to Unity Package Manager local server
Mono: successfully reloaded assembly
- Finished resetting the current domain, in  1.636 seconds
Domain Reload Profiling: 2291ms
	BeginReloadAssembly (174ms)
		ExecutionOrderSort (0ms)
		DisableScriptedObjects (6ms)
		BackupInstance (0ms)
		ReleaseScriptingObjects (0ms)
		CreateAndSetChildDomain (46ms)
	RebuildCommonClasses (30ms)
	RebuildNativeTypeToScriptingClass (10ms)
	initialDomainReloadingComplete (34ms)
	LoadAllAssembliesAndSetupDomain (407ms)
		LoadAssemblies (435ms)
		RebuildTransferFunctionScriptingTraits (0ms)
		AnalyzeDomain (55ms)
			TypeCache.Refresh (12ms)
				TypeCache.ScanAssembly (2ms)
			ScanForSourceGeneratedMonoScriptInfo (27ms)
			ResolveRequiredComponents (15ms)
	FinalizeReload (1636ms)
		ReleaseScriptCaches (0ms)
		RebuildScriptCaches (0ms)
		SetupLoadedEditorAssemblies (604ms)
			LogAssemblyErrors (0ms)
			InitializePlatformSupportModulesInManaged (24ms)
			SetLoadedEditorAssemblies (5ms)
			RefreshPlugins (0ms)
			BeforeProcessingInitializeOnLoad (151ms)
			ProcessInitializeOnLoadAttributes (339ms)
			ProcessInitializeOnLoadMethodAttributes (78ms)
			AfterProcessingInitializeOnLoad (8ms)
			EditorAssembliesLoaded (0ms)
		ExecutionOrderSort2 (0ms)
		AwakeInstancesAfterBackupRestoration (16ms)
Refreshing native plugins compatible for Editor in 5.13 ms, found 3 plugins.
Preloading 0 native plugins for Editor in 0.00 ms.
Unloading 6402 Unused Serialized files (Serialized files now loaded: 0)
Unloading 47 unused Assets / (1.1 MB). Loaded Objects now: 8073.
Memory consumption went from 246.6 MB to 245.5 MB.
Total: 4.591900 ms (FindLiveObjects: 0.572800 ms CreateObjectMapping: 0.214700 ms MarkObjects: 3.528600 ms  DeleteObjects: 0.274400 ms)

Prepare: number of updated asset objects reloaded= 0
AssetImportParameters requested are different than current active one (requested -> active):
  custom:container-demuxer-ogg: 62fdf1f143b41e24485cea50d1cbac27 -> 
  custom:framework-win-MediaFoundation: 216162199b28c13a410421893ffa2e32 -> 
  custom:container-muxer-webm: aa71ff27fc2769a1b78a27578f13a17b -> 
  custom:video-decoder-webm-vp8: 9c59270c3fd7afecdb556c50c9e8de78 -> 
  custom:SearchIndexIgnoredProperties: e643bd26f0fe6173181afceb89e7c659 -> 
  custom:AudioImporter_EditorPlatform: d09bf68614088b80899f8185d706f6e7 -> 
  custom:audio-decoder-ogg-vorbis: bf7c407c2cedff20999df2af8eb42d56 -> 
  custom:audio-encoder-webm-vorbis: bf7c407c2cedff20999df2af8eb42d56 -> 
  custom:video-decoder-ogg-theora: a1e56fd34408186e4bbccfd4996cb3dc -> 
  custom:CustomObjectIndexerAttribute: a3ef5dd2817f97addfee359851a9dba5 -> 
  custom:container-demuxer-webm: 4f35f7cbe854078d1ac9338744f61a02 -> 
  custom:scripting/monoscript/fileName/Enemy.cs: 13cc614454c9ae28caa24456faa3d7cf -> 
  custom:video-encoder-webm-vp8: eb34c28f22e8b96e1ab97ce403110664 -> 
========================================================================
Received Prepare
Begin MonoManager ReloadAssembly
- Loaded All Assemblies, in  0.597 seconds
Refreshing native plugins compatible for Editor in 5.31 ms, found 3 plugins.
Native extension for WindowsStandalone target not found
Native extension for Android target not found
[Package Manager] Server::EnsureServerProcessIsRunning -- launch failed, reason: Unity was launched with the -noUpm command-line argument
[Package Manager] UpmClient::Send -- Unable to send message (not connected to UPM process).
[Package Manager] Cannot connect to Unity Package Manager local server
Mono: successfully reloaded assembly
- Finished resetting the current domain, in  1.573 seconds
Domain Reload Profiling: 2166ms
	BeginReloadAssembly (170ms)
		ExecutionOrderSort (0ms)
		DisableScriptedObjects (5ms)
		BackupInstance (0ms)
		ReleaseScriptingObjects (0ms)
		CreateAndSetChildDomain (42ms)
	RebuildCommonClasses (28ms)
	RebuildNativeTypeToScriptingClass (10ms)
	initialDomainReloadingComplete (31ms)
	LoadAllAssembliesAndSetupDomain (353ms)
		LoadAssemblies (391ms)
		RebuildTransferFunctionScriptingTraits (0ms)
		AnalyzeDomain (48ms)
			TypeCache.Refresh (11ms)
				TypeCache.ScanAssembly (1ms)
			ScanForSourceGeneratedMonoScriptInfo (25ms)
			ResolveRequiredComponents (11ms)
	FinalizeReload (1574ms)
		ReleaseScriptCaches (0ms)
		RebuildScriptCaches (0ms)
		SetupLoadedEditorAssemblies (584ms)
			LogAssemblyErrors (0ms)
			InitializePlatformSupportModulesInManaged (24ms)
			SetLoadedEditorAssemblies (4ms)
			RefreshPlugins (0ms)
			BeforeProcessingInitializeOnLoad (140ms)
			ProcessInitializeOnLoadAttributes (342ms)
			ProcessInitializeOnLoadMethodAttributes (66ms)
			AfterProcessingInitializeOnLoad (8ms)
			EditorAssembliesLoaded (0ms)
		ExecutionOrderSort2 (0ms)
		AwakeInstancesAfterBackupRestoration (16ms)
Refreshing native plugins compatible for Editor in 5.65 ms, found 3 plugins.
Preloading 0 native plugins for Editor in 0.00 ms.
Unloading 6402 Unused Serialized files (Serialized files now loaded: 0)
Unloading 47 unused Assets / (1.1 MB). Loaded Objects now: 8089.
Memory consumption went from 246.7 MB to 245.5 MB.
Total: 4.665100 ms (FindLiveObjects: 0.607700 ms CreateObjectMapping: 0.477600 ms MarkObjects: 3.302500 ms  DeleteObjects: 0.276200 ms)

Prepare: number of updated asset objects reloaded= 0
AssetImportParameters requested are different than current active one (requested -> active):
  custom:container-demuxer-ogg: 62fdf1f143b41e24485cea50d1cbac27 -> 
  custom:framework-win-MediaFoundation: 216162199b28c13a410421893ffa2e32 -> 
  custom:container-muxer-webm: aa71ff27fc2769a1b78a27578f13a17b -> 
  custom:video-decoder-webm-vp8: 9c59270c3fd7afecdb556c50c9e8de78 -> 
  custom:SearchIndexIgnoredProperties: e643bd26f0fe6173181afceb89e7c659 -> 
  custom:AudioImporter_EditorPlatform: d09bf68614088b80899f8185d706f6e7 -> 
  custom:audio-decoder-ogg-vorbis: bf7c407c2cedff20999df2af8eb42d56 -> 
  custom:audio-encoder-webm-vorbis: bf7c407c2cedff20999df2af8eb42d56 -> 
  custom:video-decoder-ogg-theora: a1e56fd34408186e4bbccfd4996cb3dc -> 
  custom:CustomObjectIndexerAttribute: a3ef5dd2817f97addfee359851a9dba5 -> 
  custom:container-demuxer-webm: 4f35f7cbe854078d1ac9338744f61a02 -> 
  custom:scripting/monoscript/fileName/Enemy.cs: 13cc614454c9ae28caa24456faa3d7cf -> 
  custom:video-encoder-webm-vp8: eb34c28f22e8b96e1ab97ce403110664 -> 
========================================================================
Received Prepare
Begin MonoManager ReloadAssembly
- Loaded All Assemblies, in  0.572 seconds
Refreshing native plugins compatible for Editor in 5.71 ms, found 3 plugins.
Native extension for WindowsStandalone target not found
Native extension for Android target not found
[Package Manager] Server::EnsureServerProcessIsRunning -- launch failed, reason: Unity was launched with the -noUpm command-line argument
[Package Manager] UpmClient::Send -- Unable to send message (not connected to UPM process).
[Package Manager] Cannot connect to Unity Package Manager local server
Mono: successfully reloaded assembly
- Finished resetting the current domain, in  1.625 seconds
Domain Reload Profiling: 2192ms
	BeginReloadAssembly (159ms)
		ExecutionOrderSort (0ms)
		DisableScriptedObjects (5ms)
		BackupInstance (0ms)
		ReleaseScriptingObjects (0ms)
		CreateAndSetChildDomain (41ms)
	RebuildCommonClasses (28ms)
	RebuildNativeTypeToScriptingClass (9ms)
	initialDomainReloadingComplete (31ms)
	LoadAllAssembliesAndSetupDomain (339ms)
		LoadAssemblies (394ms)
		RebuildTransferFunctionScriptingTraits (0ms)
		AnalyzeDomain (20ms)
			TypeCache.Refresh (6ms)
				TypeCache.ScanAssembly (0ms)
			ScanForSourceGeneratedMonoScriptInfo (0ms)
			ResolveRequiredComponents (12ms)
	FinalizeReload (1626ms)
		ReleaseScriptCaches (0ms)
		RebuildScriptCaches (0ms)
		SetupLoadedEditorAssemblies (589ms)
			LogAssemblyErrors (0ms)
			InitializePlatformSupportModulesInManaged (28ms)
			SetLoadedEditorAssemblies (4ms)
			RefreshPlugins (0ms)
			BeforeProcessingInitializeOnLoad (137ms)
			ProcessInitializeOnLoadAttributes (341ms)
			ProcessInitializeOnLoadMethodAttributes (70ms)
			AfterProcessingInitializeOnLoad (8ms)
			EditorAssembliesLoaded (0ms)
		ExecutionOrderSort2 (0ms)
		AwakeInstancesAfterBackupRestoration (16ms)
Refreshing native plugins compatible for Editor in 5.63 ms, found 3 plugins.
Preloading 0 native plugins for Editor in 0.00 ms.
Unloading 6402 Unused Serialized files (Serialized files now loaded: 0)
Unloading 47 unused Assets / (1.1 MB). Loaded Objects now: 8105.
Memory consumption went from 246.7 MB to 245.5 MB.
Total: 4.408500 ms (FindLiveObjects: 0.605300 ms CreateObjectMapping: 0.190500 ms MarkObjects: 3.366800 ms  DeleteObjects: 0.244800 ms)

Prepare: number of updated asset objects reloaded= 0
AssetImportParameters requested are different than current active one (requested -> active):
  custom:container-demuxer-ogg: 62fdf1f143b41e24485cea50d1cbac27 -> 
  custom:framework-win-MediaFoundation: 216162199b28c13a410421893ffa2e32 -> 
  custom:container-muxer-webm: aa71ff27fc2769a1b78a27578f13a17b -> 
  custom:video-decoder-webm-vp8: 9c59270c3fd7afecdb556c50c9e8de78 -> 
  custom:SearchIndexIgnoredProperties: e643bd26f0fe6173181afceb89e7c659 -> 
  custom:AudioImporter_EditorPlatform: d09bf68614088b80899f8185d706f6e7 -> 
  custom:audio-decoder-ogg-vorbis: bf7c407c2cedff20999df2af8eb42d56 -> 
  custom:audio-encoder-webm-vorbis: bf7c407c2cedff20999df2af8eb42d56 -> 
  custom:video-decoder-ogg-theora: a1e56fd34408186e4bbccfd4996cb3dc -> 
  custom:CustomObjectIndexerAttribute: a3ef5dd2817f97addfee359851a9dba5 -> 
  custom:container-demuxer-webm: 4f35f7cbe854078d1ac9338744f61a02 -> 
  custom:scripting/monoscript/fileName/Enemy.cs: 13cc614454c9ae28caa24456faa3d7cf -> 
  custom:video-encoder-webm-vp8: eb34c28f22e8b96e1ab97ce403110664 -> 
========================================================================
Received Prepare
Begin MonoManager ReloadAssembly
- Loaded All Assemblies, in  0.689 seconds
Refreshing native plugins compatible for Editor in 6.39 ms, found 3 plugins.
Native extension for WindowsStandalone target not found
Native extension for Android target not found
[Package Manager] Server::EnsureServerProcessIsRunning -- launch failed, reason: Unity was launched with the -noUpm command-line argument
[Package Manager] UpmClient::Send -- Unable to send message (not connected to UPM process).
[Package Manager] Cannot connect to Unity Package Manager local server
Mono: successfully reloaded assembly
- Finished resetting the current domain, in  1.670 seconds
Domain Reload Profiling: 2355ms
	BeginReloadAssembly (182ms)
		ExecutionOrderSort (0ms)
		DisableScriptedObjects (6ms)
		BackupInstance (0ms)
		ReleaseScriptingObjects (0ms)
		CreateAndSetChildDomain (54ms)
	RebuildCommonClasses (29ms)
	RebuildNativeTypeToScriptingClass (9ms)
	initialDomainReloadingComplete (32ms)
	LoadAllAssembliesAndSetupDomain (433ms)
		LoadAssemblies (450ms)
		RebuildTransferFunctionScriptingTraits (0ms)
		AnalyzeDomain (58ms)
			TypeCache.Refresh (11ms)
				TypeCache.ScanAssembly (2ms)
			ScanForSourceGeneratedMonoScriptInfo (30ms)
			ResolveRequiredComponents (15ms)
	FinalizeReload (1670ms)
		ReleaseScriptCaches (0ms)
		RebuildScriptCaches (0ms)
		SetupLoadedEditorAssemblies (636ms)
			LogAssemblyErrors (0ms)
			InitializePlatformSupportModulesInManaged (25ms)
			SetLoadedEditorAssemblies (5ms)
			RefreshPlugins (0ms)
			BeforeProcessingInitializeOnLoad (143ms)
			ProcessInitializeOnLoadAttributes (382ms)
			ProcessInitializeOnLoadMethodAttributes (72ms)
			AfterProcessingInitializeOnLoad (8ms)
			EditorAssembliesLoaded (0ms)
		ExecutionOrderSort2 (0ms)
		AwakeInstancesAfterBackupRestoration (16ms)
Refreshing native plugins compatible for Editor in 6.46 ms, found 3 plugins.
Preloading 0 native plugins for Editor in 0.00 ms.
Unloading 6402 Unused Serialized files (Serialized files now loaded: 0)
Unloading 47 unused Assets / (1.1 MB). Loaded Objects now: 8121.
Memory consumption went from 246.7 MB to 245.5 MB.
Total: 5.634300 ms (FindLiveObjects: 0.631400 ms CreateObjectMapping: 0.251500 ms MarkObjects: 4.424700 ms  DeleteObjects: 0.325600 ms)

Prepare: number of updated asset objects reloaded= 0
AssetImportParameters requested are different than current active one (requested -> active):
  custom:container-demuxer-ogg: 62fdf1f143b41e24485cea50d1cbac27 -> 
  custom:framework-win-MediaFoundation: 216162199b28c13a410421893ffa2e32 -> 
  custom:container-muxer-webm: aa71ff27fc2769a1b78a27578f13a17b -> 
  custom:video-decoder-webm-vp8: 9c59270c3fd7afecdb556c50c9e8de78 -> 
  custom:SearchIndexIgnoredProperties: e643bd26f0fe6173181afceb89e7c659 -> 
  custom:AudioImporter_EditorPlatform: d09bf68614088b80899f8185d706f6e7 -> 
  custom:audio-decoder-ogg-vorbis: bf7c407c2cedff20999df2af8eb42d56 -> 
  custom:audio-encoder-webm-vorbis: bf7c407c2cedff20999df2af8eb42d56 -> 
  custom:video-decoder-ogg-theora: a1e56fd34408186e4bbccfd4996cb3dc -> 
  custom:CustomObjectIndexerAttribute: a3ef5dd2817f97addfee359851a9dba5 -> 
  custom:container-demuxer-webm: 4f35f7cbe854078d1ac9338744f61a02 -> 
  custom:scripting/monoscript/fileName/Enemy.cs: 13cc614454c9ae28caa24456faa3d7cf -> 
  custom:video-encoder-webm-vp8: eb34c28f22e8b96e1ab97ce403110664 -> 
========================================================================
Received Prepare
Begin MonoManager ReloadAssembly
- Loaded All Assemblies, in  0.614 seconds
Refreshing native plugins compatible for Editor in 5.42 ms, found 3 plugins.
Native extension for WindowsStandalone target not found
Native extension for Android target not found
[Package Manager] Server::EnsureServerProcessIsRunning -- launch failed, reason: Unity was launched with the -noUpm command-line argument
[Package Manager] UpmClient::Send -- Unable to send message (not connected to UPM process).
[Package Manager] Cannot connect to Unity Package Manager local server
Mono: successfully reloaded assembly
- Finished resetting the current domain, in  1.620 seconds
Domain Reload Profiling: 2229ms
	BeginReloadAssembly (171ms)
		ExecutionOrderSort (0ms)
		DisableScriptedObjects (6ms)
		BackupInstance (0ms)
		ReleaseScriptingObjects (0ms)
		CreateAndSetChildDomain (41ms)
	RebuildCommonClasses (28ms)
	RebuildNativeTypeToScriptingClass (9ms)
	initialDomainReloadingComplete (32ms)
	LoadAllAssembliesAndSetupDomain (368ms)
		LoadAssemblies (396ms)
		RebuildTransferFunctionScriptingTraits (0ms)
		AnalyzeDomain (59ms)
			TypeCache.Refresh (12ms)
				TypeCache.ScanAssembly (2ms)
			ScanForSourceGeneratedMonoScriptInfo (31ms)
			ResolveRequiredComponents (14ms)
	FinalizeReload (1620ms)
		ReleaseScriptCaches (0ms)
		RebuildScriptCaches (0ms)
		SetupLoadedEditorAssemblies (583ms)
			LogAssemblyErrors (0ms)
			InitializePlatformSupportModulesInManaged (24ms)
			SetLoadedEditorAssemblies (4ms)
			RefreshPlugins (0ms)
			BeforeProcessingInitializeOnLoad (140ms)
			ProcessInitializeOnLoadAttributes (339ms)
			ProcessInitializeOnLoadMethodAttributes (67ms)
			AfterProcessingInitializeOnLoad (8ms)
			EditorAssembliesLoaded (0ms)
		ExecutionOrderSort2 (0ms)
		AwakeInstancesAfterBackupRestoration (16ms)
Refreshing native plugins compatible for Editor in 5.73 ms, found 3 plugins.
Preloading 0 native plugins for Editor in 0.00 ms.
Unloading 6402 Unused Serialized files (Serialized files now loaded: 0)
Unloading 47 unused Assets / (1.1 MB). Loaded Objects now: 8137.
Memory consumption went from 246.7 MB to 245.6 MB.
Total: 3.988700 ms (FindLiveObjects: 0.568700 ms CreateObjectMapping: 0.226900 ms MarkObjects: 2.952900 ms  DeleteObjects: 0.239000 ms)

Prepare: number of updated asset objects reloaded= 0
AssetImportParameters requested are different than current active one (requested -> active):
  custom:container-demuxer-ogg: 62fdf1f143b41e24485cea50d1cbac27 -> 
  custom:framework-win-MediaFoundation: 216162199b28c13a410421893ffa2e32 -> 
  custom:container-muxer-webm: aa71ff27fc2769a1b78a27578f13a17b -> 
  custom:video-decoder-webm-vp8: 9c59270c3fd7afecdb556c50c9e8de78 -> 
  custom:SearchIndexIgnoredProperties: e643bd26f0fe6173181afceb89e7c659 -> 
  custom:AudioImporter_EditorPlatform: d09bf68614088b80899f8185d706f6e7 -> 
  custom:audio-decoder-ogg-vorbis: bf7c407c2cedff20999df2af8eb42d56 -> 
  custom:audio-encoder-webm-vorbis: bf7c407c2cedff20999df2af8eb42d56 -> 
  custom:video-decoder-ogg-theora: a1e56fd34408186e4bbccfd4996cb3dc -> 
  custom:CustomObjectIndexerAttribute: a3ef5dd2817f97addfee359851a9dba5 -> 
  custom:container-demuxer-webm: 4f35f7cbe854078d1ac9338744f61a02 -> 
  custom:scripting/monoscript/fileName/Enemy.cs: 13cc614454c9ae28caa24456faa3d7cf -> 
  custom:video-encoder-webm-vp8: eb34c28f22e8b96e1ab97ce403110664 -> 
========================================================================
Received Import Request.
  Time since last request: 579.483561 seconds.
  path: Assets/Prefabs/Characters/NormalEnemy.prefab
  artifactKey: Guid(fa14dec6309916849b53e60a233ecafc) Importer(815301076,1909f56bfc062723c751e8b465ee728b)
Start importing Assets/Prefabs/Characters/NormalEnemy.prefab using Guid(fa14dec6309916849b53e60a233ecafc) Importer(815301076,1909f56bfc062723c751e8b465ee728b)  -> (artifact id: '62afe8f73ad5c8d827d3e23f35378c69') in 0.457858 seconds
Number of updated asset objects reloaded before import = 0
Number of asset objects unloaded after import = 80
========================================================================
Received Import Request.
  Time since last request: 0.841463 seconds.
  path: Assets/Prefabs/Characters/NormalEnemy.prefab
  artifactKey: Guid(fa14dec6309916849b53e60a233ecafc) Importer(815301076,1909f56bfc062723c751e8b465ee728b)
Start importing Assets/Prefabs/Characters/NormalEnemy.prefab using Guid(fa14dec6309916849b53e60a233ecafc) Importer(815301076,1909f56bfc062723c751e8b465ee728b)  -> (artifact id: '5fcb798493bdc2b975adc89430c52843') in 0.185959 seconds
Number of updated asset objects reloaded before import = 0
Number of asset objects unloaded after import = 88
========================================================================
Received Prepare
Begin MonoManager ReloadAssembly
- Loaded All Assemblies, in  0.581 seconds
Refreshing native plugins compatible for Editor in 5.29 ms, found 3 plugins.
Native extension for WindowsStandalone target not found
Native extension for Android target not found
[Package Manager] Server::EnsureServerProcessIsRunning -- launch failed, reason: Unity was launched with the -noUpm command-line argument
[Package Manager] UpmClient::Send -- Unable to send message (not connected to UPM process).
[Package Manager] Cannot connect to Unity Package Manager local server
Mono: successfully reloaded assembly
- Finished resetting the current domain, in  1.661 seconds
Domain Reload Profiling: 2238ms
	BeginReloadAssembly (168ms)
		ExecutionOrderSort (0ms)
		DisableScriptedObjects (11ms)
		BackupInstance (0ms)
		ReleaseScriptingObjects (0ms)
		CreateAndSetChildDomain (45ms)
	RebuildCommonClasses (29ms)
	RebuildNativeTypeToScriptingClass (9ms)
	initialDomainReloadingComplete (30ms)
	LoadAllAssembliesAndSetupDomain (340ms)
		LoadAssemblies (394ms)
		RebuildTransferFunctionScriptingTraits (0ms)
		AnalyzeDomain (21ms)
			TypeCache.Refresh (6ms)
				TypeCache.ScanAssembly (0ms)
			ScanForSourceGeneratedMonoScriptInfo (0ms)
			ResolveRequiredComponents (12ms)
	FinalizeReload (1661ms)
		ReleaseScriptCaches (0ms)
		RebuildScriptCaches (0ms)
		SetupLoadedEditorAssemblies (607ms)
			LogAssemblyErrors (0ms)
			InitializePlatformSupportModulesInManaged (25ms)
			SetLoadedEditorAssemblies (6ms)
			RefreshPlugins (0ms)
			BeforeProcessingInitializeOnLoad (137ms)
			ProcessInitializeOnLoadAttributes (362ms)
			ProcessInitializeOnLoadMethodAttributes (67ms)
			AfterProcessingInitializeOnLoad (9ms)
			EditorAssembliesLoaded (0ms)
		ExecutionOrderSort2 (0ms)
		AwakeInstancesAfterBackupRestoration (17ms)
Refreshing native plugins compatible for Editor in 4.96 ms, found 3 plugins.
Preloading 0 native plugins for Editor in 0.00 ms.
Unloading 6402 Unused Serialized files (Serialized files now loaded: 0)
Unloading 52 unused Assets / (1.1 MB). Loaded Objects now: 8189.
Memory consumption went from 246.9 MB to 245.8 MB.
Total: 4.157900 ms (FindLiveObjects: 0.582900 ms CreateObjectMapping: 0.236300 ms MarkObjects: 3.034000 ms  DeleteObjects: 0.303300 ms)

Prepare: number of updated asset objects reloaded= 0
AssetImportParameters requested are different than current active one (requested -> active):
  custom:container-demuxer-ogg: 62fdf1f143b41e24485cea50d1cbac27 -> 
  custom:framework-win-MediaFoundation: 216162199b28c13a410421893ffa2e32 -> 
  custom:container-muxer-webm: aa71ff27fc2769a1b78a27578f13a17b -> 
  custom:video-decoder-webm-vp8: 9c59270c3fd7afecdb556c50c9e8de78 -> 
  custom:SearchIndexIgnoredProperties: e643bd26f0fe6173181afceb89e7c659 -> 
  custom:AudioImporter_EditorPlatform: d09bf68614088b80899f8185d706f6e7 -> 
  custom:audio-decoder-ogg-vorbis: bf7c407c2cedff20999df2af8eb42d56 -> 
  custom:audio-encoder-webm-vorbis: bf7c407c2cedff20999df2af8eb42d56 -> 
  custom:video-decoder-ogg-theora: a1e56fd34408186e4bbccfd4996cb3dc -> 
  custom:CustomObjectIndexerAttribute: a3ef5dd2817f97addfee359851a9dba5 -> 
  custom:container-demuxer-webm: 4f35f7cbe854078d1ac9338744f61a02 -> 
  custom:scripting/monoscript/fileName/Enemy.cs: 13cc614454c9ae28caa24456faa3d7cf -> 
  custom:video-encoder-webm-vp8: eb34c28f22e8b96e1ab97ce403110664 -> 
========================================================================
Received Import Request.
  Time since last request: 44.039955 seconds.
  path: Assets/Prefabs/Characters/NormalEnemy.prefab
  artifactKey: Guid(fa14dec6309916849b53e60a233ecafc) Importer(815301076,1909f56bfc062723c751e8b465ee728b)
Start importing Assets/Prefabs/Characters/NormalEnemy.prefab using Guid(fa14dec6309916849b53e60a233ecafc) Importer(815301076,1909f56bfc062723c751e8b465ee728b)  -> (artifact id: '3384096e10269ca9957737906e88308b') in 0.381967 seconds
Number of updated asset objects reloaded before import = 0
Number of asset objects unloaded after import = 80
========================================================================
Received Import Request.
  Time since last request: 4.281430 seconds.
  path: Assets/Prefabs/Characters/NormalEnemy.prefab
  artifactKey: Guid(fa14dec6309916849b53e60a233ecafc) Importer(815301076,1909f56bfc062723c751e8b465ee728b)
Start importing Assets/Prefabs/Characters/NormalEnemy.prefab using Guid(fa14dec6309916849b53e60a233ecafc) Importer(815301076,1909f56bfc062723c751e8b465ee728b)  -> (artifact id: '5c2238311f763e495e581652a45ee328') in 0.143962 seconds
Number of updated asset objects reloaded before import = 0
Number of asset objects unloaded after import = 88
========================================================================
Received Import Request.
  Time since last request: 1.878754 seconds.
  path: Assets/Prefabs/Characters/NormalEnemy.prefab
  artifactKey: Guid(fa14dec6309916849b53e60a233ecafc) Importer(815301076,1909f56bfc062723c751e8b465ee728b)
Start importing Assets/Prefabs/Characters/NormalEnemy.prefab using Guid(fa14dec6309916849b53e60a233ecafc) Importer(815301076,1909f56bfc062723c751e8b465ee728b)  -> (artifact id: '0834b41f16de488bd40b36bb215801a0') in 0.140655 seconds
Number of updated asset objects reloaded before import = 0
Number of asset objects unloaded after import = 88
========================================================================
Received Import Request.
  Time since last request: 1.923487 seconds.
  path: Assets/Prefabs/Characters/NormalEnemy.prefab
  artifactKey: Guid(fa14dec6309916849b53e60a233ecafc) Importer(815301076,1909f56bfc062723c751e8b465ee728b)
Start importing Assets/Prefabs/Characters/NormalEnemy.prefab using Guid(fa14dec6309916849b53e60a233ecafc) Importer(815301076,1909f56bfc062723c751e8b465ee728b)  -> (artifact id: '42133fe2bc7215a73a817190940afae3') in 0.148632 seconds
Number of updated asset objects reloaded before import = 0
Number of asset objects unloaded after import = 88
========================================================================
Received Prepare
Begin MonoManager ReloadAssembly
- Loaded All Assemblies, in  0.583 seconds
Refreshing native plugins compatible for Editor in 5.13 ms, found 3 plugins.
Native extension for WindowsStandalone target not found
Native extension for Android target not found
[Package Manager] Server::EnsureServerProcessIsRunning -- launch failed, reason: Unity was launched with the -noUpm command-line argument
[Package Manager] UpmClient::Send -- Unable to send message (not connected to UPM process).
[Package Manager] Cannot connect to Unity Package Manager local server
Mono: successfully reloaded assembly
- Finished resetting the current domain, in  1.618 seconds
Domain Reload Profiling: 2197ms
	BeginReloadAssembly (171ms)
		ExecutionOrderSort (0ms)
		DisableScriptedObjects (10ms)
		BackupInstance (0ms)
		ReleaseScriptingObjects (0ms)
		CreateAndSetChildDomain (49ms)
	RebuildCommonClasses (28ms)
	RebuildNativeTypeToScriptingClass (10ms)
	initialDomainReloadingComplete (30ms)
	LoadAllAssembliesAndSetupDomain (340ms)
		LoadAssemblies (394ms)
		RebuildTransferFunctionScriptingTraits (0ms)
		AnalyzeDomain (20ms)
			TypeCache.Refresh (6ms)
				TypeCache.ScanAssembly (0ms)
			ScanForSourceGeneratedMonoScriptInfo (0ms)
			ResolveRequiredComponents (12ms)
	FinalizeReload (1618ms)
		ReleaseScriptCaches (0ms)
		RebuildScriptCaches (0ms)
		SetupLoadedEditorAssemblies (602ms)
			LogAssemblyErrors (0ms)
			InitializePlatformSupportModulesInManaged (24ms)
			SetLoadedEditorAssemblies (4ms)
			RefreshPlugins (0ms)
			BeforeProcessingInitializeOnLoad (137ms)
			ProcessInitializeOnLoadAttributes (353ms)
			ProcessInitializeOnLoadMethodAttributes (74ms)
			AfterProcessingInitializeOnLoad (10ms)
			EditorAssembliesLoaded (0ms)
		ExecutionOrderSort2 (0ms)
		AwakeInstancesAfterBackupRestoration (26ms)
Refreshing native plugins compatible for Editor in 5.90 ms, found 3 plugins.
Preloading 0 native plugins for Editor in 0.00 ms.
Unloading 6402 Unused Serialized files (Serialized files now loaded: 0)
Unloading 52 unused Assets / (1.1 MB). Loaded Objects now: 8241.
Memory consumption went from 247.0 MB to 245.9 MB.
Total: 4.335800 ms (FindLiveObjects: 0.725900 ms CreateObjectMapping: 0.279500 ms MarkObjects: 3.016200 ms  DeleteObjects: 0.313300 ms)

Prepare: number of updated asset objects reloaded= 0
AssetImportParameters requested are different than current active one (requested -> active):
  custom:container-demuxer-ogg: 62fdf1f143b41e24485cea50d1cbac27 -> 
  custom:framework-win-MediaFoundation: 216162199b28c13a410421893ffa2e32 -> 
  custom:container-muxer-webm: aa71ff27fc2769a1b78a27578f13a17b -> 
  custom:video-decoder-webm-vp8: 9c59270c3fd7afecdb556c50c9e8de78 -> 
  custom:SearchIndexIgnoredProperties: e643bd26f0fe6173181afceb89e7c659 -> 
  custom:AudioImporter_EditorPlatform: d09bf68614088b80899f8185d706f6e7 -> 
  custom:audio-decoder-ogg-vorbis: bf7c407c2cedff20999df2af8eb42d56 -> 
  custom:audio-encoder-webm-vorbis: bf7c407c2cedff20999df2af8eb42d56 -> 
  custom:video-decoder-ogg-theora: a1e56fd34408186e4bbccfd4996cb3dc -> 
  custom:CustomObjectIndexerAttribute: a3ef5dd2817f97addfee359851a9dba5 -> 
  custom:container-demuxer-webm: 4f35f7cbe854078d1ac9338744f61a02 -> 
  custom:scripting/monoscript/fileName/Enemy.cs: 13cc614454c9ae28caa24456faa3d7cf -> 
  custom:video-encoder-webm-vp8: eb34c28f22e8b96e1ab97ce403110664 -> 
========================================================================
Received Prepare
Begin MonoManager ReloadAssembly
- Loaded All Assemblies, in  0.581 seconds
Refreshing native plugins compatible for Editor in 5.17 ms, found 3 plugins.
Native extension for WindowsStandalone target not found
Native extension for Android target not found
[Package Manager] Server::EnsureServerProcessIsRunning -- launch failed, reason: Unity was launched with the -noUpm command-line argument
[Package Manager] UpmClient::Send -- Unable to send message (not connected to UPM process).
[Package Manager] Cannot connect to Unity Package Manager local server
Mono: successfully reloaded assembly
- Finished resetting the current domain, in  1.625 seconds
Domain Reload Profiling: 2201ms
	BeginReloadAssembly (165ms)
		ExecutionOrderSort (0ms)
		DisableScriptedObjects (6ms)
		BackupInstance (0ms)
		ReleaseScriptingObjects (0ms)
		CreateAndSetChildDomain (42ms)
	RebuildCommonClasses (28ms)
	RebuildNativeTypeToScriptingClass (9ms)
	initialDomainReloadingComplete (33ms)
	LoadAllAssembliesAndSetupDomain (341ms)
		LoadAssemblies (399ms)
		RebuildTransferFunctionScriptingTraits (0ms)
		AnalyzeDomain (20ms)
			TypeCache.Refresh (6ms)
				TypeCache.ScanAssembly (0ms)
			ScanForSourceGeneratedMonoScriptInfo (0ms)
			ResolveRequiredComponents (12ms)
	FinalizeReload (1625ms)
		ReleaseScriptCaches (0ms)
		RebuildScriptCaches (0ms)
		SetupLoadedEditorAssemblies (584ms)
			LogAssemblyErrors (0ms)
			InitializePlatformSupportModulesInManaged (24ms)
			SetLoadedEditorAssemblies (5ms)
			RefreshPlugins (0ms)
			BeforeProcessingInitializeOnLoad (136ms)
			ProcessInitializeOnLoadAttributes (341ms)
			ProcessInitializeOnLoadMethodAttributes (69ms)
			AfterProcessingInitializeOnLoad (9ms)
			EditorAssembliesLoaded (0ms)
		ExecutionOrderSort2 (0ms)
		AwakeInstancesAfterBackupRestoration (17ms)
Refreshing native plugins compatible for Editor in 5.13 ms, found 3 plugins.
Preloading 0 native plugins for Editor in 0.00 ms.
Unloading 6402 Unused Serialized files (Serialized files now loaded: 0)
Unloading 47 unused Assets / (1.1 MB). Loaded Objects now: 8257.
Memory consumption went from 246.9 MB to 245.8 MB.
Total: 4.180000 ms (FindLiveObjects: 0.642100 ms CreateObjectMapping: 0.283500 ms MarkObjects: 3.014200 ms  DeleteObjects: 0.239400 ms)

Prepare: number of updated asset objects reloaded= 0
AssetImportParameters requested are different than current active one (requested -> active):
  custom:container-demuxer-ogg: 62fdf1f143b41e24485cea50d1cbac27 -> 
  custom:framework-win-MediaFoundation: 216162199b28c13a410421893ffa2e32 -> 
  custom:container-muxer-webm: aa71ff27fc2769a1b78a27578f13a17b -> 
  custom:video-decoder-webm-vp8: 9c59270c3fd7afecdb556c50c9e8de78 -> 
  custom:SearchIndexIgnoredProperties: e643bd26f0fe6173181afceb89e7c659 -> 
  custom:AudioImporter_EditorPlatform: d09bf68614088b80899f8185d706f6e7 -> 
  custom:audio-decoder-ogg-vorbis: bf7c407c2cedff20999df2af8eb42d56 -> 
  custom:audio-encoder-webm-vorbis: bf7c407c2cedff20999df2af8eb42d56 -> 
  custom:video-decoder-ogg-theora: a1e56fd34408186e4bbccfd4996cb3dc -> 
  custom:CustomObjectIndexerAttribute: a3ef5dd2817f97addfee359851a9dba5 -> 
  custom:container-demuxer-webm: 4f35f7cbe854078d1ac9338744f61a02 -> 
  custom:scripting/monoscript/fileName/Enemy.cs: 13cc614454c9ae28caa24456faa3d7cf -> 
  custom:video-encoder-webm-vp8: eb34c28f22e8b96e1ab97ce403110664 -> 
========================================================================
Received Prepare
Begin MonoManager ReloadAssembly
- Loaded All Assemblies, in  0.731 seconds
Refreshing native plugins compatible for Editor in 5.70 ms, found 3 plugins.
Native extension for WindowsStandalone target not found
Native extension for Android target not found
[Package Manager] Server::EnsureServerProcessIsRunning -- launch failed, reason: Unity was launched with the -noUpm command-line argument
[Package Manager] UpmClient::Send -- Unable to send message (not connected to UPM process).
[Package Manager] Cannot connect to Unity Package Manager local server
Mono: successfully reloaded assembly
- Finished resetting the current domain, in  1.844 seconds
Domain Reload Profiling: 2569ms
	BeginReloadAssembly (195ms)
		ExecutionOrderSort (0ms)
		DisableScriptedObjects (9ms)
		BackupInstance (0ms)
		ReleaseScriptingObjects (0ms)
		CreateAndSetChildDomain (50ms)
	RebuildCommonClasses (30ms)
	RebuildNativeTypeToScriptingClass (10ms)
	initialDomainReloadingComplete (37ms)
	LoadAllAssembliesAndSetupDomain (453ms)
		LoadAssemblies (485ms)
		RebuildTransferFunctionScriptingTraits (0ms)
		AnalyzeDomain (63ms)
			TypeCache.Refresh (16ms)
				TypeCache.ScanAssembly (2ms)
			ScanForSourceGeneratedMonoScriptInfo (34ms)
			ResolveRequiredComponents (12ms)
	FinalizeReload (1845ms)
		ReleaseScriptCaches (0ms)
		RebuildScriptCaches (0ms)
		SetupLoadedEditorAssemblies (655ms)
			LogAssemblyErrors (0ms)
			InitializePlatformSupportModulesInManaged (29ms)
			SetLoadedEditorAssemblies (5ms)
			RefreshPlugins (0ms)
			BeforeProcessingInitializeOnLoad (198ms)
			ProcessInitializeOnLoadAttributes (344ms)
			ProcessInitializeOnLoadMethodAttributes (68ms)
			AfterProcessingInitializeOnLoad (11ms)
			EditorAssembliesLoaded (0ms)
		ExecutionOrderSort2 (0ms)
		AwakeInstancesAfterBackupRestoration (22ms)
Refreshing native plugins compatible for Editor in 6.64 ms, found 3 plugins.
Preloading 0 native plugins for Editor in 0.00 ms.
Unloading 6402 Unused Serialized files (Serialized files now loaded: 0)
Unloading 47 unused Assets / (1.1 MB). Loaded Objects now: 8273.
Memory consumption went from 246.9 MB to 245.8 MB.
Total: 4.541400 ms (FindLiveObjects: 0.700700 ms CreateObjectMapping: 0.297200 ms MarkObjects: 3.266600 ms  DeleteObjects: 0.275400 ms)

Prepare: number of updated asset objects reloaded= 0
AssetImportParameters requested are different than current active one (requested -> active):
  custom:container-demuxer-ogg: 62fdf1f143b41e24485cea50d1cbac27 -> 
  custom:framework-win-MediaFoundation: 216162199b28c13a410421893ffa2e32 -> 
  custom:container-muxer-webm: aa71ff27fc2769a1b78a27578f13a17b -> 
  custom:video-decoder-webm-vp8: 9c59270c3fd7afecdb556c50c9e8de78 -> 
  custom:SearchIndexIgnoredProperties: e643bd26f0fe6173181afceb89e7c659 -> 
  custom:AudioImporter_EditorPlatform: d09bf68614088b80899f8185d706f6e7 -> 
  custom:audio-decoder-ogg-vorbis: bf7c407c2cedff20999df2af8eb42d56 -> 
  custom:audio-encoder-webm-vorbis: bf7c407c2cedff20999df2af8eb42d56 -> 
  custom:video-decoder-ogg-theora: a1e56fd34408186e4bbccfd4996cb3dc -> 
  custom:CustomObjectIndexerAttribute: a3ef5dd2817f97addfee359851a9dba5 -> 
  custom:container-demuxer-webm: 4f35f7cbe854078d1ac9338744f61a02 -> 
  custom:scripting/monoscript/fileName/Enemy.cs: 13cc614454c9ae28caa24456faa3d7cf -> 
  custom:video-encoder-webm-vp8: eb34c28f22e8b96e1ab97ce403110664 -> 
========================================================================
Received Prepare
Begin MonoManager ReloadAssembly
- Loaded All Assemblies, in  0.771 seconds
Refreshing native plugins compatible for Editor in 6.84 ms, found 3 plugins.
Native extension for WindowsStandalone target not found
Native extension for Android target not found
[Package Manager] Server::EnsureServerProcessIsRunning -- launch failed, reason: Unity was launched with the -noUpm command-line argument
[Package Manager] UpmClient::Send -- Unable to send message (not connected to UPM process).
[Package Manager] Cannot connect to Unity Package Manager local server
Mono: successfully reloaded assembly
- Finished resetting the current domain, in  1.904 seconds
Domain Reload Profiling: 2667ms
	BeginReloadAssembly (201ms)
		ExecutionOrderSort (0ms)
		DisableScriptedObjects (6ms)
		BackupInstance (0ms)
		ReleaseScriptingObjects (0ms)
		CreateAndSetChildDomain (49ms)
	RebuildCommonClasses (33ms)
	RebuildNativeTypeToScriptingClass (12ms)
	initialDomainReloadingComplete (39ms)
	LoadAllAssembliesAndSetupDomain (477ms)
		LoadAssemblies (519ms)
		RebuildTransferFunctionScriptingTraits (0ms)
		AnalyzeDomain (58ms)
			TypeCache.Refresh (15ms)
				TypeCache.ScanAssembly (2ms)
			ScanForSourceGeneratedMonoScriptInfo (28ms)
			ResolveRequiredComponents (13ms)
	FinalizeReload (1904ms)
		ReleaseScriptCaches (0ms)
		RebuildScriptCaches (0ms)
		SetupLoadedEditorAssemblies (681ms)
			LogAssemblyErrors (0ms)
			InitializePlatformSupportModulesInManaged (34ms)
			SetLoadedEditorAssemblies (8ms)
			RefreshPlugins (0ms)
			BeforeProcessingInitializeOnLoad (157ms)
			ProcessInitializeOnLoadAttributes (401ms)
			ProcessInitializeOnLoadMethodAttributes (74ms)
			AfterProcessingInitializeOnLoad (8ms)
			EditorAssembliesLoaded (0ms)
		ExecutionOrderSort2 (0ms)
		AwakeInstancesAfterBackupRestoration (17ms)
Script is not up to date after domain reload: guid(8b514cff5a7fdab43b822a6c50707649) path("Assets/Scripts/Enemy/EnemyBase.cs") state(2)
Refreshing native plugins compatible for Editor in 8.15 ms, found 3 plugins.
Preloading 0 native plugins for Editor in 0.00 ms.
Unloading 6401 Unused Serialized files (Serialized files now loaded: 0)
Unloading 47 unused Assets / (1.1 MB). Loaded Objects now: 8288.
Memory consumption went from 246.9 MB to 245.8 MB.
Total: 8.060200 ms (FindLiveObjects: 1.446300 ms CreateObjectMapping: 0.877800 ms MarkObjects: 5.169700 ms  DeleteObjects: 0.564700 ms)

Prepare: number of updated asset objects reloaded= 0
AssetImportParameters requested are different than current active one (requested -> active):
  custom:container-demuxer-ogg: 62fdf1f143b41e24485cea50d1cbac27 -> 
  custom:framework-win-MediaFoundation: 216162199b28c13a410421893ffa2e32 -> 
  custom:container-muxer-webm: aa71ff27fc2769a1b78a27578f13a17b -> 
  custom:video-decoder-webm-vp8: 9c59270c3fd7afecdb556c50c9e8de78 -> 
  custom:SearchIndexIgnoredProperties: e643bd26f0fe6173181afceb89e7c659 -> 
  custom:AudioImporter_EditorPlatform: d09bf68614088b80899f8185d706f6e7 -> 
  custom:audio-decoder-ogg-vorbis: bf7c407c2cedff20999df2af8eb42d56 -> 
  custom:audio-encoder-webm-vorbis: bf7c407c2cedff20999df2af8eb42d56 -> 
  custom:video-decoder-ogg-theora: a1e56fd34408186e4bbccfd4996cb3dc -> 
  custom:CustomObjectIndexerAttribute: a3ef5dd2817f97addfee359851a9dba5 -> 
  custom:container-demuxer-webm: 4f35f7cbe854078d1ac9338744f61a02 -> 
  custom:scripting/monoscript/fileName/Enemy.cs: 13cc614454c9ae28caa24456faa3d7cf -> 
  custom:video-encoder-webm-vp8: eb34c28f22e8b96e1ab97ce403110664 -> 
========================================================================
Received Prepare
Begin MonoManager ReloadAssembly
- Loaded All Assemblies, in  0.701 seconds
Refreshing native plugins compatible for Editor in 5.28 ms, found 3 plugins.
Native extension for WindowsStandalone target not found
Native extension for Android target not found
[Package Manager] Server::EnsureServerProcessIsRunning -- launch failed, reason: Unity was launched with the -noUpm command-line argument
[Package Manager] UpmClient::Send -- Unable to send message (not connected to UPM process).
[Package Manager] Cannot connect to Unity Package Manager local server
Mono: successfully reloaded assembly
- Finished resetting the current domain, in  1.654 seconds
Domain Reload Profiling: 2349ms
	BeginReloadAssembly (192ms)
		ExecutionOrderSort (0ms)
		DisableScriptedObjects (29ms)
		BackupInstance (0ms)
		ReleaseScriptingObjects (0ms)
		CreateAndSetChildDomain (46ms)
	RebuildCommonClasses (28ms)
	RebuildNativeTypeToScriptingClass (9ms)
	initialDomainReloadingComplete (32ms)
	LoadAllAssembliesAndSetupDomain (433ms)
		LoadAssemblies (448ms)
		RebuildTransferFunctionScriptingTraits (0ms)
		AnalyzeDomain (64ms)
			TypeCache.Refresh (20ms)
				TypeCache.ScanAssembly (3ms)
			ScanForSourceGeneratedMonoScriptInfo (30ms)
			ResolveRequiredComponents (12ms)
	FinalizeReload (1654ms)
		ReleaseScriptCaches (0ms)
		RebuildScriptCaches (0ms)
		SetupLoadedEditorAssemblies (606ms)
			LogAssemblyErrors (0ms)
			InitializePlatformSupportModulesInManaged (25ms)
			SetLoadedEditorAssemblies (4ms)
			RefreshPlugins (0ms)
			BeforeProcessingInitializeOnLoad (144ms)
			ProcessInitializeOnLoadAttributes (353ms)
			ProcessInitializeOnLoadMethodAttributes (71ms)
			AfterProcessingInitializeOnLoad (8ms)
			EditorAssembliesLoaded (0ms)
		ExecutionOrderSort2 (0ms)
		AwakeInstancesAfterBackupRestoration (21ms)
Refreshing native plugins compatible for Editor in 5.77 ms, found 3 plugins.
Preloading 0 native plugins for Editor in 0.00 ms.
Unloading 6402 Unused Serialized files (Serialized files now loaded: 0)
Unloading 47 unused Assets / (1.1 MB). Loaded Objects now: 8305.
Memory consumption went from 246.9 MB to 245.8 MB.
Total: 4.678300 ms (FindLiveObjects: 0.746900 ms CreateObjectMapping: 0.282500 ms MarkObjects: 3.333900 ms  DeleteObjects: 0.313600 ms)

Prepare: number of updated asset objects reloaded= 0
AssetImportParameters requested are different than current active one (requested -> active):
  custom:container-demuxer-ogg: 62fdf1f143b41e24485cea50d1cbac27 -> 
  custom:framework-win-MediaFoundation: 216162199b28c13a410421893ffa2e32 -> 
  custom:container-muxer-webm: aa71ff27fc2769a1b78a27578f13a17b -> 
  custom:video-decoder-webm-vp8: 9c59270c3fd7afecdb556c50c9e8de78 -> 
  custom:SearchIndexIgnoredProperties: e643bd26f0fe6173181afceb89e7c659 -> 
  custom:AudioImporter_EditorPlatform: d09bf68614088b80899f8185d706f6e7 -> 
  custom:audio-decoder-ogg-vorbis: bf7c407c2cedff20999df2af8eb42d56 -> 
  custom:audio-encoder-webm-vorbis: bf7c407c2cedff20999df2af8eb42d56 -> 
  custom:video-decoder-ogg-theora: a1e56fd34408186e4bbccfd4996cb3dc -> 
  custom:CustomObjectIndexerAttribute: a3ef5dd2817f97addfee359851a9dba5 -> 
  custom:container-demuxer-webm: 4f35f7cbe854078d1ac9338744f61a02 -> 
  custom:scripting/monoscript/fileName/Enemy.cs: 13cc614454c9ae28caa24456faa3d7cf -> 
  custom:video-encoder-webm-vp8: eb34c28f22e8b96e1ab97ce403110664 -> 
========================================================================
Received Prepare
Begin MonoManager ReloadAssembly
- Loaded All Assemblies, in  0.580 seconds
Refreshing native plugins compatible for Editor in 5.61 ms, found 3 plugins.
Native extension for WindowsStandalone target not found
Native extension for Android target not found
[Package Manager] Server::EnsureServerProcessIsRunning -- launch failed, reason: Unity was launched with the -noUpm command-line argument
[Package Manager] UpmClient::Send -- Unable to send message (not connected to UPM process).
[Package Manager] Cannot connect to Unity Package Manager local server
Mono: successfully reloaded assembly
- Finished resetting the current domain, in  1.658 seconds
Domain Reload Profiling: 2233ms
	BeginReloadAssembly (164ms)
		ExecutionOrderSort (0ms)
		DisableScriptedObjects (5ms)
		BackupInstance (0ms)
		ReleaseScriptingObjects (0ms)
		CreateAndSetChildDomain (47ms)
	RebuildCommonClasses (28ms)
	RebuildNativeTypeToScriptingClass (10ms)
	initialDomainReloadingComplete (31ms)
	LoadAllAssembliesAndSetupDomain (342ms)
		LoadAssemblies (393ms)
		RebuildTransferFunctionScriptingTraits (0ms)
		AnalyzeDomain (23ms)
			TypeCache.Refresh (8ms)
				TypeCache.ScanAssembly (0ms)
			ScanForSourceGeneratedMonoScriptInfo (0ms)
			ResolveRequiredComponents (13ms)
	FinalizeReload (1659ms)
		ReleaseScriptCaches (0ms)
		RebuildScriptCaches (0ms)
		SetupLoadedEditorAssemblies (608ms)
			LogAssemblyErrors (0ms)
			InitializePlatformSupportModulesInManaged (24ms)
			SetLoadedEditorAssemblies (4ms)
			RefreshPlugins (0ms)
			BeforeProcessingInitializeOnLoad (149ms)
			ProcessInitializeOnLoadAttributes (346ms)
			ProcessInitializeOnLoadMethodAttributes (77ms)
			AfterProcessingInitializeOnLoad (8ms)
			EditorAssembliesLoaded (0ms)
		ExecutionOrderSort2 (0ms)
		AwakeInstancesAfterBackupRestoration (17ms)
Refreshing native plugins compatible for Editor in 5.54 ms, found 3 plugins.
Preloading 0 native plugins for Editor in 0.00 ms.
Unloading 6402 Unused Serialized files (Serialized files now loaded: 0)
Unloading 47 unused Assets / (1.1 MB). Loaded Objects now: 8321.
Memory consumption went from 247.0 MB to 245.8 MB.
Total: 5.395500 ms (FindLiveObjects: 0.859100 ms CreateObjectMapping: 0.386800 ms MarkObjects: 3.815800 ms  DeleteObjects: 0.332000 ms)

Prepare: number of updated asset objects reloaded= 0
AssetImportParameters requested are different than current active one (requested -> active):
  custom:container-demuxer-ogg: 62fdf1f143b41e24485cea50d1cbac27 -> 
  custom:framework-win-MediaFoundation: 216162199b28c13a410421893ffa2e32 -> 
  custom:container-muxer-webm: aa71ff27fc2769a1b78a27578f13a17b -> 
  custom:video-decoder-webm-vp8: 9c59270c3fd7afecdb556c50c9e8de78 -> 
  custom:SearchIndexIgnoredProperties: e643bd26f0fe6173181afceb89e7c659 -> 
  custom:AudioImporter_EditorPlatform: d09bf68614088b80899f8185d706f6e7 -> 
  custom:audio-decoder-ogg-vorbis: bf7c407c2cedff20999df2af8eb42d56 -> 
  custom:audio-encoder-webm-vorbis: bf7c407c2cedff20999df2af8eb42d56 -> 
  custom:video-decoder-ogg-theora: a1e56fd34408186e4bbccfd4996cb3dc -> 
  custom:CustomObjectIndexerAttribute: a3ef5dd2817f97addfee359851a9dba5 -> 
  custom:container-demuxer-webm: 4f35f7cbe854078d1ac9338744f61a02 -> 
  custom:scripting/monoscript/fileName/Enemy.cs: 13cc614454c9ae28caa24456faa3d7cf -> 
  custom:video-encoder-webm-vp8: eb34c28f22e8b96e1ab97ce403110664 -> 
========================================================================
Received Prepare
Begin MonoManager ReloadAssembly
- Loaded All Assemblies, in  0.962 seconds
Refreshing native plugins compatible for Editor in 5.81 ms, found 3 plugins.
Native extension for WindowsStandalone target not found
Native extension for Android target not found
[Package Manager] Server::EnsureServerProcessIsRunning -- launch failed, reason: Unity was launched with the -noUpm command-line argument
[Package Manager] UpmClient::Send -- Unable to send message (not connected to UPM process).
[Package Manager] Cannot connect to Unity Package Manager local server
Mono: successfully reloaded assembly
- Finished resetting the current domain, in  2.173 seconds
Domain Reload Profiling: 3125ms
	BeginReloadAssembly (222ms)
		ExecutionOrderSort (0ms)
		DisableScriptedObjects (7ms)
		BackupInstance (0ms)
		ReleaseScriptingObjects (0ms)
		CreateAndSetChildDomain (50ms)
	RebuildCommonClasses (35ms)
	RebuildNativeTypeToScriptingClass (20ms)
	initialDomainReloadingComplete (67ms)
	LoadAllAssembliesAndSetupDomain (607ms)
		LoadAssemblies (647ms)
		RebuildTransferFunctionScriptingTraits (0ms)
		AnalyzeDomain (79ms)
			TypeCache.Refresh (15ms)
				TypeCache.ScanAssembly (2ms)
			ScanForSourceGeneratedMonoScriptInfo (44ms)
			ResolveRequiredComponents (17ms)
	FinalizeReload (2174ms)
		ReleaseScriptCaches (0ms)
		RebuildScriptCaches (0ms)
		SetupLoadedEditorAssemblies (815ms)
			LogAssemblyErrors (0ms)
			InitializePlatformSupportModulesInManaged (30ms)
			SetLoadedEditorAssemblies (10ms)
			RefreshPlugins (0ms)
			BeforeProcessingInitializeOnLoad (177ms)
			ProcessInitializeOnLoadAttributes (496ms)
			ProcessInitializeOnLoadMethodAttributes (90ms)
			AfterProcessingInitializeOnLoad (12ms)
			EditorAssembliesLoaded (0ms)
		ExecutionOrderSort2 (0ms)
		AwakeInstancesAfterBackupRestoration (17ms)
Refreshing native plugins compatible for Editor in 30.65 ms, found 3 plugins.
Preloading 0 native plugins for Editor in 0.00 ms.
Unloading 6402 Unused Serialized files (Serialized files now loaded: 0)
Unloading 47 unused Assets / (1.1 MB). Loaded Objects now: 8337.
Memory consumption went from 247.0 MB to 245.8 MB.
Total: 4.255200 ms (FindLiveObjects: 0.683900 ms CreateObjectMapping: 0.249100 ms MarkObjects: 3.060100 ms  DeleteObjects: 0.260900 ms)

Prepare: number of updated asset objects reloaded= 0
AssetImportParameters requested are different than current active one (requested -> active):
  custom:container-demuxer-ogg: 62fdf1f143b41e24485cea50d1cbac27 -> 
  custom:framework-win-MediaFoundation: 216162199b28c13a410421893ffa2e32 -> 
  custom:container-muxer-webm: aa71ff27fc2769a1b78a27578f13a17b -> 
  custom:video-decoder-webm-vp8: 9c59270c3fd7afecdb556c50c9e8de78 -> 
  custom:SearchIndexIgnoredProperties: e643bd26f0fe6173181afceb89e7c659 -> 
  custom:AudioImporter_EditorPlatform: d09bf68614088b80899f8185d706f6e7 -> 
  custom:audio-decoder-ogg-vorbis: bf7c407c2cedff20999df2af8eb42d56 -> 
  custom:audio-encoder-webm-vorbis: bf7c407c2cedff20999df2af8eb42d56 -> 
  custom:video-decoder-ogg-theora: a1e56fd34408186e4bbccfd4996cb3dc -> 
  custom:CustomObjectIndexerAttribute: a3ef5dd2817f97addfee359851a9dba5 -> 
  custom:container-demuxer-webm: 4f35f7cbe854078d1ac9338744f61a02 -> 
  custom:scripting/monoscript/fileName/Enemy.cs: 13cc614454c9ae28caa24456faa3d7cf -> 
  custom:video-encoder-webm-vp8: eb34c28f22e8b96e1ab97ce403110664 -> 
========================================================================
Received Prepare
Begin MonoManager ReloadAssembly
- Loaded All Assemblies, in  0.660 seconds
Refreshing native plugins compatible for Editor in 5.17 ms, found 3 plugins.
Native extension for WindowsStandalone target not found
Native extension for Android target not found
[Package Manager] Server::EnsureServerProcessIsRunning -- launch failed, reason: Unity was launched with the -noUpm command-line argument
[Package Manager] UpmClient::Send -- Unable to send message (not connected to UPM process).
[Package Manager] Cannot connect to Unity Package Manager local server
Mono: successfully reloaded assembly
- Finished resetting the current domain, in  1.763 seconds
Domain Reload Profiling: 2418ms
	BeginReloadAssembly (169ms)
		ExecutionOrderSort (0ms)
		DisableScriptedObjects (6ms)
		BackupInstance (0ms)
		ReleaseScriptingObjects (0ms)
		CreateAndSetChildDomain (43ms)
	RebuildCommonClasses (32ms)
	RebuildNativeTypeToScriptingClass (10ms)
	initialDomainReloadingComplete (33ms)
	LoadAllAssembliesAndSetupDomain (411ms)
		LoadAssemblies (437ms)
		RebuildTransferFunctionScriptingTraits (0ms)
		AnalyzeDomain (53ms)
			TypeCache.Refresh (12ms)
				TypeCache.ScanAssembly (2ms)
			ScanForSourceGeneratedMonoScriptInfo (26ms)
			ResolveRequiredComponents (11ms)
	FinalizeReload (1764ms)
		ReleaseScriptCaches (0ms)
		RebuildScriptCaches (0ms)
		SetupLoadedEditorAssemblies (696ms)
			LogAssemblyErrors (0ms)
			InitializePlatformSupportModulesInManaged (29ms)
			SetLoadedEditorAssemblies (5ms)
			RefreshPlugins (0ms)
			BeforeProcessingInitializeOnLoad (161ms)
			ProcessInitializeOnLoadAttributes (403ms)
			ProcessInitializeOnLoadMethodAttributes (88ms)
			AfterProcessingInitializeOnLoad (8ms)
			EditorAssembliesLoaded (0ms)
		ExecutionOrderSort2 (0ms)
		AwakeInstancesAfterBackupRestoration (19ms)
Refreshing native plugins compatible for Editor in 9.93 ms, found 3 plugins.
Preloading 0 native plugins for Editor in 0.00 ms.
Unloading 6402 Unused Serialized files (Serialized files now loaded: 0)
Unloading 47 unused Assets / (1.1 MB). Loaded Objects now: 8353.
Memory consumption went from 247.0 MB to 245.8 MB.
Total: 12.347900 ms (FindLiveObjects: 1.725500 ms CreateObjectMapping: 1.909900 ms MarkObjects: 7.907200 ms  DeleteObjects: 0.802100 ms)

Prepare: number of updated asset objects reloaded= 0
AssetImportParameters requested are different than current active one (requested -> active):
  custom:container-demuxer-ogg: 62fdf1f143b41e24485cea50d1cbac27 -> 
  custom:framework-win-MediaFoundation: 216162199b28c13a410421893ffa2e32 -> 
  custom:container-muxer-webm: aa71ff27fc2769a1b78a27578f13a17b -> 
  custom:video-decoder-webm-vp8: 9c59270c3fd7afecdb556c50c9e8de78 -> 
  custom:SearchIndexIgnoredProperties: e643bd26f0fe6173181afceb89e7c659 -> 
  custom:AudioImporter_EditorPlatform: d09bf68614088b80899f8185d706f6e7 -> 
  custom:audio-decoder-ogg-vorbis: bf7c407c2cedff20999df2af8eb42d56 -> 
  custom:audio-encoder-webm-vorbis: bf7c407c2cedff20999df2af8eb42d56 -> 
  custom:video-decoder-ogg-theora: a1e56fd34408186e4bbccfd4996cb3dc -> 
  custom:CustomObjectIndexerAttribute: a3ef5dd2817f97addfee359851a9dba5 -> 
  custom:container-demuxer-webm: 4f35f7cbe854078d1ac9338744f61a02 -> 
  custom:scripting/monoscript/fileName/Enemy.cs: 13cc614454c9ae28caa24456faa3d7cf -> 
  custom:video-encoder-webm-vp8: eb34c28f22e8b96e1ab97ce403110664 -> 
========================================================================
Received Prepare
Begin MonoManager ReloadAssembly
- Loaded All Assemblies, in  0.724 seconds
Refreshing native plugins compatible for Editor in 5.09 ms, found 3 plugins.
Native extension for WindowsStandalone target not found
Native extension for Android target not found
[Package Manager] Server::EnsureServerProcessIsRunning -- launch failed, reason: Unity was launched with the -noUpm command-line argument
[Package Manager] UpmClient::Send -- Unable to send message (not connected to UPM process).
[Package Manager] Cannot connect to Unity Package Manager local server
Mono: successfully reloaded assembly
- Finished resetting the current domain, in  1.897 seconds
Domain Reload Profiling: 2614ms
	BeginReloadAssembly (199ms)
		ExecutionOrderSort (0ms)
		DisableScriptedObjects (9ms)
		BackupInstance (0ms)
		ReleaseScriptingObjects (0ms)
		CreateAndSetChildDomain (54ms)
	RebuildCommonClasses (35ms)
	RebuildNativeTypeToScriptingClass (10ms)
	initialDomainReloadingComplete (39ms)
	LoadAllAssembliesAndSetupDomain (433ms)
		LoadAssemblies (475ms)
		RebuildTransferFunctionScriptingTraits (0ms)
		AnalyzeDomain (50ms)
			TypeCache.Refresh (12ms)
				TypeCache.ScanAssembly (2ms)
			ScanForSourceGeneratedMonoScriptInfo (25ms)
			ResolveRequiredComponents (11ms)
	FinalizeReload (1898ms)
		ReleaseScriptCaches (0ms)
		RebuildScriptCaches (0ms)
		SetupLoadedEditorAssemblies (695ms)
			LogAssemblyErrors (0ms)
			InitializePlatformSupportModulesInManaged (31ms)
			SetLoadedEditorAssemblies (8ms)
			RefreshPlugins (0ms)
			BeforeProcessingInitializeOnLoad (208ms)
			ProcessInitializeOnLoadAttributes (360ms)
			ProcessInitializeOnLoadMethodAttributes (74ms)
			AfterProcessingInitializeOnLoad (14ms)
			EditorAssembliesLoaded (0ms)
		ExecutionOrderSort2 (0ms)
		AwakeInstancesAfterBackupRestoration (27ms)
Refreshing native plugins compatible for Editor in 6.11 ms, found 3 plugins.
Preloading 0 native plugins for Editor in 0.00 ms.
Unloading 6402 Unused Serialized files (Serialized files now loaded: 0)
Unloading 47 unused Assets / (1.1 MB). Loaded Objects now: 8369.
Memory consumption went from 247.0 MB to 245.9 MB.
Total: 4.823200 ms (FindLiveObjects: 0.719600 ms CreateObjectMapping: 0.222500 ms MarkObjects: 3.616100 ms  DeleteObjects: 0.263100 ms)

Prepare: number of updated asset objects reloaded= 0
AssetImportParameters requested are different than current active one (requested -> active):
  custom:container-demuxer-ogg: 62fdf1f143b41e24485cea50d1cbac27 -> 
  custom:framework-win-MediaFoundation: 216162199b28c13a410421893ffa2e32 -> 
  custom:container-muxer-webm: aa71ff27fc2769a1b78a27578f13a17b -> 
  custom:video-decoder-webm-vp8: 9c59270c3fd7afecdb556c50c9e8de78 -> 
  custom:SearchIndexIgnoredProperties: e643bd26f0fe6173181afceb89e7c659 -> 
  custom:AudioImporter_EditorPlatform: d09bf68614088b80899f8185d706f6e7 -> 
  custom:audio-decoder-ogg-vorbis: bf7c407c2cedff20999df2af8eb42d56 -> 
  custom:audio-encoder-webm-vorbis: bf7c407c2cedff20999df2af8eb42d56 -> 
  custom:video-decoder-ogg-theora: a1e56fd34408186e4bbccfd4996cb3dc -> 
  custom:CustomObjectIndexerAttribute: a3ef5dd2817f97addfee359851a9dba5 -> 
  custom:container-demuxer-webm: 4f35f7cbe854078d1ac9338744f61a02 -> 
  custom:scripting/monoscript/fileName/Enemy.cs: 13cc614454c9ae28caa24456faa3d7cf -> 
  custom:video-encoder-webm-vp8: eb34c28f22e8b96e1ab97ce403110664 -> 
========================================================================
Received Prepare
Begin MonoManager ReloadAssembly
- Loaded All Assemblies, in  0.754 seconds
Refreshing native plugins compatible for Editor in 6.64 ms, found 3 plugins.
Native extension for WindowsStandalone target not found
Native extension for Android target not found
[Package Manager] Server::EnsureServerProcessIsRunning -- launch failed, reason: Unity was launched with the -noUpm command-line argument
[Package Manager] UpmClient::Send -- Unable to send message (not connected to UPM process).
[Package Manager] Cannot connect to Unity Package Manager local server
Mono: successfully reloaded assembly
- Finished resetting the current domain, in  2.068 seconds
Domain Reload Profiling: 2815ms
	BeginReloadAssembly (203ms)
		ExecutionOrderSort (0ms)
		DisableScriptedObjects (9ms)
		BackupInstance (0ms)
		ReleaseScriptingObjects (0ms)
		CreateAndSetChildDomain (44ms)
	RebuildCommonClasses (42ms)
	RebuildNativeTypeToScriptingClass (11ms)
	initialDomainReloadingComplete (36ms)
	LoadAllAssembliesAndSetupDomain (454ms)
		LoadAssemblies (498ms)
		RebuildTransferFunctionScriptingTraits (0ms)
		AnalyzeDomain (55ms)
			TypeCache.Refresh (13ms)
				TypeCache.ScanAssembly (2ms)
			ScanForSourceGeneratedMonoScriptInfo (27ms)
			ResolveRequiredComponents (12ms)
	FinalizeReload (2069ms)
		ReleaseScriptCaches (0ms)
		RebuildScriptCaches (0ms)
		SetupLoadedEditorAssemblies (743ms)
			LogAssemblyErrors (0ms)
			InitializePlatformSupportModulesInManaged (31ms)
			SetLoadedEditorAssemblies (4ms)
			RefreshPlugins (0ms)
			BeforeProcessingInitializeOnLoad (178ms)
			ProcessInitializeOnLoadAttributes (429ms)
			ProcessInitializeOnLoadMethodAttributes (92ms)
			AfterProcessingInitializeOnLoad (8ms)
			EditorAssembliesLoaded (0ms)
		ExecutionOrderSort2 (0ms)
		AwakeInstancesAfterBackupRestoration (22ms)
Refreshing native plugins compatible for Editor in 6.77 ms, found 3 plugins.
Preloading 0 native plugins for Editor in 0.00 ms.
Unloading 6402 Unused Serialized files (Serialized files now loaded: 0)
Unloading 47 unused Assets / (1.1 MB). Loaded Objects now: 8385.
Memory consumption went from 247.0 MB to 245.9 MB.
Total: 6.530200 ms (FindLiveObjects: 0.836900 ms CreateObjectMapping: 0.331400 ms MarkObjects: 4.908700 ms  DeleteObjects: 0.451900 ms)

Prepare: number of updated asset objects reloaded= 0
AssetImportParameters requested are different than current active one (requested -> active):
  custom:container-demuxer-ogg: 62fdf1f143b41e24485cea50d1cbac27 -> 
  custom:framework-win-MediaFoundation: 216162199b28c13a410421893ffa2e32 -> 
  custom:container-muxer-webm: aa71ff27fc2769a1b78a27578f13a17b -> 
  custom:video-decoder-webm-vp8: 9c59270c3fd7afecdb556c50c9e8de78 -> 
  custom:SearchIndexIgnoredProperties: e643bd26f0fe6173181afceb89e7c659 -> 
  custom:AudioImporter_EditorPlatform: d09bf68614088b80899f8185d706f6e7 -> 
  custom:audio-decoder-ogg-vorbis: bf7c407c2cedff20999df2af8eb42d56 -> 
  custom:audio-encoder-webm-vorbis: bf7c407c2cedff20999df2af8eb42d56 -> 
  custom:video-decoder-ogg-theora: a1e56fd34408186e4bbccfd4996cb3dc -> 
  custom:CustomObjectIndexerAttribute: a3ef5dd2817f97addfee359851a9dba5 -> 
  custom:container-demuxer-webm: 4f35f7cbe854078d1ac9338744f61a02 -> 
  custom:scripting/monoscript/fileName/Enemy.cs: 13cc614454c9ae28caa24456faa3d7cf -> 
  custom:video-encoder-webm-vp8: eb34c28f22e8b96e1ab97ce403110664 -> 
========================================================================
Received Prepare
Begin MonoManager ReloadAssembly
- Loaded All Assemblies, in  0.600 seconds
Refreshing native plugins compatible for Editor in 5.03 ms, found 3 plugins.
Native extension for WindowsStandalone target not found
Native extension for Android target not found
[Package Manager] Server::EnsureServerProcessIsRunning -- launch failed, reason: Unity was launched with the -noUpm command-line argument
[Package Manager] UpmClient::Send -- Unable to send message (not connected to UPM process).
[Package Manager] Cannot connect to Unity Package Manager local server
Mono: successfully reloaded assembly
- Finished resetting the current domain, in  1.614 seconds
Domain Reload Profiling: 2209ms
	BeginReloadAssembly (158ms)
		ExecutionOrderSort (0ms)
		DisableScriptedObjects (6ms)
		BackupInstance (0ms)
		ReleaseScriptingObjects (0ms)
		CreateAndSetChildDomain (41ms)
	RebuildCommonClasses (28ms)
	RebuildNativeTypeToScriptingClass (12ms)
	initialDomainReloadingComplete (32ms)
	LoadAllAssembliesAndSetupDomain (364ms)
		LoadAssemblies (388ms)
		RebuildTransferFunctionScriptingTraits (0ms)
		AnalyzeDomain (51ms)
			TypeCache.Refresh (11ms)
				TypeCache.ScanAssembly (1ms)
			ScanForSourceGeneratedMonoScriptInfo (26ms)
			ResolveRequiredComponents (12ms)
	FinalizeReload (1614ms)
		ReleaseScriptCaches (0ms)
		RebuildScriptCaches (0ms)
		SetupLoadedEditorAssemblies (590ms)
			LogAssemblyErrors (0ms)
			InitializePlatformSupportModulesInManaged (24ms)
			SetLoadedEditorAssemblies (4ms)
			RefreshPlugins (0ms)
			BeforeProcessingInitializeOnLoad (138ms)
			ProcessInitializeOnLoadAttributes (346ms)
			ProcessInitializeOnLoadMethodAttributes (68ms)
			AfterProcessingInitializeOnLoad (8ms)
			EditorAssembliesLoaded (0ms)
		ExecutionOrderSort2 (0ms)
		AwakeInstancesAfterBackupRestoration (18ms)
Refreshing native plugins compatible for Editor in 5.59 ms, found 3 plugins.
Preloading 0 native plugins for Editor in 0.00 ms.
Unloading 6402 Unused Serialized files (Serialized files now loaded: 0)
Unloading 47 unused Assets / (1.1 MB). Loaded Objects now: 8401.
Memory consumption went from 247.0 MB to 245.9 MB.
Total: 4.157400 ms (FindLiveObjects: 0.684000 ms CreateObjectMapping: 0.261800 ms MarkObjects: 2.959800 ms  DeleteObjects: 0.249900 ms)

Prepare: number of updated asset objects reloaded= 0
AssetImportParameters requested are different than current active one (requested -> active):
  custom:container-demuxer-ogg: 62fdf1f143b41e24485cea50d1cbac27 -> 
  custom:framework-win-MediaFoundation: 216162199b28c13a410421893ffa2e32 -> 
  custom:container-muxer-webm: aa71ff27fc2769a1b78a27578f13a17b -> 
  custom:video-decoder-webm-vp8: 9c59270c3fd7afecdb556c50c9e8de78 -> 
  custom:SearchIndexIgnoredProperties: e643bd26f0fe6173181afceb89e7c659 -> 
  custom:AudioImporter_EditorPlatform: d09bf68614088b80899f8185d706f6e7 -> 
  custom:audio-decoder-ogg-vorbis: bf7c407c2cedff20999df2af8eb42d56 -> 
  custom:audio-encoder-webm-vorbis: bf7c407c2cedff20999df2af8eb42d56 -> 
  custom:video-decoder-ogg-theora: a1e56fd34408186e4bbccfd4996cb3dc -> 
  custom:CustomObjectIndexerAttribute: a3ef5dd2817f97addfee359851a9dba5 -> 
  custom:container-demuxer-webm: 4f35f7cbe854078d1ac9338744f61a02 -> 
  custom:scripting/monoscript/fileName/Enemy.cs: 13cc614454c9ae28caa24456faa3d7cf -> 
  custom:video-encoder-webm-vp8: eb34c28f22e8b96e1ab97ce403110664 -> 
========================================================================
Received Prepare
Begin MonoManager ReloadAssembly
- Loaded All Assemblies, in  0.597 seconds
Refreshing native plugins compatible for Editor in 4.97 ms, found 3 plugins.
Native extension for WindowsStandalone target not found
Native extension for Android target not found
[Package Manager] Server::EnsureServerProcessIsRunning -- launch failed, reason: Unity was launched with the -noUpm command-line argument
[Package Manager] UpmClient::Send -- Unable to send message (not connected to UPM process).
[Package Manager] Cannot connect to Unity Package Manager local server
Mono: successfully reloaded assembly
- Finished resetting the current domain, in  1.627 seconds
Domain Reload Profiling: 2219ms
	BeginReloadAssembly (173ms)
		ExecutionOrderSort (0ms)
		DisableScriptedObjects (6ms)
		BackupInstance (0ms)
		ReleaseScriptingObjects (0ms)
		CreateAndSetChildDomain (43ms)
	RebuildCommonClasses (41ms)
	RebuildNativeTypeToScriptingClass (11ms)
	initialDomainReloadingComplete (35ms)
	LoadAllAssembliesAndSetupDomain (332ms)
		LoadAssemblies (399ms)
		RebuildTransferFunctionScriptingTraits (0ms)
		AnalyzeDomain (20ms)
			TypeCache.Refresh (6ms)
				TypeCache.ScanAssembly (0ms)
			ScanForSourceGeneratedMonoScriptInfo (0ms)
			ResolveRequiredComponents (12ms)
	FinalizeReload (1627ms)
		ReleaseScriptCaches (0ms)
		RebuildScriptCaches (0ms)
		SetupLoadedEditorAssemblies (589ms)
			LogAssemblyErrors (0ms)
			InitializePlatformSupportModulesInManaged (24ms)
			SetLoadedEditorAssemblies (5ms)
			RefreshPlugins (0ms)
			BeforeProcessingInitializeOnLoad (137ms)
			ProcessInitializeOnLoadAttributes (346ms)
			ProcessInitializeOnLoadMethodAttributes (69ms)
			AfterProcessingInitializeOnLoad (8ms)
			EditorAssembliesLoaded (0ms)
		ExecutionOrderSort2 (0ms)
		AwakeInstancesAfterBackupRestoration (18ms)
Refreshing native plugins compatible for Editor in 4.91 ms, found 3 plugins.
Preloading 0 native plugins for Editor in 0.00 ms.
Unloading 6402 Unused Serialized files (Serialized files now loaded: 0)
Unloading 47 unused Assets / (1.1 MB). Loaded Objects now: 8417.
Memory consumption went from 247.0 MB to 245.9 MB.
Total: 4.071900 ms (FindLiveObjects: 0.604000 ms CreateObjectMapping: 0.213500 ms MarkObjects: 3.007900 ms  DeleteObjects: 0.244500 ms)

Prepare: number of updated asset objects reloaded= 0
AssetImportParameters requested are different than current active one (requested -> active):
  custom:container-demuxer-ogg: 62fdf1f143b41e24485cea50d1cbac27 -> 
  custom:framework-win-MediaFoundation: 216162199b28c13a410421893ffa2e32 -> 
  custom:container-muxer-webm: aa71ff27fc2769a1b78a27578f13a17b -> 
  custom:video-decoder-webm-vp8: 9c59270c3fd7afecdb556c50c9e8de78 -> 
  custom:SearchIndexIgnoredProperties: e643bd26f0fe6173181afceb89e7c659 -> 
  custom:AudioImporter_EditorPlatform: d09bf68614088b80899f8185d706f6e7 -> 
  custom:audio-decoder-ogg-vorbis: bf7c407c2cedff20999df2af8eb42d56 -> 
  custom:audio-encoder-webm-vorbis: bf7c407c2cedff20999df2af8eb42d56 -> 
  custom:video-decoder-ogg-theora: a1e56fd34408186e4bbccfd4996cb3dc -> 
  custom:CustomObjectIndexerAttribute: a3ef5dd2817f97addfee359851a9dba5 -> 
  custom:container-demuxer-webm: 4f35f7cbe854078d1ac9338744f61a02 -> 
  custom:scripting/monoscript/fileName/Enemy.cs: 13cc614454c9ae28caa24456faa3d7cf -> 
  custom:video-encoder-webm-vp8: eb34c28f22e8b96e1ab97ce403110664 -> 
========================================================================
Received Prepare
Begin MonoManager ReloadAssembly
- Loaded All Assemblies, in  0.666 seconds
Refreshing native plugins compatible for Editor in 5.55 ms, found 3 plugins.
Native extension for WindowsStandalone target not found
Native extension for Android target not found
[Package Manager] Server::EnsureServerProcessIsRunning -- launch failed, reason: Unity was launched with the -noUpm command-line argument
[Package Manager] UpmClient::Send -- Unable to send message (not connected to UPM process).
[Package Manager] Cannot connect to Unity Package Manager local server
Mono: successfully reloaded assembly
- Finished resetting the current domain, in  1.648 seconds
Domain Reload Profiling: 2310ms
	BeginReloadAssembly (178ms)
		ExecutionOrderSort (0ms)
		DisableScriptedObjects (8ms)
		BackupInstance (0ms)
		ReleaseScriptingObjects (0ms)
		CreateAndSetChildDomain (46ms)
	RebuildCommonClasses (30ms)
	RebuildNativeTypeToScriptingClass (12ms)
	initialDomainReloadingComplete (32ms)
	LoadAllAssembliesAndSetupDomain (410ms)
		LoadAssemblies (438ms)
		RebuildTransferFunctionScriptingTraits (0ms)
		AnalyzeDomain (55ms)
			TypeCache.Refresh (12ms)
				TypeCache.ScanAssembly (2ms)
			ScanForSourceGeneratedMonoScriptInfo (29ms)
			ResolveRequiredComponents (12ms)
	FinalizeReload (1648ms)
		ReleaseScriptCaches (0ms)
		RebuildScriptCaches (0ms)
		SetupLoadedEditorAssemblies (619ms)
			LogAssemblyErrors (0ms)
			InitializePlatformSupportModulesInManaged (24ms)
			SetLoadedEditorAssemblies (4ms)
			RefreshPlugins (0ms)
			BeforeProcessingInitializeOnLoad (158ms)
			ProcessInitializeOnLoadAttributes (355ms)
			ProcessInitializeOnLoadMethodAttributes (70ms)
			AfterProcessingInitializeOnLoad (8ms)
			EditorAssembliesLoaded (0ms)
		ExecutionOrderSort2 (0ms)
		AwakeInstancesAfterBackupRestoration (17ms)
Refreshing native plugins compatible for Editor in 5.73 ms, found 3 plugins.
Preloading 0 native plugins for Editor in 0.00 ms.
Unloading 6402 Unused Serialized files (Serialized files now loaded: 0)
Unloading 47 unused Assets / (1.1 MB). Loaded Objects now: 8433.
Memory consumption went from 247.0 MB to 245.9 MB.
Total: 3.978600 ms (FindLiveObjects: 0.630200 ms CreateObjectMapping: 0.215100 ms MarkObjects: 2.900300 ms  DeleteObjects: 0.232300 ms)

Prepare: number of updated asset objects reloaded= 0
AssetImportParameters requested are different than current active one (requested -> active):
  custom:container-demuxer-ogg: 62fdf1f143b41e24485cea50d1cbac27 -> 
  custom:framework-win-MediaFoundation: 216162199b28c13a410421893ffa2e32 -> 
  custom:container-muxer-webm: aa71ff27fc2769a1b78a27578f13a17b -> 
  custom:video-decoder-webm-vp8: 9c59270c3fd7afecdb556c50c9e8de78 -> 
  custom:SearchIndexIgnoredProperties: e643bd26f0fe6173181afceb89e7c659 -> 
  custom:AudioImporter_EditorPlatform: d09bf68614088b80899f8185d706f6e7 -> 
  custom:audio-decoder-ogg-vorbis: bf7c407c2cedff20999df2af8eb42d56 -> 
  custom:audio-encoder-webm-vorbis: bf7c407c2cedff20999df2af8eb42d56 -> 
  custom:video-decoder-ogg-theora: a1e56fd34408186e4bbccfd4996cb3dc -> 
  custom:CustomObjectIndexerAttribute: a3ef5dd2817f97addfee359851a9dba5 -> 
  custom:container-demuxer-webm: 4f35f7cbe854078d1ac9338744f61a02 -> 
  custom:scripting/monoscript/fileName/Enemy.cs: 13cc614454c9ae28caa24456faa3d7cf -> 
  custom:video-encoder-webm-vp8: eb34c28f22e8b96e1ab97ce403110664 -> 
========================================================================
Received Prepare
Begin MonoManager ReloadAssembly
- Loaded All Assemblies, in  0.711 seconds
Refreshing native plugins compatible for Editor in 5.00 ms, found 3 plugins.
Native extension for WindowsStandalone target not found
Native extension for Android target not found
[Package Manager] Server::EnsureServerProcessIsRunning -- launch failed, reason: Unity was launched with the -noUpm command-line argument
[Package Manager] UpmClient::Send -- Unable to send message (not connected to UPM process).
[Package Manager] Cannot connect to Unity Package Manager local server
Mono: successfully reloaded assembly
- Finished resetting the current domain, in  1.843 seconds
Domain Reload Profiling: 2548ms
	BeginReloadAssembly (188ms)
		ExecutionOrderSort (0ms)
		DisableScriptedObjects (8ms)
		BackupInstance (0ms)
		ReleaseScriptingObjects (0ms)
		CreateAndSetChildDomain (52ms)
	RebuildCommonClasses (34ms)
	RebuildNativeTypeToScriptingClass (9ms)
	initialDomainReloadingComplete (44ms)
	LoadAllAssembliesAndSetupDomain (429ms)
		LoadAssemblies (458ms)
		RebuildTransferFunctionScriptingTraits (0ms)
		AnalyzeDomain (58ms)
			TypeCache.Refresh (14ms)
				TypeCache.ScanAssembly (2ms)
			ScanForSourceGeneratedMonoScriptInfo (31ms)
			ResolveRequiredComponents (12ms)
	FinalizeReload (1844ms)
		ReleaseScriptCaches (0ms)
		RebuildScriptCaches (0ms)
		SetupLoadedEditorAssemblies (730ms)
			LogAssemblyErrors (0ms)
			InitializePlatformSupportModulesInManaged (29ms)
			SetLoadedEditorAssemblies (7ms)
			RefreshPlugins (0ms)
			BeforeProcessingInitializeOnLoad (168ms)
			ProcessInitializeOnLoadAttributes (400ms)
			ProcessInitializeOnLoadMethodAttributes (110ms)
			AfterProcessingInitializeOnLoad (14ms)
			EditorAssembliesLoaded (1ms)
		ExecutionOrderSort2 (0ms)
		AwakeInstancesAfterBackupRestoration (27ms)
Refreshing native plugins compatible for Editor in 5.63 ms, found 3 plugins.
Preloading 0 native plugins for Editor in 0.00 ms.
Unloading 6402 Unused Serialized files (Serialized files now loaded: 0)
Unloading 47 unused Assets / (1.1 MB). Loaded Objects now: 8449.
Memory consumption went from 247.1 MB to 245.9 MB.
Total: 4.969900 ms (FindLiveObjects: 0.810400 ms CreateObjectMapping: 0.246800 ms MarkObjects: 3.634400 ms  DeleteObjects: 0.276600 ms)

Prepare: number of updated asset objects reloaded= 0
AssetImportParameters requested are different than current active one (requested -> active):
  custom:container-demuxer-ogg: 62fdf1f143b41e24485cea50d1cbac27 -> 
  custom:framework-win-MediaFoundation: 216162199b28c13a410421893ffa2e32 -> 
  custom:container-muxer-webm: aa71ff27fc2769a1b78a27578f13a17b -> 
  custom:video-decoder-webm-vp8: 9c59270c3fd7afecdb556c50c9e8de78 -> 
  custom:SearchIndexIgnoredProperties: e643bd26f0fe6173181afceb89e7c659 -> 
  custom:AudioImporter_EditorPlatform: d09bf68614088b80899f8185d706f6e7 -> 
  custom:audio-decoder-ogg-vorbis: bf7c407c2cedff20999df2af8eb42d56 -> 
  custom:audio-encoder-webm-vorbis: bf7c407c2cedff20999df2af8eb42d56 -> 
  custom:video-decoder-ogg-theora: a1e56fd34408186e4bbccfd4996cb3dc -> 
  custom:CustomObjectIndexerAttribute: a3ef5dd2817f97addfee359851a9dba5 -> 
  custom:container-demuxer-webm: 4f35f7cbe854078d1ac9338744f61a02 -> 
  custom:scripting/monoscript/fileName/Enemy.cs: 13cc614454c9ae28caa24456faa3d7cf -> 
  custom:video-encoder-webm-vp8: eb34c28f22e8b96e1ab97ce403110664 -> 
========================================================================
Received Prepare
Begin MonoManager ReloadAssembly
- Loaded All Assemblies, in  0.649 seconds
Refreshing native plugins compatible for Editor in 5.66 ms, found 3 plugins.
Native extension for WindowsStandalone target not found
Native extension for Android target not found
[Package Manager] Server::EnsureServerProcessIsRunning -- launch failed, reason: Unity was launched with the -noUpm command-line argument
[Package Manager] UpmClient::Send -- Unable to send message (not connected to UPM process).
[Package Manager] Cannot connect to Unity Package Manager local server
Mono: successfully reloaded assembly
- Finished resetting the current domain, in  1.649 seconds
Domain Reload Profiling: 2294ms
	BeginReloadAssembly (174ms)
		ExecutionOrderSort (0ms)
		DisableScriptedObjects (8ms)
		BackupInstance (0ms)
		ReleaseScriptingObjects (0ms)
		CreateAndSetChildDomain (45ms)
	RebuildCommonClasses (33ms)
	RebuildNativeTypeToScriptingClass (11ms)
	initialDomainReloadingComplete (39ms)
	LoadAllAssembliesAndSetupDomain (388ms)
		LoadAssemblies (420ms)
		RebuildTransferFunctionScriptingTraits (0ms)
		AnalyzeDomain (50ms)
			TypeCache.Refresh (12ms)
				TypeCache.ScanAssembly (2ms)
			ScanForSourceGeneratedMonoScriptInfo (25ms)
			ResolveRequiredComponents (11ms)
	FinalizeReload (1649ms)
		ReleaseScriptCaches (0ms)
		RebuildScriptCaches (0ms)
		SetupLoadedEditorAssemblies (634ms)
			LogAssemblyErrors (0ms)
			InitializePlatformSupportModulesInManaged (26ms)
			SetLoadedEditorAssemblies (5ms)
			RefreshPlugins (0ms)
			BeforeProcessingInitializeOnLoad (143ms)
			ProcessInitializeOnLoadAttributes (375ms)
			ProcessInitializeOnLoadMethodAttributes (78ms)
			AfterProcessingInitializeOnLoad (7ms)
			EditorAssembliesLoaded (0ms)
		ExecutionOrderSort2 (0ms)
		AwakeInstancesAfterBackupRestoration (17ms)
Refreshing native plugins compatible for Editor in 4.98 ms, found 3 plugins.
Preloading 0 native plugins for Editor in 0.00 ms.
Unloading 6402 Unused Serialized files (Serialized files now loaded: 0)
Unloading 47 unused Assets / (1.1 MB). Loaded Objects now: 8465.
Memory consumption went from 247.1 MB to 245.9 MB.
Total: 4.471400 ms (FindLiveObjects: 0.624800 ms CreateObjectMapping: 0.211000 ms MarkObjects: 3.187700 ms  DeleteObjects: 0.446400 ms)

Prepare: number of updated asset objects reloaded= 0
AssetImportParameters requested are different than current active one (requested -> active):
  custom:container-demuxer-ogg: 62fdf1f143b41e24485cea50d1cbac27 -> 
  custom:framework-win-MediaFoundation: 216162199b28c13a410421893ffa2e32 -> 
  custom:container-muxer-webm: aa71ff27fc2769a1b78a27578f13a17b -> 
  custom:video-decoder-webm-vp8: 9c59270c3fd7afecdb556c50c9e8de78 -> 
  custom:SearchIndexIgnoredProperties: e643bd26f0fe6173181afceb89e7c659 -> 
  custom:AudioImporter_EditorPlatform: d09bf68614088b80899f8185d706f6e7 -> 
  custom:audio-decoder-ogg-vorbis: bf7c407c2cedff20999df2af8eb42d56 -> 
  custom:audio-encoder-webm-vorbis: bf7c407c2cedff20999df2af8eb42d56 -> 
  custom:video-decoder-ogg-theora: a1e56fd34408186e4bbccfd4996cb3dc -> 
  custom:CustomObjectIndexerAttribute: a3ef5dd2817f97addfee359851a9dba5 -> 
  custom:container-demuxer-webm: 4f35f7cbe854078d1ac9338744f61a02 -> 
  custom:scripting/monoscript/fileName/Enemy.cs: 13cc614454c9ae28caa24456faa3d7cf -> 
  custom:video-encoder-webm-vp8: eb34c28f22e8b96e1ab97ce403110664 -> 
========================================================================
Received Import Request.
  Time since last request: 548.149158 seconds.
  path: Assets/Prefabs/Characters/NormalEnemy.prefab
  artifactKey: Guid(fa14dec6309916849b53e60a233ecafc) Importer(815301076,1909f56bfc062723c751e8b465ee728b)
Start importing Assets/Prefabs/Characters/NormalEnemy.prefab using Guid(fa14dec6309916849b53e60a233ecafc) Importer(815301076,1909f56bfc062723c751e8b465ee728b)  -> (artifact id: 'f5753f70c142add76b49c0f2f003779c') in 0.396105 seconds
Number of updated asset objects reloaded before import = 0
Number of asset objects unloaded after import = 80
========================================================================
Received Import Request.
  Time since last request: 2.016032 seconds.
  path: Assets/Prefabs/Characters/NormalEnemy.prefab
  artifactKey: Guid(fa14dec6309916849b53e60a233ecafc) Importer(815301076,1909f56bfc062723c751e8b465ee728b)
Start importing Assets/Prefabs/Characters/NormalEnemy.prefab using Guid(fa14dec6309916849b53e60a233ecafc) Importer(815301076,1909f56bfc062723c751e8b465ee728b)  -> (artifact id: '642586e1a304d35ba7d00b115559068f') in 0.142034 seconds
Number of updated asset objects reloaded before import = 0
Number of asset objects unloaded after import = 88
========================================================================
Received Prepare
Begin MonoManager ReloadAssembly
- Loaded All Assemblies, in  0.575 seconds
Refreshing native plugins compatible for Editor in 6.08 ms, found 3 plugins.
Native extension for WindowsStandalone target not found
Native extension for Android target not found
[Package Manager] Server::EnsureServerProcessIsRunning -- launch failed, reason: Unity was launched with the -noUpm command-line argument
[Package Manager] UpmClient::Send -- Unable to send message (not connected to UPM process).
[Package Manager] Cannot connect to Unity Package Manager local server
Mono: successfully reloaded assembly
- Finished resetting the current domain, in  1.634 seconds
Domain Reload Profiling: 2204ms
	BeginReloadAssembly (174ms)
		ExecutionOrderSort (0ms)
		DisableScriptedObjects (11ms)
		BackupInstance (0ms)
		ReleaseScriptingObjects (0ms)
		CreateAndSetChildDomain (53ms)
	RebuildCommonClasses (28ms)
	RebuildNativeTypeToScriptingClass (10ms)
	initialDomainReloadingComplete (31ms)
	LoadAllAssembliesAndSetupDomain (327ms)
		LoadAssemblies (380ms)
		RebuildTransferFunctionScriptingTraits (0ms)
		AnalyzeDomain (21ms)
			TypeCache.Refresh (7ms)
				TypeCache.ScanAssembly (0ms)
			ScanForSourceGeneratedMonoScriptInfo (0ms)
			ResolveRequiredComponents (12ms)
	FinalizeReload (1634ms)
		ReleaseScriptCaches (0ms)
		RebuildScriptCaches (0ms)
		SetupLoadedEditorAssemblies (600ms)
			LogAssemblyErrors (0ms)
			InitializePlatformSupportModulesInManaged (28ms)
			SetLoadedEditorAssemblies (4ms)
			RefreshPlugins (0ms)
			BeforeProcessingInitializeOnLoad (139ms)
			ProcessInitializeOnLoadAttributes (349ms)
			ProcessInitializeOnLoadMethodAttributes (71ms)
			AfterProcessingInitializeOnLoad (9ms)
			EditorAssembliesLoaded (0ms)
		ExecutionOrderSort2 (0ms)
		AwakeInstancesAfterBackupRestoration (19ms)
Refreshing native plugins compatible for Editor in 6.32 ms, found 3 plugins.
Preloading 0 native plugins for Editor in 0.00 ms.
Unloading 6402 Unused Serialized files (Serialized files now loaded: 0)
Unloading 52 unused Assets / (1.1 MB). Loaded Objects now: 8517.
Memory consumption went from 247.3 MB to 246.1 MB.
Total: 4.421600 ms (FindLiveObjects: 0.643600 ms CreateObjectMapping: 0.219000 ms MarkObjects: 3.251800 ms  DeleteObjects: 0.306100 ms)

Prepare: number of updated asset objects reloaded= 0
AssetImportParameters requested are different than current active one (requested -> active):
  custom:container-demuxer-ogg: 62fdf1f143b41e24485cea50d1cbac27 -> 
  custom:framework-win-MediaFoundation: 216162199b28c13a410421893ffa2e32 -> 
  custom:container-muxer-webm: aa71ff27fc2769a1b78a27578f13a17b -> 
  custom:video-decoder-webm-vp8: 9c59270c3fd7afecdb556c50c9e8de78 -> 
  custom:SearchIndexIgnoredProperties: e643bd26f0fe6173181afceb89e7c659 -> 
  custom:AudioImporter_EditorPlatform: d09bf68614088b80899f8185d706f6e7 -> 
  custom:audio-decoder-ogg-vorbis: bf7c407c2cedff20999df2af8eb42d56 -> 
  custom:audio-encoder-webm-vorbis: bf7c407c2cedff20999df2af8eb42d56 -> 
  custom:video-decoder-ogg-theora: a1e56fd34408186e4bbccfd4996cb3dc -> 
  custom:CustomObjectIndexerAttribute: a3ef5dd2817f97addfee359851a9dba5 -> 
  custom:container-demuxer-webm: 4f35f7cbe854078d1ac9338744f61a02 -> 
  custom:scripting/monoscript/fileName/Enemy.cs: 13cc614454c9ae28caa24456faa3d7cf -> 
  custom:video-encoder-webm-vp8: eb34c28f22e8b96e1ab97ce403110664 -> 
========================================================================
Received Import Request.
  Time since last request: 21.240277 seconds.
  path: Assets/Prefabs/Characters/NormalEnemy.prefab
  artifactKey: Guid(fa14dec6309916849b53e60a233ecafc) Importer(815301076,1909f56bfc062723c751e8b465ee728b)
Start importing Assets/Prefabs/Characters/NormalEnemy.prefab using Guid(fa14dec6309916849b53e60a233ecafc) Importer(815301076,1909f56bfc062723c751e8b465ee728b)  -> (artifact id: 'ad41e19b34b8aa243be1c59e6ae68f77') in 0.411558 seconds
Number of updated asset objects reloaded before import = 0
Number of asset objects unloaded after import = 80
========================================================================
Received Import Request.
  Time since last request: 1.239749 seconds.
  path: Assets/Prefabs/Characters/NormalEnemy.prefab
  artifactKey: Guid(fa14dec6309916849b53e60a233ecafc) Importer(815301076,1909f56bfc062723c751e8b465ee728b)
Start importing Assets/Prefabs/Characters/NormalEnemy.prefab using Guid(fa14dec6309916849b53e60a233ecafc) Importer(815301076,1909f56bfc062723c751e8b465ee728b)  -> (artifact id: '1e8c33820117f08fe03a11fea010f7ae') in 0.149063 seconds
Number of updated asset objects reloaded before import = 0
Number of asset objects unloaded after import = 88
========================================================================
Received Import Request.
  Time since last request: 4.065163 seconds.
  path: Assets/Prefabs/Characters/NormalEnemy.prefab
  artifactKey: Guid(fa14dec6309916849b53e60a233ecafc) Importer(815301076,1909f56bfc062723c751e8b465ee728b)
Start importing Assets/Prefabs/Characters/NormalEnemy.prefab using Guid(fa14dec6309916849b53e60a233ecafc) Importer(815301076,1909f56bfc062723c751e8b465ee728b)  -> (artifact id: '7c01c92d51e3bd2ee686c74e2fe721a4') in 0.143182 seconds
Number of updated asset objects reloaded before import = 0
Number of asset objects unloaded after import = 88
========================================================================
Received Import Request.
  Time since last request: 1.455999 seconds.
  path: Assets/Prefabs/Characters/NormalEnemy.prefab
  artifactKey: Guid(fa14dec6309916849b53e60a233ecafc) Importer(815301076,1909f56bfc062723c751e8b465ee728b)
Start importing Assets/Prefabs/Characters/NormalEnemy.prefab using Guid(fa14dec6309916849b53e60a233ecafc) Importer(815301076,1909f56bfc062723c751e8b465ee728b)  -> (artifact id: 'cecb729860062bb8424a193b992edbcb') in 0.143000 seconds
Number of updated asset objects reloaded before import = 0
Number of asset objects unloaded after import = 88
========================================================================
Received Import Request.
  Time since last request: 1.859241 seconds.
  path: Assets/Prefabs/Characters/NormalEnemy.prefab
  artifactKey: Guid(fa14dec6309916849b53e60a233ecafc) Importer(815301076,1909f56bfc062723c751e8b465ee728b)
Start importing Assets/Prefabs/Characters/NormalEnemy.prefab using Guid(fa14dec6309916849b53e60a233ecafc) Importer(815301076,1909f56bfc062723c751e8b465ee728b)  -> (artifact id: '40c93a676071dc477bdc03df82b7671f') in 0.148328 seconds
Number of updated asset objects reloaded before import = 0
Number of asset objects unloaded after import = 88
========================================================================
Received Import Request.
  Time since last request: 2.685242 seconds.
  path: Assets/Prefabs/Characters/NormalEnemy.prefab
  artifactKey: Guid(fa14dec6309916849b53e60a233ecafc) Importer(815301076,1909f56bfc062723c751e8b465ee728b)
Start importing Assets/Prefabs/Characters/NormalEnemy.prefab using Guid(fa14dec6309916849b53e60a233ecafc) Importer(815301076,1909f56bfc062723c751e8b465ee728b)  -> (artifact id: 'cfc605ddf8cbdcbbd053034688a2e524') in 0.141324 seconds
Number of updated asset objects reloaded before import = 0
Number of asset objects unloaded after import = 88
========================================================================
Received Import Request.
  Time since last request: 1.460832 seconds.
  path: Assets/Prefabs/Characters/NormalEnemy.prefab
  artifactKey: Guid(fa14dec6309916849b53e60a233ecafc) Importer(815301076,1909f56bfc062723c751e8b465ee728b)
Start importing Assets/Prefabs/Characters/NormalEnemy.prefab using Guid(fa14dec6309916849b53e60a233ecafc) Importer(815301076,1909f56bfc062723c751e8b465ee728b)  -> (artifact id: 'e92d8c1bebcff2f0703b79db9062fbff') in 0.140411 seconds
Number of updated asset objects reloaded before import = 0
Number of asset objects unloaded after import = 88
========================================================================
Received Prepare
Begin MonoManager ReloadAssembly
- Loaded All Assemblies, in  0.595 seconds
Refreshing native plugins compatible for Editor in 4.97 ms, found 3 plugins.
Native extension for WindowsStandalone target not found
Native extension for Android target not found
[Package Manager] Server::EnsureServerProcessIsRunning -- launch failed, reason: Unity was launched with the -noUpm command-line argument
[Package Manager] UpmClient::Send -- Unable to send message (not connected to UPM process).
[Package Manager] Cannot connect to Unity Package Manager local server
Mono: successfully reloaded assembly
- Finished resetting the current domain, in  1.650 seconds
Domain Reload Profiling: 2241ms
	BeginReloadAssembly (186ms)
		ExecutionOrderSort (0ms)
		DisableScriptedObjects (14ms)
		BackupInstance (0ms)
		ReleaseScriptingObjects (0ms)
		CreateAndSetChildDomain (60ms)
	RebuildCommonClasses (28ms)
	RebuildNativeTypeToScriptingClass (9ms)
	initialDomainReloadingComplete (34ms)
	LoadAllAssembliesAndSetupDomain (333ms)
		LoadAssemblies (386ms)
		RebuildTransferFunctionScriptingTraits (0ms)
		AnalyzeDomain (20ms)
			TypeCache.Refresh (6ms)
				TypeCache.ScanAssembly (0ms)
			ScanForSourceGeneratedMonoScriptInfo (0ms)
			ResolveRequiredComponents (12ms)
	FinalizeReload (1651ms)
		ReleaseScriptCaches (0ms)
		RebuildScriptCaches (0ms)
		SetupLoadedEditorAssemblies (598ms)
			LogAssemblyErrors (0ms)
			InitializePlatformSupportModulesInManaged (24ms)
			SetLoadedEditorAssemblies (6ms)
			RefreshPlugins (0ms)
			BeforeProcessingInitializeOnLoad (139ms)
			ProcessInitializeOnLoadAttributes (351ms)
			ProcessInitializeOnLoadMethodAttributes (69ms)
			AfterProcessingInitializeOnLoad (8ms)
			EditorAssembliesLoaded (0ms)
		ExecutionOrderSort2 (0ms)
		AwakeInstancesAfterBackupRestoration (21ms)
Refreshing native plugins compatible for Editor in 5.12 ms, found 3 plugins.
Preloading 0 native plugins for Editor in 0.00 ms.
Unloading 6402 Unused Serialized files (Serialized files now loaded: 0)
Unloading 52 unused Assets / (1.1 MB). Loaded Objects now: 8569.
Memory consumption went from 247.3 MB to 246.2 MB.
Total: 4.171500 ms (FindLiveObjects: 0.641200 ms CreateObjectMapping: 0.224700 ms MarkObjects: 2.976500 ms  DeleteObjects: 0.327800 ms)

Prepare: number of updated asset objects reloaded= 0
AssetImportParameters requested are different than current active one (requested -> active):
  custom:container-demuxer-ogg: 62fdf1f143b41e24485cea50d1cbac27 -> 
  custom:framework-win-MediaFoundation: 216162199b28c13a410421893ffa2e32 -> 
  custom:container-muxer-webm: aa71ff27fc2769a1b78a27578f13a17b -> 
  custom:video-decoder-webm-vp8: 9c59270c3fd7afecdb556c50c9e8de78 -> 
  custom:SearchIndexIgnoredProperties: e643bd26f0fe6173181afceb89e7c659 -> 
  custom:AudioImporter_EditorPlatform: d09bf68614088b80899f8185d706f6e7 -> 
  custom:audio-decoder-ogg-vorbis: bf7c407c2cedff20999df2af8eb42d56 -> 
  custom:audio-encoder-webm-vorbis: bf7c407c2cedff20999df2af8eb42d56 -> 
  custom:video-decoder-ogg-theora: a1e56fd34408186e4bbccfd4996cb3dc -> 
  custom:CustomObjectIndexerAttribute: a3ef5dd2817f97addfee359851a9dba5 -> 
  custom:container-demuxer-webm: 4f35f7cbe854078d1ac9338744f61a02 -> 
  custom:scripting/monoscript/fileName/Enemy.cs: 13cc614454c9ae28caa24456faa3d7cf -> 
  custom:video-encoder-webm-vp8: eb34c28f22e8b96e1ab97ce403110664 -> 
========================================================================
Received Prepare
Begin MonoManager ReloadAssembly
- Loaded All Assemblies, in  0.654 seconds
Refreshing native plugins compatible for Editor in 5.50 ms, found 3 plugins.
Native extension for WindowsStandalone target not found
Native extension for Android target not found
[Package Manager] Server::EnsureServerProcessIsRunning -- launch failed, reason: Unity was launched with the -noUpm command-line argument
[Package Manager] UpmClient::Send -- Unable to send message (not connected to UPM process).
[Package Manager] Cannot connect to Unity Package Manager local server
Mono: successfully reloaded assembly
- Finished resetting the current domain, in  1.623 seconds
Domain Reload Profiling: 2272ms
	BeginReloadAssembly (195ms)
		ExecutionOrderSort (0ms)
		DisableScriptedObjects (8ms)
		BackupInstance (0ms)
		ReleaseScriptingObjects (0ms)
		CreateAndSetChildDomain (51ms)
	RebuildCommonClasses (30ms)
	RebuildNativeTypeToScriptingClass (10ms)
	initialDomainReloadingComplete (32ms)
	LoadAllAssembliesAndSetupDomain (382ms)
		LoadAssemblies (420ms)
		RebuildTransferFunctionScriptingTraits (0ms)
		AnalyzeDomain (54ms)
			TypeCache.Refresh (13ms)
				TypeCache.ScanAssembly (2ms)
			ScanForSourceGeneratedMonoScriptInfo (27ms)
			ResolveRequiredComponents (11ms)
	FinalizeReload (1624ms)
		ReleaseScriptCaches (0ms)
		RebuildScriptCaches (0ms)
		SetupLoadedEditorAssemblies (606ms)
			LogAssemblyErrors (0ms)
			InitializePlatformSupportModulesInManaged (25ms)
			SetLoadedEditorAssemblies (5ms)
			RefreshPlugins (0ms)
			BeforeProcessingInitializeOnLoad (139ms)
			ProcessInitializeOnLoadAttributes (349ms)
			ProcessInitializeOnLoadMethodAttributes (80ms)
			AfterProcessingInitializeOnLoad (8ms)
			EditorAssembliesLoaded (0ms)
		ExecutionOrderSort2 (0ms)
		AwakeInstancesAfterBackupRestoration (19ms)
Refreshing native plugins compatible for Editor in 6.45 ms, found 3 plugins.
Preloading 0 native plugins for Editor in 0.00 ms.
Unloading 6402 Unused Serialized files (Serialized files now loaded: 0)
Unloading 47 unused Assets / (1.1 MB). Loaded Objects now: 8585.
Memory consumption went from 247.2 MB to 246.1 MB.
Total: 4.832500 ms (FindLiveObjects: 0.838200 ms CreateObjectMapping: 0.390200 ms MarkObjects: 3.317600 ms  DeleteObjects: 0.285200 ms)

Prepare: number of updated asset objects reloaded= 0
AssetImportParameters requested are different than current active one (requested -> active):
  custom:container-demuxer-ogg: 62fdf1f143b41e24485cea50d1cbac27 -> 
  custom:framework-win-MediaFoundation: 216162199b28c13a410421893ffa2e32 -> 
  custom:container-muxer-webm: aa71ff27fc2769a1b78a27578f13a17b -> 
  custom:video-decoder-webm-vp8: 9c59270c3fd7afecdb556c50c9e8de78 -> 
  custom:SearchIndexIgnoredProperties: e643bd26f0fe6173181afceb89e7c659 -> 
  custom:AudioImporter_EditorPlatform: d09bf68614088b80899f8185d706f6e7 -> 
  custom:audio-decoder-ogg-vorbis: bf7c407c2cedff20999df2af8eb42d56 -> 
  custom:audio-encoder-webm-vorbis: bf7c407c2cedff20999df2af8eb42d56 -> 
  custom:video-decoder-ogg-theora: a1e56fd34408186e4bbccfd4996cb3dc -> 
  custom:CustomObjectIndexerAttribute: a3ef5dd2817f97addfee359851a9dba5 -> 
  custom:container-demuxer-webm: 4f35f7cbe854078d1ac9338744f61a02 -> 
  custom:scripting/monoscript/fileName/Enemy.cs: 13cc614454c9ae28caa24456faa3d7cf -> 
  custom:video-encoder-webm-vp8: eb34c28f22e8b96e1ab97ce403110664 -> 
========================================================================
Received Import Request.
  Time since last request: 127.548111 seconds.
  path: Assets/Prefabs/Characters/NormalEnemy.prefab
  artifactKey: Guid(fa14dec6309916849b53e60a233ecafc) Importer(815301076,1909f56bfc062723c751e8b465ee728b)
Start importing Assets/Prefabs/Characters/NormalEnemy.prefab using Guid(fa14dec6309916849b53e60a233ecafc) Importer(815301076,1909f56bfc062723c751e8b465ee728b)  -> (artifact id: 'cf1d2a5f8907220fb35a35c9984f5052') in 0.374765 seconds
Number of updated asset objects reloaded before import = 0
Number of asset objects unloaded after import = 80
========================================================================
Received Import Request.
  Time since last request: 0.642219 seconds.
  path: Assets/Prefabs/Characters/NormalEnemy.prefab
  artifactKey: Guid(fa14dec6309916849b53e60a233ecafc) Importer(815301076,1909f56bfc062723c751e8b465ee728b)
Start importing Assets/Prefabs/Characters/NormalEnemy.prefab using Guid(fa14dec6309916849b53e60a233ecafc) Importer(815301076,1909f56bfc062723c751e8b465ee728b)  -> (artifact id: 'a02b2541a465f0fa01c01412204d4265') in 0.152823 seconds
Number of updated asset objects reloaded before import = 0
Number of asset objects unloaded after import = 88
========================================================================
Received Import Request.
  Time since last request: 1.463658 seconds.
  path: Assets/Prefabs/Characters/NormalEnemy.prefab
  artifactKey: Guid(fa14dec6309916849b53e60a233ecafc) Importer(815301076,1909f56bfc062723c751e8b465ee728b)
Start importing Assets/Prefabs/Characters/NormalEnemy.prefab using Guid(fa14dec6309916849b53e60a233ecafc) Importer(815301076,1909f56bfc062723c751e8b465ee728b)  -> (artifact id: 'cf4ca9c63d53435d85eb0f34f27728dc') in 0.142141 seconds
Number of updated asset objects reloaded before import = 0
Number of asset objects unloaded after import = 88
========================================================================
Received Import Request.
  Time since last request: 0.664041 seconds.
  path: Assets/Prefabs/Characters/NormalEnemy.prefab
  artifactKey: Guid(fa14dec6309916849b53e60a233ecafc) Importer(815301076,1909f56bfc062723c751e8b465ee728b)
Start importing Assets/Prefabs/Characters/NormalEnemy.prefab using Guid(fa14dec6309916849b53e60a233ecafc) Importer(815301076,1909f56bfc062723c751e8b465ee728b)  -> (artifact id: 'd40301c8f809a611a2e4c231f7e8e315') in 0.141180 seconds
Number of updated asset objects reloaded before import = 0
Number of asset objects unloaded after import = 88
========================================================================
Received Import Request.
  Time since last request: 0.873531 seconds.
  path: Assets/Prefabs/Characters/NormalEnemy.prefab
  artifactKey: Guid(fa14dec6309916849b53e60a233ecafc) Importer(815301076,1909f56bfc062723c751e8b465ee728b)
Start importing Assets/Prefabs/Characters/NormalEnemy.prefab using Guid(fa14dec6309916849b53e60a233ecafc) Importer(815301076,1909f56bfc062723c751e8b465ee728b)  -> (artifact id: 'b4451c7535064755463bf295984de1b2') in 0.145405 seconds
Number of updated asset objects reloaded before import = 0
Number of asset objects unloaded after import = 88
========================================================================
Received Prepare
Begin MonoManager ReloadAssembly
- Loaded All Assemblies, in  0.579 seconds
Refreshing native plugins compatible for Editor in 4.83 ms, found 3 plugins.
Native extension for WindowsStandalone target not found
Native extension for Android target not found
[Package Manager] Server::EnsureServerProcessIsRunning -- launch failed, reason: Unity was launched with the -noUpm command-line argument
[Package Manager] UpmClient::Send -- Unable to send message (not connected to UPM process).
[Package Manager] Cannot connect to Unity Package Manager local server
Mono: successfully reloaded assembly
- Finished resetting the current domain, in  1.629 seconds
Domain Reload Profiling: 2204ms
	BeginReloadAssembly (171ms)
		ExecutionOrderSort (0ms)
		DisableScriptedObjects (11ms)
		BackupInstance (0ms)
		ReleaseScriptingObjects (0ms)
		CreateAndSetChildDomain (46ms)
	RebuildCommonClasses (33ms)
	RebuildNativeTypeToScriptingClass (10ms)
	initialDomainReloadingComplete (31ms)
	LoadAllAssembliesAndSetupDomain (329ms)
		LoadAssemblies (384ms)
		RebuildTransferFunctionScriptingTraits (0ms)
		AnalyzeDomain (19ms)
			TypeCache.Refresh (6ms)
				TypeCache.ScanAssembly (0ms)
			ScanForSourceGeneratedMonoScriptInfo (0ms)
			ResolveRequiredComponents (12ms)
	FinalizeReload (1630ms)
		ReleaseScriptCaches (0ms)
		RebuildScriptCaches (0ms)
		SetupLoadedEditorAssemblies (594ms)
			LogAssemblyErrors (0ms)
			InitializePlatformSupportModulesInManaged (23ms)
			SetLoadedEditorAssemblies (4ms)
			RefreshPlugins (0ms)
			BeforeProcessingInitializeOnLoad (134ms)
			ProcessInitializeOnLoadAttributes (353ms)
			ProcessInitializeOnLoadMethodAttributes (70ms)
			AfterProcessingInitializeOnLoad (8ms)
			EditorAssembliesLoaded (0ms)
		ExecutionOrderSort2 (0ms)
		AwakeInstancesAfterBackupRestoration (19ms)
Refreshing native plugins compatible for Editor in 4.92 ms, found 3 plugins.
Preloading 0 native plugins for Editor in 0.00 ms.
Unloading 6402 Unused Serialized files (Serialized files now loaded: 0)
Unloading 52 unused Assets / (1.1 MB). Loaded Objects now: 8637.
Memory consumption went from 247.4 MB to 246.3 MB.
Total: 4.206200 ms (FindLiveObjects: 0.640600 ms CreateObjectMapping: 0.221500 ms MarkObjects: 3.027500 ms  DeleteObjects: 0.315700 ms)

Prepare: number of updated asset objects reloaded= 0
AssetImportParameters requested are different than current active one (requested -> active):
  custom:container-demuxer-ogg: 62fdf1f143b41e24485cea50d1cbac27 -> 
  custom:framework-win-MediaFoundation: 216162199b28c13a410421893ffa2e32 -> 
  custom:container-muxer-webm: aa71ff27fc2769a1b78a27578f13a17b -> 
  custom:video-decoder-webm-vp8: 9c59270c3fd7afecdb556c50c9e8de78 -> 
  custom:SearchIndexIgnoredProperties: e643bd26f0fe6173181afceb89e7c659 -> 
  custom:AudioImporter_EditorPlatform: d09bf68614088b80899f8185d706f6e7 -> 
  custom:audio-decoder-ogg-vorbis: bf7c407c2cedff20999df2af8eb42d56 -> 
  custom:audio-encoder-webm-vorbis: bf7c407c2cedff20999df2af8eb42d56 -> 
  custom:video-decoder-ogg-theora: a1e56fd34408186e4bbccfd4996cb3dc -> 
  custom:CustomObjectIndexerAttribute: a3ef5dd2817f97addfee359851a9dba5 -> 
  custom:container-demuxer-webm: 4f35f7cbe854078d1ac9338744f61a02 -> 
  custom:scripting/monoscript/fileName/Enemy.cs: 13cc614454c9ae28caa24456faa3d7cf -> 
  custom:video-encoder-webm-vp8: eb34c28f22e8b96e1ab97ce403110664 -> 
========================================================================
Received Prepare
Begin MonoManager ReloadAssembly
- Loaded All Assemblies, in  0.650 seconds
Refreshing native plugins compatible for Editor in 5.24 ms, found 3 plugins.
Native extension for WindowsStandalone target not found
Native extension for Android target not found
[Package Manager] Server::EnsureServerProcessIsRunning -- launch failed, reason: Unity was launched with the -noUpm command-line argument
[Package Manager] UpmClient::Send -- Unable to send message (not connected to UPM process).
[Package Manager] Cannot connect to Unity Package Manager local server
Mono: successfully reloaded assembly
- Finished resetting the current domain, in  1.763 seconds
Domain Reload Profiling: 2409ms
	BeginReloadAssembly (181ms)
		ExecutionOrderSort (0ms)
		DisableScriptedObjects (6ms)
		BackupInstance (0ms)
		ReleaseScriptingObjects (0ms)
		CreateAndSetChildDomain (49ms)
	RebuildCommonClasses (31ms)
	RebuildNativeTypeToScriptingClass (10ms)
	initialDomainReloadingComplete (33ms)
	LoadAllAssembliesAndSetupDomain (390ms)
		LoadAssemblies (424ms)
		RebuildTransferFunctionScriptingTraits (0ms)
		AnalyzeDomain (51ms)
			TypeCache.Refresh (11ms)
				TypeCache.ScanAssembly (1ms)
			ScanForSourceGeneratedMonoScriptInfo (26ms)
			ResolveRequiredComponents (12ms)
	FinalizeReload (1764ms)
		ReleaseScriptCaches (0ms)
		RebuildScriptCaches (0ms)
		SetupLoadedEditorAssemblies (657ms)
			LogAssemblyErrors (0ms)
			InitializePlatformSupportModulesInManaged (28ms)
			SetLoadedEditorAssemblies (5ms)
			RefreshPlugins (0ms)
			BeforeProcessingInitializeOnLoad (154ms)
			ProcessInitializeOnLoadAttributes (390ms)
			ProcessInitializeOnLoadMethodAttributes (72ms)
			AfterProcessingInitializeOnLoad (8ms)
			EditorAssembliesLoaded (0ms)
		ExecutionOrderSort2 (0ms)
		AwakeInstancesAfterBackupRestoration (23ms)
Refreshing native plugins compatible for Editor in 6.51 ms, found 3 plugins.
Preloading 0 native plugins for Editor in 0.00 ms.
Unloading 6402 Unused Serialized files (Serialized files now loaded: 0)
Unloading 47 unused Assets / (1.1 MB). Loaded Objects now: 8653.
Memory consumption went from 247.3 MB to 246.2 MB.
Total: 4.812600 ms (FindLiveObjects: 0.713800 ms CreateObjectMapping: 0.243200 ms MarkObjects: 3.580900 ms  DeleteObjects: 0.273600 ms)

Prepare: number of updated asset objects reloaded= 0
AssetImportParameters requested are different than current active one (requested -> active):
  custom:container-demuxer-ogg: 62fdf1f143b41e24485cea50d1cbac27 -> 
  custom:framework-win-MediaFoundation: 216162199b28c13a410421893ffa2e32 -> 
  custom:container-muxer-webm: aa71ff27fc2769a1b78a27578f13a17b -> 
  custom:video-decoder-webm-vp8: 9c59270c3fd7afecdb556c50c9e8de78 -> 
  custom:SearchIndexIgnoredProperties: e643bd26f0fe6173181afceb89e7c659 -> 
  custom:AudioImporter_EditorPlatform: d09bf68614088b80899f8185d706f6e7 -> 
  custom:audio-decoder-ogg-vorbis: bf7c407c2cedff20999df2af8eb42d56 -> 
  custom:audio-encoder-webm-vorbis: bf7c407c2cedff20999df2af8eb42d56 -> 
  custom:video-decoder-ogg-theora: a1e56fd34408186e4bbccfd4996cb3dc -> 
  custom:CustomObjectIndexerAttribute: a3ef5dd2817f97addfee359851a9dba5 -> 
  custom:container-demuxer-webm: 4f35f7cbe854078d1ac9338744f61a02 -> 
  custom:scripting/monoscript/fileName/Enemy.cs: 13cc614454c9ae28caa24456faa3d7cf -> 
  custom:video-encoder-webm-vp8: eb34c28f22e8b96e1ab97ce403110664 -> 
========================================================================
Received Prepare
Begin MonoManager ReloadAssembly
- Loaded All Assemblies, in  0.611 seconds
Refreshing native plugins compatible for Editor in 5.63 ms, found 3 plugins.
Native extension for WindowsStandalone target not found
Native extension for Android target not found
[Package Manager] Server::EnsureServerProcessIsRunning -- launch failed, reason: Unity was launched with the -noUpm command-line argument
[Package Manager] UpmClient::Send -- Unable to send message (not connected to UPM process).
[Package Manager] Cannot connect to Unity Package Manager local server
Mono: successfully reloaded assembly
- Finished resetting the current domain, in  1.831 seconds
Domain Reload Profiling: 2437ms
	BeginReloadAssembly (160ms)
		ExecutionOrderSort (0ms)
		DisableScriptedObjects (6ms)
		BackupInstance (0ms)
		ReleaseScriptingObjects (0ms)
		CreateAndSetChildDomain (40ms)
	RebuildCommonClasses (28ms)
	RebuildNativeTypeToScriptingClass (10ms)
	initialDomainReloadingComplete (33ms)
	LoadAllAssembliesAndSetupDomain (374ms)
		LoadAssemblies (401ms)
		RebuildTransferFunctionScriptingTraits (0ms)
		AnalyzeDomain (48ms)
			TypeCache.Refresh (11ms)
				TypeCache.ScanAssembly (1ms)
			ScanForSourceGeneratedMonoScriptInfo (24ms)
			ResolveRequiredComponents (11ms)
	FinalizeReload (1831ms)
		ReleaseScriptCaches (0ms)
		RebuildScriptCaches (0ms)
		SetupLoadedEditorAssemblies (648ms)
			LogAssemblyErrors (0ms)
			InitializePlatformSupportModulesInManaged (33ms)
			SetLoadedEditorAssemblies (8ms)
			RefreshPlugins (0ms)
			BeforeProcessingInitializeOnLoad (166ms)
			ProcessInitializeOnLoadAttributes (358ms)
			ProcessInitializeOnLoadMethodAttributes (69ms)
			AfterProcessingInitializeOnLoad (13ms)
			EditorAssembliesLoaded (0ms)
		ExecutionOrderSort2 (0ms)
		AwakeInstancesAfterBackupRestoration (22ms)
Refreshing native plugins compatible for Editor in 6.77 ms, found 3 plugins.
Preloading 0 native plugins for Editor in 0.00 ms.
Unloading 6402 Unused Serialized files (Serialized files now loaded: 0)
Unloading 47 unused Assets / (1.1 MB). Loaded Objects now: 8669.
Memory consumption went from 247.4 MB to 246.2 MB.
Total: 5.595700 ms (FindLiveObjects: 0.970700 ms CreateObjectMapping: 0.284500 ms MarkObjects: 4.027600 ms  DeleteObjects: 0.311600 ms)

Prepare: number of updated asset objects reloaded= 0
AssetImportParameters requested are different than current active one (requested -> active):
  custom:container-demuxer-ogg: 62fdf1f143b41e24485cea50d1cbac27 -> 
  custom:framework-win-MediaFoundation: 216162199b28c13a410421893ffa2e32 -> 
  custom:container-muxer-webm: aa71ff27fc2769a1b78a27578f13a17b -> 
  custom:video-decoder-webm-vp8: 9c59270c3fd7afecdb556c50c9e8de78 -> 
  custom:SearchIndexIgnoredProperties: e643bd26f0fe6173181afceb89e7c659 -> 
  custom:AudioImporter_EditorPlatform: d09bf68614088b80899f8185d706f6e7 -> 
  custom:audio-decoder-ogg-vorbis: bf7c407c2cedff20999df2af8eb42d56 -> 
  custom:audio-encoder-webm-vorbis: bf7c407c2cedff20999df2af8eb42d56 -> 
  custom:video-decoder-ogg-theora: a1e56fd34408186e4bbccfd4996cb3dc -> 
  custom:CustomObjectIndexerAttribute: a3ef5dd2817f97addfee359851a9dba5 -> 
  custom:container-demuxer-webm: 4f35f7cbe854078d1ac9338744f61a02 -> 
  custom:scripting/monoscript/fileName/Enemy.cs: 13cc614454c9ae28caa24456faa3d7cf -> 
  custom:video-encoder-webm-vp8: eb34c28f22e8b96e1ab97ce403110664 -> 
========================================================================
Received Prepare
Begin MonoManager ReloadAssembly
- Loaded All Assemblies, in  0.564 seconds
Refreshing native plugins compatible for Editor in 4.96 ms, found 3 plugins.
Native extension for WindowsStandalone target not found
Native extension for Android target not found
[Package Manager] Server::EnsureServerProcessIsRunning -- launch failed, reason: Unity was launched with the -noUpm command-line argument
[Package Manager] UpmClient::Send -- Unable to send message (not connected to UPM process).
[Package Manager] Cannot connect to Unity Package Manager local server
Mono: successfully reloaded assembly
- Finished resetting the current domain, in  1.632 seconds
Domain Reload Profiling: 2192ms
	BeginReloadAssembly (165ms)
		ExecutionOrderSort (0ms)
		DisableScriptedObjects (8ms)
		BackupInstance (0ms)
		ReleaseScriptingObjects (0ms)
		CreateAndSetChildDomain (42ms)
	RebuildCommonClasses (29ms)
	RebuildNativeTypeToScriptingClass (10ms)
	initialDomainReloadingComplete (31ms)
	LoadAllAssembliesAndSetupDomain (326ms)
		LoadAssemblies (380ms)
		RebuildTransferFunctionScriptingTraits (0ms)
		AnalyzeDomain (20ms)
			TypeCache.Refresh (6ms)
				TypeCache.ScanAssembly (0ms)
			ScanForSourceGeneratedMonoScriptInfo (0ms)
			ResolveRequiredComponents (12ms)
	FinalizeReload (1632ms)
		ReleaseScriptCaches (0ms)
		RebuildScriptCaches (0ms)
		SetupLoadedEditorAssemblies (594ms)
			LogAssemblyErrors (0ms)
			InitializePlatformSupportModulesInManaged (24ms)
			SetLoadedEditorAssemblies (4ms)
			RefreshPlugins (0ms)
			BeforeProcessingInitializeOnLoad (139ms)
			ProcessInitializeOnLoadAttributes (346ms)
			ProcessInitializeOnLoadMethodAttributes (72ms)
			AfterProcessingInitializeOnLoad (8ms)
			EditorAssembliesLoaded (0ms)
		ExecutionOrderSort2 (0ms)
		AwakeInstancesAfterBackupRestoration (19ms)
Refreshing native plugins compatible for Editor in 5.07 ms, found 3 plugins.
Preloading 0 native plugins for Editor in 0.00 ms.
Unloading 6402 Unused Serialized files (Serialized files now loaded: 0)
Unloading 47 unused Assets / (1.1 MB). Loaded Objects now: 8685.
Memory consumption went from 247.4 MB to 246.2 MB.
Total: 4.036600 ms (FindLiveObjects: 0.632100 ms CreateObjectMapping: 0.205100 ms MarkObjects: 2.952500 ms  DeleteObjects: 0.245700 ms)

Prepare: number of updated asset objects reloaded= 0
AssetImportParameters requested are different than current active one (requested -> active):
  custom:container-demuxer-ogg: 62fdf1f143b41e24485cea50d1cbac27 -> 
  custom:framework-win-MediaFoundation: 216162199b28c13a410421893ffa2e32 -> 
  custom:container-muxer-webm: aa71ff27fc2769a1b78a27578f13a17b -> 
  custom:video-decoder-webm-vp8: 9c59270c3fd7afecdb556c50c9e8de78 -> 
  custom:SearchIndexIgnoredProperties: e643bd26f0fe6173181afceb89e7c659 -> 
  custom:AudioImporter_EditorPlatform: d09bf68614088b80899f8185d706f6e7 -> 
  custom:audio-decoder-ogg-vorbis: bf7c407c2cedff20999df2af8eb42d56 -> 
  custom:audio-encoder-webm-vorbis: bf7c407c2cedff20999df2af8eb42d56 -> 
  custom:video-decoder-ogg-theora: a1e56fd34408186e4bbccfd4996cb3dc -> 
  custom:CustomObjectIndexerAttribute: a3ef5dd2817f97addfee359851a9dba5 -> 
  custom:container-demuxer-webm: 4f35f7cbe854078d1ac9338744f61a02 -> 
  custom:scripting/monoscript/fileName/Enemy.cs: 13cc614454c9ae28caa24456faa3d7cf -> 
  custom:video-encoder-webm-vp8: eb34c28f22e8b96e1ab97ce403110664 -> 
========================================================================
Received Import Request.
  Time since last request: 201.208499 seconds.
  path: Assets/Prefabs/Characters/NormalEnemy.prefab
  artifactKey: Guid(fa14dec6309916849b53e60a233ecafc) Importer(815301076,1909f56bfc062723c751e8b465ee728b)
Start importing Assets/Prefabs/Characters/NormalEnemy.prefab using Guid(fa14dec6309916849b53e60a233ecafc) Importer(815301076,1909f56bfc062723c751e8b465ee728b)  -> (artifact id: '130c104344019351c8e1fb4862c9a65c') in 0.387959 seconds
Number of updated asset objects reloaded before import = 0
Number of asset objects unloaded after import = 80
========================================================================
Received Import Request.
  Time since last request: 1.039106 seconds.
  path: Assets/Prefabs/Characters/NormalEnemy.prefab
  artifactKey: Guid(fa14dec6309916849b53e60a233ecafc) Importer(815301076,1909f56bfc062723c751e8b465ee728b)
Start importing Assets/Prefabs/Characters/NormalEnemy.prefab using Guid(fa14dec6309916849b53e60a233ecafc) Importer(815301076,1909f56bfc062723c751e8b465ee728b)  -> (artifact id: 'b22c8b9f7f5c0e4a7b390b5616777e51') in 0.147385 seconds
Number of updated asset objects reloaded before import = 0
Number of asset objects unloaded after import = 88
========================================================================
Received Prepare
Begin MonoManager ReloadAssembly
- Loaded All Assemblies, in  0.701 seconds
Refreshing native plugins compatible for Editor in 5.59 ms, found 3 plugins.
Native extension for WindowsStandalone target not found
Native extension for Android target not found
[Package Manager] Server::EnsureServerProcessIsRunning -- launch failed, reason: Unity was launched with the -noUpm command-line argument
[Package Manager] UpmClient::Send -- Unable to send message (not connected to UPM process).
[Package Manager] Cannot connect to Unity Package Manager local server
Mono: successfully reloaded assembly
- Finished resetting the current domain, in  2.006 seconds
Domain Reload Profiling: 2701ms
	BeginReloadAssembly (196ms)
		ExecutionOrderSort (0ms)
		DisableScriptedObjects (15ms)
		BackupInstance (0ms)
		ReleaseScriptingObjects (0ms)
		CreateAndSetChildDomain (50ms)
	RebuildCommonClasses (33ms)
	RebuildNativeTypeToScriptingClass (9ms)
	initialDomainReloadingComplete (37ms)
	LoadAllAssembliesAndSetupDomain (420ms)
		LoadAssemblies (451ms)
		RebuildTransferFunctionScriptingTraits (0ms)
		AnalyzeDomain (51ms)
			TypeCache.Refresh (11ms)
				TypeCache.ScanAssembly (2ms)
			ScanForSourceGeneratedMonoScriptInfo (26ms)
			ResolveRequiredComponents (12ms)
	FinalizeReload (2006ms)
		ReleaseScriptCaches (0ms)
		RebuildScriptCaches (0ms)
		SetupLoadedEditorAssemblies (750ms)
			LogAssemblyErrors (0ms)
			InitializePlatformSupportModulesInManaged (37ms)
			SetLoadedEditorAssemblies (8ms)
			RefreshPlugins (0ms)
			BeforeProcessingInitializeOnLoad (196ms)
			ProcessInitializeOnLoadAttributes (430ms)
			ProcessInitializeOnLoadMethodAttributes (72ms)
			AfterProcessingInitializeOnLoad (8ms)
			EditorAssembliesLoaded (0ms)
		ExecutionOrderSort2 (0ms)
		AwakeInstancesAfterBackupRestoration (20ms)
Refreshing native plugins compatible for Editor in 7.30 ms, found 3 plugins.
Preloading 0 native plugins for Editor in 0.00 ms.
Unloading 6402 Unused Serialized files (Serialized files now loaded: 0)
Unloading 52 unused Assets / (1.1 MB). Loaded Objects now: 8737.
Memory consumption went from 247.5 MB to 246.4 MB.
Total: 13.675800 ms (FindLiveObjects: 0.763600 ms CreateObjectMapping: 0.386900 ms MarkObjects: 12.117000 ms  DeleteObjects: 0.406700 ms)

Prepare: number of updated asset objects reloaded= 0
AssetImportParameters requested are different than current active one (requested -> active):
  custom:container-demuxer-ogg: 62fdf1f143b41e24485cea50d1cbac27 -> 
  custom:framework-win-MediaFoundation: 216162199b28c13a410421893ffa2e32 -> 
  custom:container-muxer-webm: aa71ff27fc2769a1b78a27578f13a17b -> 
  custom:video-decoder-webm-vp8: 9c59270c3fd7afecdb556c50c9e8de78 -> 
  custom:SearchIndexIgnoredProperties: e643bd26f0fe6173181afceb89e7c659 -> 
  custom:AudioImporter_EditorPlatform: d09bf68614088b80899f8185d706f6e7 -> 
  custom:audio-decoder-ogg-vorbis: bf7c407c2cedff20999df2af8eb42d56 -> 
  custom:audio-encoder-webm-vorbis: bf7c407c2cedff20999df2af8eb42d56 -> 
  custom:video-decoder-ogg-theora: a1e56fd34408186e4bbccfd4996cb3dc -> 
  custom:CustomObjectIndexerAttribute: a3ef5dd2817f97addfee359851a9dba5 -> 
  custom:container-demuxer-webm: 4f35f7cbe854078d1ac9338744f61a02 -> 
  custom:scripting/monoscript/fileName/Enemy.cs: 13cc614454c9ae28caa24456faa3d7cf -> 
  custom:video-encoder-webm-vp8: eb34c28f22e8b96e1ab97ce403110664 -> 
========================================================================
Received Prepare
Begin MonoManager ReloadAssembly
- Loaded All Assemblies, in  0.602 seconds
Refreshing native plugins compatible for Editor in 5.34 ms, found 3 plugins.
Native extension for WindowsStandalone target not found
Native extension for Android target not found
[Package Manager] Server::EnsureServerProcessIsRunning -- launch failed, reason: Unity was launched with the -noUpm command-line argument
[Package Manager] UpmClient::Send -- Unable to send message (not connected to UPM process).
[Package Manager] Cannot connect to Unity Package Manager local server
Mono: successfully reloaded assembly
- Finished resetting the current domain, in  1.629 seconds
Domain Reload Profiling: 2226ms
	BeginReloadAssembly (162ms)
		ExecutionOrderSort (0ms)
		DisableScriptedObjects (6ms)
		BackupInstance (0ms)
		ReleaseScriptingObjects (0ms)
		CreateAndSetChildDomain (44ms)
	RebuildCommonClasses (27ms)
	RebuildNativeTypeToScriptingClass (9ms)
	initialDomainReloadingComplete (30ms)
	LoadAllAssembliesAndSetupDomain (369ms)
		LoadAssemblies (395ms)
		RebuildTransferFunctionScriptingTraits (0ms)
		AnalyzeDomain (48ms)
			TypeCache.Refresh (10ms)
				TypeCache.ScanAssembly (1ms)
			ScanForSourceGeneratedMonoScriptInfo (25ms)
			ResolveRequiredComponents (12ms)
	FinalizeReload (1629ms)
		ReleaseScriptCaches (0ms)
		RebuildScriptCaches (0ms)
		SetupLoadedEditorAssemblies (597ms)
			LogAssemblyErrors (0ms)
			InitializePlatformSupportModulesInManaged (24ms)
			SetLoadedEditorAssemblies (4ms)
			RefreshPlugins (0ms)
			BeforeProcessingInitializeOnLoad (142ms)
			ProcessInitializeOnLoadAttributes (352ms)
			ProcessInitializeOnLoadMethodAttributes (67ms)
			AfterProcessingInitializeOnLoad (8ms)
			EditorAssembliesLoaded (0ms)
		ExecutionOrderSort2 (0ms)
		AwakeInstancesAfterBackupRestoration (20ms)
Refreshing native plugins compatible for Editor in 5.00 ms, found 3 plugins.
Preloading 0 native plugins for Editor in 0.00 ms.
Unloading 6402 Unused Serialized files (Serialized files now loaded: 0)
Unloading 47 unused Assets / (1.1 MB). Loaded Objects now: 8753.
Memory consumption went from 247.5 MB to 246.3 MB.
Total: 4.917700 ms (FindLiveObjects: 0.710800 ms CreateObjectMapping: 0.263700 ms MarkObjects: 3.661600 ms  DeleteObjects: 0.280400 ms)

Prepare: number of updated asset objects reloaded= 0
AssetImportParameters requested are different than current active one (requested -> active):
  custom:container-demuxer-ogg: 62fdf1f143b41e24485cea50d1cbac27 -> 
  custom:framework-win-MediaFoundation: 216162199b28c13a410421893ffa2e32 -> 
  custom:container-muxer-webm: aa71ff27fc2769a1b78a27578f13a17b -> 
  custom:video-decoder-webm-vp8: 9c59270c3fd7afecdb556c50c9e8de78 -> 
  custom:SearchIndexIgnoredProperties: e643bd26f0fe6173181afceb89e7c659 -> 
  custom:AudioImporter_EditorPlatform: d09bf68614088b80899f8185d706f6e7 -> 
  custom:audio-decoder-ogg-vorbis: bf7c407c2cedff20999df2af8eb42d56 -> 
  custom:audio-encoder-webm-vorbis: bf7c407c2cedff20999df2af8eb42d56 -> 
  custom:video-decoder-ogg-theora: a1e56fd34408186e4bbccfd4996cb3dc -> 
  custom:CustomObjectIndexerAttribute: a3ef5dd2817f97addfee359851a9dba5 -> 
  custom:container-demuxer-webm: 4f35f7cbe854078d1ac9338744f61a02 -> 
  custom:scripting/monoscript/fileName/Enemy.cs: 13cc614454c9ae28caa24456faa3d7cf -> 
  custom:video-encoder-webm-vp8: eb34c28f22e8b96e1ab97ce403110664 -> 
========================================================================
Received Import Request.
  Time since last request: 47.659929 seconds.
  path: Assets/Prefabs/Characters/NormalEnemy.prefab
  artifactKey: Guid(fa14dec6309916849b53e60a233ecafc) Importer(815301076,1909f56bfc062723c751e8b465ee728b)
Start importing Assets/Prefabs/Characters/NormalEnemy.prefab using Guid(fa14dec6309916849b53e60a233ecafc) Importer(815301076,1909f56bfc062723c751e8b465ee728b)  -> (artifact id: 'c17b8cdece1866f86d317f599c0afd3b') in 0.395257 seconds
Number of updated asset objects reloaded before import = 0
Number of asset objects unloaded after import = 80
========================================================================
Received Import Request.
  Time since last request: 1.714680 seconds.
  path: Assets/Prefabs/Characters/NormalEnemy.prefab
  artifactKey: Guid(fa14dec6309916849b53e60a233ecafc) Importer(815301076,1909f56bfc062723c751e8b465ee728b)
Start importing Assets/Prefabs/Characters/NormalEnemy.prefab using Guid(fa14dec6309916849b53e60a233ecafc) Importer(815301076,1909f56bfc062723c751e8b465ee728b)  -> (artifact id: 'a2416085a3c453acf39cbd312d4c8c9d') in 0.141568 seconds
Number of updated asset objects reloaded before import = 0
Number of asset objects unloaded after import = 88
========================================================================
Received Import Request.
  Time since last request: 5.112112 seconds.
  path: Assets/Prefabs/Characters/NormalEnemy.prefab
  artifactKey: Guid(fa14dec6309916849b53e60a233ecafc) Importer(815301076,1909f56bfc062723c751e8b465ee728b)
Start importing Assets/Prefabs/Characters/NormalEnemy.prefab using Guid(fa14dec6309916849b53e60a233ecafc) Importer(815301076,1909f56bfc062723c751e8b465ee728b)  -> (artifact id: 'ccce551e2e7f02c34aa5c5b1e1eb3da6') in 0.144246 seconds
Number of updated asset objects reloaded before import = 0
Number of asset objects unloaded after import = 88
========================================================================
Received Import Request.
  Time since last request: 1.259357 seconds.
  path: Assets/Prefabs/Characters/NormalEnemy.prefab
  artifactKey: Guid(fa14dec6309916849b53e60a233ecafc) Importer(815301076,1909f56bfc062723c751e8b465ee728b)
Start importing Assets/Prefabs/Characters/NormalEnemy.prefab using Guid(fa14dec6309916849b53e60a233ecafc) Importer(815301076,1909f56bfc062723c751e8b465ee728b)  -> (artifact id: 'a0e51f2cab6beb051c9a22122b31db5f') in 0.142884 seconds
Number of updated asset objects reloaded before import = 0
Number of asset objects unloaded after import = 88
========================================================================
Received Import Request.
  Time since last request: 2.278313 seconds.
  path: Assets/Prefabs/Characters/NormalEnemy.prefab
  artifactKey: Guid(fa14dec6309916849b53e60a233ecafc) Importer(815301076,1909f56bfc062723c751e8b465ee728b)
Start importing Assets/Prefabs/Characters/NormalEnemy.prefab using Guid(fa14dec6309916849b53e60a233ecafc) Importer(815301076,1909f56bfc062723c751e8b465ee728b)  -> (artifact id: '7b5cf552b2bf1de976b6f70502e8b803') in 0.146372 seconds
Number of updated asset objects reloaded before import = 0
Number of asset objects unloaded after import = 88
========================================================================
Received Import Request.
  Time since last request: 2.467896 seconds.
  path: Assets/Prefabs/Characters/NormalEnemy.prefab
  artifactKey: Guid(fa14dec6309916849b53e60a233ecafc) Importer(815301076,1909f56bfc062723c751e8b465ee728b)
Start importing Assets/Prefabs/Characters/NormalEnemy.prefab using Guid(fa14dec6309916849b53e60a233ecafc) Importer(815301076,1909f56bfc062723c751e8b465ee728b)  -> (artifact id: '524706bcd61deb26d3fe4fe427cf4f43') in 0.141447 seconds
Number of updated asset objects reloaded before import = 0
Number of asset objects unloaded after import = 88
========================================================================
Received Import Request.
  Time since last request: 1.266727 seconds.
  path: Assets/Prefabs/Characters/NormalEnemy.prefab
  artifactKey: Guid(fa14dec6309916849b53e60a233ecafc) Importer(815301076,1909f56bfc062723c751e8b465ee728b)
Start importing Assets/Prefabs/Characters/NormalEnemy.prefab using Guid(fa14dec6309916849b53e60a233ecafc) Importer(815301076,1909f56bfc062723c751e8b465ee728b)  -> (artifact id: '208c234524e41c74e5a53d028b37851b') in 0.141383 seconds
Number of updated asset objects reloaded before import = 0
Number of asset objects unloaded after import = 88
========================================================================
Received Prepare
Begin MonoManager ReloadAssembly
- Loaded All Assemblies, in  0.572 seconds
Refreshing native plugins compatible for Editor in 5.33 ms, found 3 plugins.
Native extension for WindowsStandalone target not found
Native extension for Android target not found
[Package Manager] Server::EnsureServerProcessIsRunning -- launch failed, reason: Unity was launched with the -noUpm command-line argument
[Package Manager] UpmClient::Send -- Unable to send message (not connected to UPM process).
[Package Manager] Cannot connect to Unity Package Manager local server
Mono: successfully reloaded assembly
- Finished resetting the current domain, in  1.632 seconds
Domain Reload Profiling: 2199ms
	BeginReloadAssembly (173ms)
		ExecutionOrderSort (0ms)
		DisableScriptedObjects (12ms)
		BackupInstance (0ms)
		ReleaseScriptingObjects (0ms)
		CreateAndSetChildDomain (47ms)
	RebuildCommonClasses (28ms)
	RebuildNativeTypeToScriptingClass (10ms)
	initialDomainReloadingComplete (32ms)
	LoadAllAssembliesAndSetupDomain (324ms)
		LoadAssemblies (380ms)
		RebuildTransferFunctionScriptingTraits (0ms)
		AnalyzeDomain (20ms)
			TypeCache.Refresh (6ms)
				TypeCache.ScanAssembly (0ms)
			ScanForSourceGeneratedMonoScriptInfo (0ms)
			ResolveRequiredComponents (12ms)
	FinalizeReload (1632ms)
		ReleaseScriptCaches (0ms)
		RebuildScriptCaches (0ms)
		SetupLoadedEditorAssemblies (594ms)
			LogAssemblyErrors (0ms)
			InitializePlatformSupportModulesInManaged (24ms)
			SetLoadedEditorAssemblies (4ms)
			RefreshPlugins (0ms)
			BeforeProcessingInitializeOnLoad (139ms)
			ProcessInitializeOnLoadAttributes (348ms)
			ProcessInitializeOnLoadMethodAttributes (70ms)
			AfterProcessingInitializeOnLoad (8ms)
			EditorAssembliesLoaded (0ms)
		ExecutionOrderSort2 (0ms)
		AwakeInstancesAfterBackupRestoration (20ms)
Refreshing native plugins compatible for Editor in 4.94 ms, found 3 plugins.
Preloading 0 native plugins for Editor in 0.00 ms.
Unloading 6402 Unused Serialized files (Serialized files now loaded: 0)
Unloading 52 unused Assets / (1.1 MB). Loaded Objects now: 8805.
Memory consumption went from 247.8 MB to 246.6 MB.
Total: 4.291700 ms (FindLiveObjects: 0.679800 ms CreateObjectMapping: 0.202800 ms MarkObjects: 3.069000 ms  DeleteObjects: 0.339100 ms)

Prepare: number of updated asset objects reloaded= 0
AssetImportParameters requested are different than current active one (requested -> active):
  custom:container-demuxer-ogg: 62fdf1f143b41e24485cea50d1cbac27 -> 
  custom:framework-win-MediaFoundation: 216162199b28c13a410421893ffa2e32 -> 
  custom:container-muxer-webm: aa71ff27fc2769a1b78a27578f13a17b -> 
  custom:video-decoder-webm-vp8: 9c59270c3fd7afecdb556c50c9e8de78 -> 
  custom:SearchIndexIgnoredProperties: e643bd26f0fe6173181afceb89e7c659 -> 
  custom:AudioImporter_EditorPlatform: d09bf68614088b80899f8185d706f6e7 -> 
  custom:audio-decoder-ogg-vorbis: bf7c407c2cedff20999df2af8eb42d56 -> 
  custom:audio-encoder-webm-vorbis: bf7c407c2cedff20999df2af8eb42d56 -> 
  custom:video-decoder-ogg-theora: a1e56fd34408186e4bbccfd4996cb3dc -> 
  custom:CustomObjectIndexerAttribute: a3ef5dd2817f97addfee359851a9dba5 -> 
  custom:container-demuxer-webm: 4f35f7cbe854078d1ac9338744f61a02 -> 
  custom:scripting/monoscript/fileName/Enemy.cs: 13cc614454c9ae28caa24456faa3d7cf -> 
  custom:video-encoder-webm-vp8: eb34c28f22e8b96e1ab97ce403110664 -> 
========================================================================
Received Prepare
Begin MonoManager ReloadAssembly
- Loaded All Assemblies, in  0.627 seconds
Refreshing native plugins compatible for Editor in 5.38 ms, found 3 plugins.
Native extension for WindowsStandalone target not found
Native extension for Android target not found
[Package Manager] Server::EnsureServerProcessIsRunning -- launch failed, reason: Unity was launched with the -noUpm command-line argument
[Package Manager] UpmClient::Send -- Unable to send message (not connected to UPM process).
[Package Manager] Cannot connect to Unity Package Manager local server
Mono: successfully reloaded assembly
- Finished resetting the current domain, in  1.635 seconds
Domain Reload Profiling: 2257ms
	BeginReloadAssembly (178ms)
		ExecutionOrderSort (0ms)
		DisableScriptedObjects (6ms)
		BackupInstance (0ms)
		ReleaseScriptingObjects (0ms)
		CreateAndSetChildDomain (47ms)
	RebuildCommonClasses (30ms)
	RebuildNativeTypeToScriptingClass (9ms)
	initialDomainReloadingComplete (31ms)
	LoadAllAssembliesAndSetupDomain (374ms)
		LoadAssemblies (407ms)
		RebuildTransferFunctionScriptingTraits (0ms)
		AnalyzeDomain (53ms)
			TypeCache.Refresh (13ms)
				TypeCache.ScanAssembly (2ms)
			ScanForSourceGeneratedMonoScriptInfo (27ms)
			ResolveRequiredComponents (11ms)
	FinalizeReload (1635ms)
		ReleaseScriptCaches (0ms)
		RebuildScriptCaches (0ms)
		SetupLoadedEditorAssemblies (603ms)
			LogAssemblyErrors (0ms)
			InitializePlatformSupportModulesInManaged (23ms)
			SetLoadedEditorAssemblies (5ms)
			RefreshPlugins (0ms)
			BeforeProcessingInitializeOnLoad (143ms)
			ProcessInitializeOnLoadAttributes (355ms)
			ProcessInitializeOnLoadMethodAttributes (68ms)
			AfterProcessingInitializeOnLoad (9ms)
			EditorAssembliesLoaded (0ms)
		ExecutionOrderSort2 (0ms)
		AwakeInstancesAfterBackupRestoration (21ms)
Refreshing native plugins compatible for Editor in 6.30 ms, found 3 plugins.
Preloading 0 native plugins for Editor in 0.00 ms.
Unloading 6402 Unused Serialized files (Serialized files now loaded: 0)
Unloading 47 unused Assets / (1.1 MB). Loaded Objects now: 8821.
Memory consumption went from 247.7 MB to 246.5 MB.
Total: 5.623900 ms (FindLiveObjects: 0.822100 ms CreateObjectMapping: 0.328900 ms MarkObjects: 4.074300 ms  DeleteObjects: 0.397000 ms)

Prepare: number of updated asset objects reloaded= 0
AssetImportParameters requested are different than current active one (requested -> active):
  custom:container-demuxer-ogg: 62fdf1f143b41e24485cea50d1cbac27 -> 
  custom:framework-win-MediaFoundation: 216162199b28c13a410421893ffa2e32 -> 
  custom:container-muxer-webm: aa71ff27fc2769a1b78a27578f13a17b -> 
  custom:video-decoder-webm-vp8: 9c59270c3fd7afecdb556c50c9e8de78 -> 
  custom:SearchIndexIgnoredProperties: e643bd26f0fe6173181afceb89e7c659 -> 
  custom:AudioImporter_EditorPlatform: d09bf68614088b80899f8185d706f6e7 -> 
  custom:audio-decoder-ogg-vorbis: bf7c407c2cedff20999df2af8eb42d56 -> 
  custom:audio-encoder-webm-vorbis: bf7c407c2cedff20999df2af8eb42d56 -> 
  custom:video-decoder-ogg-theora: a1e56fd34408186e4bbccfd4996cb3dc -> 
  custom:CustomObjectIndexerAttribute: a3ef5dd2817f97addfee359851a9dba5 -> 
  custom:container-demuxer-webm: 4f35f7cbe854078d1ac9338744f61a02 -> 
  custom:scripting/monoscript/fileName/Enemy.cs: 13cc614454c9ae28caa24456faa3d7cf -> 
  custom:video-encoder-webm-vp8: eb34c28f22e8b96e1ab97ce403110664 -> 
========================================================================
Received Prepare
Begin MonoManager ReloadAssembly
- Loaded All Assemblies, in  0.638 seconds
Refreshing native plugins compatible for Editor in 6.28 ms, found 3 plugins.
Native extension for WindowsStandalone target not found
Native extension for Android target not found
[Package Manager] Server::EnsureServerProcessIsRunning -- launch failed, reason: Unity was launched with the -noUpm command-line argument
[Package Manager] UpmClient::Send -- Unable to send message (not connected to UPM process).
[Package Manager] Cannot connect to Unity Package Manager local server
Mono: successfully reloaded assembly
- Finished resetting the current domain, in  1.701 seconds
Domain Reload Profiling: 2335ms
	BeginReloadAssembly (171ms)
		ExecutionOrderSort (0ms)
		DisableScriptedObjects (7ms)
		BackupInstance (0ms)
		ReleaseScriptingObjects (0ms)
		CreateAndSetChildDomain (45ms)
	RebuildCommonClasses (31ms)
	RebuildNativeTypeToScriptingClass (11ms)
	initialDomainReloadingComplete (34ms)
	LoadAllAssembliesAndSetupDomain (387ms)
		LoadAssemblies (408ms)
		RebuildTransferFunctionScriptingTraits (0ms)
		AnalyzeDomain (59ms)
			TypeCache.Refresh (14ms)
				TypeCache.ScanAssembly (2ms)
			ScanForSourceGeneratedMonoScriptInfo (30ms)
			ResolveRequiredComponents (12ms)
	FinalizeReload (1702ms)
		ReleaseScriptCaches (0ms)
		RebuildScriptCaches (0ms)
		SetupLoadedEditorAssemblies (606ms)
			LogAssemblyErrors (0ms)
			InitializePlatformSupportModulesInManaged (25ms)
			SetLoadedEditorAssemblies (5ms)
			RefreshPlugins (0ms)
			BeforeProcessingInitializeOnLoad (140ms)
			ProcessInitializeOnLoadAttributes (358ms)
			ProcessInitializeOnLoadMethodAttributes (69ms)
			AfterProcessingInitializeOnLoad (9ms)
			EditorAssembliesLoaded (0ms)
		ExecutionOrderSort2 (0ms)
		AwakeInstancesAfterBackupRestoration (24ms)
Refreshing native plugins compatible for Editor in 5.19 ms, found 3 plugins.
Preloading 0 native plugins for Editor in 0.00 ms.
Unloading 6402 Unused Serialized files (Serialized files now loaded: 0)
Unloading 47 unused Assets / (1.1 MB). Loaded Objects now: 8837.
Memory consumption went from 247.7 MB to 246.5 MB.
Total: 4.224600 ms (FindLiveObjects: 0.696600 ms CreateObjectMapping: 0.235300 ms MarkObjects: 3.041400 ms  DeleteObjects: 0.250200 ms)

Prepare: number of updated asset objects reloaded= 0
AssetImportParameters requested are different than current active one (requested -> active):
  custom:container-demuxer-ogg: 62fdf1f143b41e24485cea50d1cbac27 -> 
  custom:framework-win-MediaFoundation: 216162199b28c13a410421893ffa2e32 -> 
  custom:container-muxer-webm: aa71ff27fc2769a1b78a27578f13a17b -> 
  custom:video-decoder-webm-vp8: 9c59270c3fd7afecdb556c50c9e8de78 -> 
  custom:SearchIndexIgnoredProperties: e643bd26f0fe6173181afceb89e7c659 -> 
  custom:AudioImporter_EditorPlatform: d09bf68614088b80899f8185d706f6e7 -> 
  custom:audio-decoder-ogg-vorbis: bf7c407c2cedff20999df2af8eb42d56 -> 
  custom:audio-encoder-webm-vorbis: bf7c407c2cedff20999df2af8eb42d56 -> 
  custom:video-decoder-ogg-theora: a1e56fd34408186e4bbccfd4996cb3dc -> 
  custom:CustomObjectIndexerAttribute: a3ef5dd2817f97addfee359851a9dba5 -> 
  custom:container-demuxer-webm: 4f35f7cbe854078d1ac9338744f61a02 -> 
  custom:scripting/monoscript/fileName/Enemy.cs: 13cc614454c9ae28caa24456faa3d7cf -> 
  custom:video-encoder-webm-vp8: eb34c28f22e8b96e1ab97ce403110664 -> 
========================================================================
Received Prepare
Begin MonoManager ReloadAssembly
- Loaded All Assemblies, in  0.573 seconds
Refreshing native plugins compatible for Editor in 6.24 ms, found 3 plugins.
Native extension for WindowsStandalone target not found
Native extension for Android target not found
[Package Manager] Server::EnsureServerProcessIsRunning -- launch failed, reason: Unity was launched with the -noUpm command-line argument
[Package Manager] UpmClient::Send -- Unable to send message (not connected to UPM process).
[Package Manager] Cannot connect to Unity Package Manager local server
Mono: successfully reloaded assembly
- Finished resetting the current domain, in  1.611 seconds
Domain Reload Profiling: 2180ms
	BeginReloadAssembly (170ms)
		ExecutionOrderSort (0ms)
		DisableScriptedObjects (8ms)
		BackupInstance (0ms)
		ReleaseScriptingObjects (0ms)
		CreateAndSetChildDomain (42ms)
	RebuildCommonClasses (28ms)
	RebuildNativeTypeToScriptingClass (15ms)
	initialDomainReloadingComplete (30ms)
	LoadAllAssembliesAndSetupDomain (327ms)
		LoadAssemblies (386ms)
		RebuildTransferFunctionScriptingTraits (0ms)
		AnalyzeDomain (21ms)
			TypeCache.Refresh (7ms)
				TypeCache.ScanAssembly (0ms)
			ScanForSourceGeneratedMonoScriptInfo (0ms)
			ResolveRequiredComponents (12ms)
	FinalizeReload (1611ms)
		ReleaseScriptCaches (0ms)
		RebuildScriptCaches (0ms)
		SetupLoadedEditorAssemblies (588ms)
			LogAssemblyErrors (0ms)
			InitializePlatformSupportModulesInManaged (25ms)
			SetLoadedEditorAssemblies (4ms)
			RefreshPlugins (0ms)
			BeforeProcessingInitializeOnLoad (134ms)
			ProcessInitializeOnLoadAttributes (345ms)
			ProcessInitializeOnLoadMethodAttributes (72ms)
			AfterProcessingInitializeOnLoad (9ms)
			EditorAssembliesLoaded (0ms)
		ExecutionOrderSort2 (0ms)
		AwakeInstancesAfterBackupRestoration (20ms)
Refreshing native plugins compatible for Editor in 4.94 ms, found 3 plugins.
Preloading 0 native plugins for Editor in 0.00 ms.
Unloading 6402 Unused Serialized files (Serialized files now loaded: 0)
Unloading 47 unused Assets / (1.1 MB). Loaded Objects now: 8853.
Memory consumption went from 247.7 MB to 246.5 MB.
Total: 4.415500 ms (FindLiveObjects: 0.750300 ms CreateObjectMapping: 0.221500 ms MarkObjects: 3.199000 ms  DeleteObjects: 0.243700 ms)

Prepare: number of updated asset objects reloaded= 0
AssetImportParameters requested are different than current active one (requested -> active):
  custom:container-demuxer-ogg: 62fdf1f143b41e24485cea50d1cbac27 -> 
  custom:framework-win-MediaFoundation: 216162199b28c13a410421893ffa2e32 -> 
  custom:container-muxer-webm: aa71ff27fc2769a1b78a27578f13a17b -> 
  custom:video-decoder-webm-vp8: 9c59270c3fd7afecdb556c50c9e8de78 -> 
  custom:SearchIndexIgnoredProperties: e643bd26f0fe6173181afceb89e7c659 -> 
  custom:AudioImporter_EditorPlatform: d09bf68614088b80899f8185d706f6e7 -> 
  custom:audio-decoder-ogg-vorbis: bf7c407c2cedff20999df2af8eb42d56 -> 
  custom:audio-encoder-webm-vorbis: bf7c407c2cedff20999df2af8eb42d56 -> 
  custom:video-decoder-ogg-theora: a1e56fd34408186e4bbccfd4996cb3dc -> 
  custom:CustomObjectIndexerAttribute: a3ef5dd2817f97addfee359851a9dba5 -> 
  custom:container-demuxer-webm: 4f35f7cbe854078d1ac9338744f61a02 -> 
  custom:scripting/monoscript/fileName/Enemy.cs: 13cc614454c9ae28caa24456faa3d7cf -> 
  custom:video-encoder-webm-vp8: eb34c28f22e8b96e1ab97ce403110664 -> 
========================================================================
Received Prepare
Begin MonoManager ReloadAssembly
- Loaded All Assemblies, in  0.634 seconds
Refreshing native plugins compatible for Editor in 5.01 ms, found 3 plugins.
Native extension for WindowsStandalone target not found
Native extension for Android target not found
[Package Manager] Server::EnsureServerProcessIsRunning -- launch failed, reason: Unity was launched with the -noUpm command-line argument
[Package Manager] UpmClient::Send -- Unable to send message (not connected to UPM process).
[Package Manager] Cannot connect to Unity Package Manager local server
Mono: successfully reloaded assembly
- Finished resetting the current domain, in  1.688 seconds
Domain Reload Profiling: 2318ms
	BeginReloadAssembly (169ms)
		ExecutionOrderSort (0ms)
		DisableScriptedObjects (6ms)
		BackupInstance (0ms)
		ReleaseScriptingObjects (0ms)
		CreateAndSetChildDomain (43ms)
	RebuildCommonClasses (28ms)
	RebuildNativeTypeToScriptingClass (10ms)
	initialDomainReloadingComplete (33ms)
	LoadAllAssembliesAndSetupDomain (389ms)
		LoadAssemblies (401ms)
		RebuildTransferFunctionScriptingTraits (0ms)
		AnalyzeDomain (62ms)
			TypeCache.Refresh (12ms)
				TypeCache.ScanAssembly (2ms)
			ScanForSourceGeneratedMonoScriptInfo (36ms)
			ResolveRequiredComponents (11ms)
	FinalizeReload (1689ms)
		ReleaseScriptCaches (0ms)
		RebuildScriptCaches (0ms)
		SetupLoadedEditorAssemblies (618ms)
			LogAssemblyErrors (0ms)
			InitializePlatformSupportModulesInManaged (29ms)
			SetLoadedEditorAssemblies (8ms)
			RefreshPlugins (0ms)
			BeforeProcessingInitializeOnLoad (149ms)
			ProcessInitializeOnLoadAttributes (351ms)
			ProcessInitializeOnLoadMethodAttributes (72ms)
			AfterProcessingInitializeOnLoad (8ms)
			EditorAssembliesLoaded (0ms)
		ExecutionOrderSort2 (0ms)
		AwakeInstancesAfterBackupRestoration (19ms)
Refreshing native plugins compatible for Editor in 4.80 ms, found 3 plugins.
Preloading 0 native plugins for Editor in 0.00 ms.
Unloading 6402 Unused Serialized files (Serialized files now loaded: 0)
Unloading 47 unused Assets / (1.1 MB). Loaded Objects now: 8869.
Memory consumption went from 247.7 MB to 246.6 MB.
Total: 4.439000 ms (FindLiveObjects: 0.665900 ms CreateObjectMapping: 0.239200 ms MarkObjects: 3.242700 ms  DeleteObjects: 0.290100 ms)

Prepare: number of updated asset objects reloaded= 0
AssetImportParameters requested are different than current active one (requested -> active):
  custom:container-demuxer-ogg: 62fdf1f143b41e24485cea50d1cbac27 -> 
  custom:framework-win-MediaFoundation: 216162199b28c13a410421893ffa2e32 -> 
  custom:container-muxer-webm: aa71ff27fc2769a1b78a27578f13a17b -> 
  custom:video-decoder-webm-vp8: 9c59270c3fd7afecdb556c50c9e8de78 -> 
  custom:SearchIndexIgnoredProperties: e643bd26f0fe6173181afceb89e7c659 -> 
  custom:AudioImporter_EditorPlatform: d09bf68614088b80899f8185d706f6e7 -> 
  custom:audio-decoder-ogg-vorbis: bf7c407c2cedff20999df2af8eb42d56 -> 
  custom:audio-encoder-webm-vorbis: bf7c407c2cedff20999df2af8eb42d56 -> 
  custom:video-decoder-ogg-theora: a1e56fd34408186e4bbccfd4996cb3dc -> 
  custom:CustomObjectIndexerAttribute: a3ef5dd2817f97addfee359851a9dba5 -> 
  custom:container-demuxer-webm: 4f35f7cbe854078d1ac9338744f61a02 -> 
  custom:scripting/monoscript/fileName/Enemy.cs: 13cc614454c9ae28caa24456faa3d7cf -> 
  custom:video-encoder-webm-vp8: eb34c28f22e8b96e1ab97ce403110664 -> 
========================================================================
Received Import Request.
  Time since last request: 442.231923 seconds.
  path: Assets/Prefabs/Characters/NormalEnemy.prefab
  artifactKey: Guid(fa14dec6309916849b53e60a233ecafc) Importer(815301076,1909f56bfc062723c751e8b465ee728b)
Start importing Assets/Prefabs/Characters/NormalEnemy.prefab using Guid(fa14dec6309916849b53e60a233ecafc) Importer(815301076,1909f56bfc062723c751e8b465ee728b)  -> (artifact id: '9ab3b2af5f4acd66d416d3ad5a24fb32') in 0.465880 seconds
Number of updated asset objects reloaded before import = 0
Number of asset objects unloaded after import = 80
========================================================================
Received Prepare
Begin MonoManager ReloadAssembly
- Loaded All Assemblies, in  0.727 seconds
Refreshing native plugins compatible for Editor in 7.87 ms, found 3 plugins.
Native extension for WindowsStandalone target not found
Native extension for Android target not found
[Package Manager] Server::EnsureServerProcessIsRunning -- launch failed, reason: Unity was launched with the -noUpm command-line argument
[Package Manager] UpmClient::Send -- Unable to send message (not connected to UPM process).
[Package Manager] Cannot connect to Unity Package Manager local server
Mono: successfully reloaded assembly
- Finished resetting the current domain, in  1.954 seconds
Domain Reload Profiling: 2675ms
	BeginReloadAssembly (207ms)
		ExecutionOrderSort (0ms)
		DisableScriptedObjects (19ms)
		BackupInstance (0ms)
		ReleaseScriptingObjects (0ms)
		CreateAndSetChildDomain (60ms)
	RebuildCommonClasses (38ms)
	RebuildNativeTypeToScriptingClass (17ms)
	initialDomainReloadingComplete (32ms)
	LoadAllAssembliesAndSetupDomain (427ms)
		LoadAssemblies (457ms)
		RebuildTransferFunctionScriptingTraits (0ms)
		AnalyzeDomain (54ms)
			TypeCache.Refresh (12ms)
				TypeCache.ScanAssembly (2ms)
			ScanForSourceGeneratedMonoScriptInfo (25ms)
			ResolveRequiredComponents (14ms)
	FinalizeReload (1955ms)
		ReleaseScriptCaches (0ms)
		RebuildScriptCaches (0ms)
		SetupLoadedEditorAssemblies (720ms)
			LogAssemblyErrors (0ms)
			InitializePlatformSupportModulesInManaged (34ms)
			SetLoadedEditorAssemblies (8ms)
			RefreshPlugins (0ms)
			BeforeProcessingInitializeOnLoad (182ms)
			ProcessInitializeOnLoadAttributes (416ms)
			ProcessInitializeOnLoadMethodAttributes (69ms)
			AfterProcessingInitializeOnLoad (11ms)
			EditorAssembliesLoaded (0ms)
		ExecutionOrderSort2 (0ms)
		AwakeInstancesAfterBackupRestoration (32ms)
Refreshing native plugins compatible for Editor in 5.39 ms, found 3 plugins.
Preloading 0 native plugins for Editor in 0.00 ms.
Unloading 6402 Unused Serialized files (Serialized files now loaded: 0)
Unloading 50 unused Assets / (1.1 MB). Loaded Objects now: 8921.
Memory consumption went from 247.9 MB to 246.7 MB.
Total: 4.306000 ms (FindLiveObjects: 0.583900 ms CreateObjectMapping: 0.289200 ms MarkObjects: 3.153600 ms  DeleteObjects: 0.278200 ms)

Prepare: number of updated asset objects reloaded= 0
AssetImportParameters requested are different than current active one (requested -> active):
  custom:container-demuxer-ogg: 62fdf1f143b41e24485cea50d1cbac27 -> 
  custom:framework-win-MediaFoundation: 216162199b28c13a410421893ffa2e32 -> 
  custom:container-muxer-webm: aa71ff27fc2769a1b78a27578f13a17b -> 
  custom:video-decoder-webm-vp8: 9c59270c3fd7afecdb556c50c9e8de78 -> 
  custom:SearchIndexIgnoredProperties: e643bd26f0fe6173181afceb89e7c659 -> 
  custom:AudioImporter_EditorPlatform: d09bf68614088b80899f8185d706f6e7 -> 
  custom:audio-decoder-ogg-vorbis: bf7c407c2cedff20999df2af8eb42d56 -> 
  custom:audio-encoder-webm-vorbis: bf7c407c2cedff20999df2af8eb42d56 -> 
  custom:video-decoder-ogg-theora: a1e56fd34408186e4bbccfd4996cb3dc -> 
  custom:CustomObjectIndexerAttribute: a3ef5dd2817f97addfee359851a9dba5 -> 
  custom:container-demuxer-webm: 4f35f7cbe854078d1ac9338744f61a02 -> 
  custom:scripting/monoscript/fileName/Enemy.cs: 13cc614454c9ae28caa24456faa3d7cf -> 
  custom:video-encoder-webm-vp8: eb34c28f22e8b96e1ab97ce403110664 -> 
========================================================================
Received Prepare
Begin MonoManager ReloadAssembly
- Loaded All Assemblies, in  0.700 seconds
Refreshing native plugins compatible for Editor in 7.10 ms, found 3 plugins.
Native extension for WindowsStandalone target not found
Native extension for Android target not found
[Package Manager] Server::EnsureServerProcessIsRunning -- launch failed, reason: Unity was launched with the -noUpm command-line argument
[Package Manager] UpmClient::Send -- Unable to send message (not connected to UPM process).
[Package Manager] Cannot connect to Unity Package Manager local server
Mono: successfully reloaded assembly
- Finished resetting the current domain, in  1.991 seconds
Domain Reload Profiling: 2685ms
	BeginReloadAssembly (179ms)
		ExecutionOrderSort (0ms)
		DisableScriptedObjects (9ms)
		BackupInstance (0ms)
		ReleaseScriptingObjects (0ms)
		CreateAndSetChildDomain (47ms)
	RebuildCommonClasses (35ms)
	RebuildNativeTypeToScriptingClass (10ms)
	initialDomainReloadingComplete (36ms)
	LoadAllAssembliesAndSetupDomain (433ms)
		LoadAssemblies (451ms)
		RebuildTransferFunctionScriptingTraits (0ms)
		AnalyzeDomain (64ms)
			TypeCache.Refresh (11ms)
				TypeCache.ScanAssembly (1ms)
			ScanForSourceGeneratedMonoScriptInfo (34ms)
			ResolveRequiredComponents (16ms)
	FinalizeReload (1992ms)
		ReleaseScriptCaches (0ms)
		RebuildScriptCaches (0ms)
		SetupLoadedEditorAssemblies (686ms)
			LogAssemblyErrors (0ms)
			InitializePlatformSupportModulesInManaged (24ms)
			SetLoadedEditorAssemblies (4ms)
			RefreshPlugins (0ms)
			BeforeProcessingInitializeOnLoad (186ms)
			ProcessInitializeOnLoadAttributes (381ms)
			ProcessInitializeOnLoadMethodAttributes (84ms)
			AfterProcessingInitializeOnLoad (8ms)
			EditorAssembliesLoaded (0ms)
		ExecutionOrderSort2 (0ms)
		AwakeInstancesAfterBackupRestoration (23ms)
Refreshing native plugins compatible for Editor in 5.19 ms, found 3 plugins.
Preloading 0 native plugins for Editor in 0.00 ms.
Unloading 6402 Unused Serialized files (Serialized files now loaded: 0)
Unloading 47 unused Assets / (1.1 MB). Loaded Objects now: 8937.
Memory consumption went from 247.8 MB to 246.6 MB.
Total: 5.588000 ms (FindLiveObjects: 0.655600 ms CreateObjectMapping: 0.198000 ms MarkObjects: 4.469500 ms  DeleteObjects: 0.263700 ms)

Prepare: number of updated asset objects reloaded= 0
AssetImportParameters requested are different than current active one (requested -> active):
  custom:container-demuxer-ogg: 62fdf1f143b41e24485cea50d1cbac27 -> 
  custom:framework-win-MediaFoundation: 216162199b28c13a410421893ffa2e32 -> 
  custom:container-muxer-webm: aa71ff27fc2769a1b78a27578f13a17b -> 
  custom:video-decoder-webm-vp8: 9c59270c3fd7afecdb556c50c9e8de78 -> 
  custom:SearchIndexIgnoredProperties: e643bd26f0fe6173181afceb89e7c659 -> 
  custom:AudioImporter_EditorPlatform: d09bf68614088b80899f8185d706f6e7 -> 
  custom:audio-decoder-ogg-vorbis: bf7c407c2cedff20999df2af8eb42d56 -> 
  custom:audio-encoder-webm-vorbis: bf7c407c2cedff20999df2af8eb42d56 -> 
  custom:video-decoder-ogg-theora: a1e56fd34408186e4bbccfd4996cb3dc -> 
  custom:CustomObjectIndexerAttribute: a3ef5dd2817f97addfee359851a9dba5 -> 
  custom:container-demuxer-webm: 4f35f7cbe854078d1ac9338744f61a02 -> 
  custom:scripting/monoscript/fileName/Enemy.cs: 13cc614454c9ae28caa24456faa3d7cf -> 
  custom:video-encoder-webm-vp8: eb34c28f22e8b96e1ab97ce403110664 -> 
========================================================================
Received Prepare
Begin MonoManager ReloadAssembly
- Loaded All Assemblies, in  0.586 seconds
Refreshing native plugins compatible for Editor in 5.39 ms, found 3 plugins.
Native extension for WindowsStandalone target not found
Native extension for Android target not found
[Package Manager] Server::EnsureServerProcessIsRunning -- launch failed, reason: Unity was launched with the -noUpm command-line argument
[Package Manager] UpmClient::Send -- Unable to send message (not connected to UPM process).
[Package Manager] Cannot connect to Unity Package Manager local server
Mono: successfully reloaded assembly
- Finished resetting the current domain, in  1.748 seconds
Domain Reload Profiling: 2330ms
	BeginReloadAssembly (167ms)
		ExecutionOrderSort (0ms)
		DisableScriptedObjects (9ms)
		BackupInstance (0ms)
		ReleaseScriptingObjects (0ms)
		CreateAndSetChildDomain (40ms)
	RebuildCommonClasses (30ms)
	RebuildNativeTypeToScriptingClass (9ms)
	initialDomainReloadingComplete (33ms)
	LoadAllAssembliesAndSetupDomain (342ms)
		LoadAssemblies (401ms)
		RebuildTransferFunctionScriptingTraits (0ms)
		AnalyzeDomain (21ms)
			TypeCache.Refresh (6ms)
				TypeCache.ScanAssembly (0ms)
			ScanForSourceGeneratedMonoScriptInfo (0ms)
			ResolveRequiredComponents (12ms)
	FinalizeReload (1749ms)
		ReleaseScriptCaches (0ms)
		RebuildScriptCaches (0ms)
		SetupLoadedEditorAssemblies (610ms)
			LogAssemblyErrors (0ms)
			InitializePlatformSupportModulesInManaged (25ms)
			SetLoadedEditorAssemblies (9ms)
			RefreshPlugins (0ms)
			BeforeProcessingInitializeOnLoad (148ms)
			ProcessInitializeOnLoadAttributes (348ms)
			ProcessInitializeOnLoadMethodAttributes (72ms)
			AfterProcessingInitializeOnLoad (7ms)
			EditorAssembliesLoaded (0ms)
		ExecutionOrderSort2 (0ms)
		AwakeInstancesAfterBackupRestoration (21ms)
Refreshing native plugins compatible for Editor in 5.07 ms, found 3 plugins.
Preloading 0 native plugins for Editor in 0.00 ms.
Unloading 6402 Unused Serialized files (Serialized files now loaded: 0)
Unloading 47 unused Assets / (1.1 MB). Loaded Objects now: 8953.
Memory consumption went from 247.8 MB to 246.7 MB.
Total: 4.900800 ms (FindLiveObjects: 0.758400 ms CreateObjectMapping: 0.220500 ms MarkObjects: 3.592900 ms  DeleteObjects: 0.327500 ms)

Prepare: number of updated asset objects reloaded= 0
AssetImportParameters requested are different than current active one (requested -> active):
  custom:container-demuxer-ogg: 62fdf1f143b41e24485cea50d1cbac27 -> 
  custom:framework-win-MediaFoundation: 216162199b28c13a410421893ffa2e32 -> 
  custom:container-muxer-webm: aa71ff27fc2769a1b78a27578f13a17b -> 
  custom:video-decoder-webm-vp8: 9c59270c3fd7afecdb556c50c9e8de78 -> 
  custom:SearchIndexIgnoredProperties: e643bd26f0fe6173181afceb89e7c659 -> 
  custom:AudioImporter_EditorPlatform: d09bf68614088b80899f8185d706f6e7 -> 
  custom:audio-decoder-ogg-vorbis: bf7c407c2cedff20999df2af8eb42d56 -> 
  custom:audio-encoder-webm-vorbis: bf7c407c2cedff20999df2af8eb42d56 -> 
  custom:video-decoder-ogg-theora: a1e56fd34408186e4bbccfd4996cb3dc -> 
  custom:CustomObjectIndexerAttribute: a3ef5dd2817f97addfee359851a9dba5 -> 
  custom:container-demuxer-webm: 4f35f7cbe854078d1ac9338744f61a02 -> 
  custom:scripting/monoscript/fileName/Enemy.cs: 13cc614454c9ae28caa24456faa3d7cf -> 
  custom:video-encoder-webm-vp8: eb34c28f22e8b96e1ab97ce403110664 -> 
========================================================================
Received Prepare
Begin MonoManager ReloadAssembly
- Loaded All Assemblies, in  0.758 seconds
Refreshing native plugins compatible for Editor in 5.33 ms, found 3 plugins.
Native extension for WindowsStandalone target not found
Native extension for Android target not found
[Package Manager] Server::EnsureServerProcessIsRunning -- launch failed, reason: Unity was launched with the -noUpm command-line argument
[Package Manager] UpmClient::Send -- Unable to send message (not connected to UPM process).
[Package Manager] Cannot connect to Unity Package Manager local server
Mono: successfully reloaded assembly
- Finished resetting the current domain, in  1.916 seconds
Domain Reload Profiling: 2670ms
	BeginReloadAssembly (197ms)
		ExecutionOrderSort (0ms)
		DisableScriptedObjects (6ms)
		BackupInstance (0ms)
		ReleaseScriptingObjects (0ms)
		CreateAndSetChildDomain (51ms)
	RebuildCommonClasses (35ms)
	RebuildNativeTypeToScriptingClass (10ms)
	initialDomainReloadingComplete (36ms)
	LoadAllAssembliesAndSetupDomain (474ms)
		LoadAssemblies (499ms)
		RebuildTransferFunctionScriptingTraits (0ms)
		AnalyzeDomain (66ms)
			TypeCache.Refresh (17ms)
				TypeCache.ScanAssembly (2ms)
			ScanForSourceGeneratedMonoScriptInfo (36ms)
			ResolveRequiredComponents (12ms)
	FinalizeReload (1917ms)
		ReleaseScriptCaches (0ms)
		RebuildScriptCaches (0ms)
		SetupLoadedEditorAssemblies (691ms)
			LogAssemblyErrors (0ms)
			InitializePlatformSupportModulesInManaged (32ms)
			SetLoadedEditorAssemblies (8ms)
			RefreshPlugins (0ms)
			BeforeProcessingInitializeOnLoad (157ms)
			ProcessInitializeOnLoadAttributes (416ms)
			ProcessInitializeOnLoadMethodAttributes (68ms)
			AfterProcessingInitializeOnLoad (11ms)
			EditorAssembliesLoaded (0ms)
		ExecutionOrderSort2 (0ms)
		AwakeInstancesAfterBackupRestoration (21ms)
Refreshing native plugins compatible for Editor in 6.69 ms, found 3 plugins.
Preloading 0 native plugins for Editor in 0.00 ms.
Unloading 6402 Unused Serialized files (Serialized files now loaded: 0)
Unloading 47 unused Assets / (1.1 MB). Loaded Objects now: 8969.
Memory consumption went from 247.8 MB to 246.7 MB.
Total: 6.371600 ms (FindLiveObjects: 0.923900 ms CreateObjectMapping: 0.575800 ms MarkObjects: 4.536600 ms  DeleteObjects: 0.334400 ms)

Prepare: number of updated asset objects reloaded= 0
AssetImportParameters requested are different than current active one (requested -> active):
  custom:container-demuxer-ogg: 62fdf1f143b41e24485cea50d1cbac27 -> 
  custom:framework-win-MediaFoundation: 216162199b28c13a410421893ffa2e32 -> 
  custom:container-muxer-webm: aa71ff27fc2769a1b78a27578f13a17b -> 
  custom:video-decoder-webm-vp8: 9c59270c3fd7afecdb556c50c9e8de78 -> 
  custom:SearchIndexIgnoredProperties: e643bd26f0fe6173181afceb89e7c659 -> 
  custom:AudioImporter_EditorPlatform: d09bf68614088b80899f8185d706f6e7 -> 
  custom:audio-decoder-ogg-vorbis: bf7c407c2cedff20999df2af8eb42d56 -> 
  custom:audio-encoder-webm-vorbis: bf7c407c2cedff20999df2af8eb42d56 -> 
  custom:video-decoder-ogg-theora: a1e56fd34408186e4bbccfd4996cb3dc -> 
  custom:CustomObjectIndexerAttribute: a3ef5dd2817f97addfee359851a9dba5 -> 
  custom:container-demuxer-webm: 4f35f7cbe854078d1ac9338744f61a02 -> 
  custom:scripting/monoscript/fileName/Enemy.cs: 13cc614454c9ae28caa24456faa3d7cf -> 
  custom:video-encoder-webm-vp8: eb34c28f22e8b96e1ab97ce403110664 -> 
========================================================================
Received Prepare
Begin MonoManager ReloadAssembly
- Loaded All Assemblies, in  0.590 seconds
Refreshing native plugins compatible for Editor in 4.92 ms, found 3 plugins.
Native extension for WindowsStandalone target not found
Native extension for Android target not found
[Package Manager] Server::EnsureServerProcessIsRunning -- launch failed, reason: Unity was launched with the -noUpm command-line argument
[Package Manager] UpmClient::Send -- Unable to send message (not connected to UPM process).
[Package Manager] Cannot connect to Unity Package Manager local server
Mono: successfully reloaded assembly
- Finished resetting the current domain, in  1.657 seconds
Domain Reload Profiling: 2243ms
	BeginReloadAssembly (166ms)
		ExecutionOrderSort (0ms)
		DisableScriptedObjects (6ms)
		BackupInstance (0ms)
		ReleaseScriptingObjects (0ms)
		CreateAndSetChildDomain (45ms)
	RebuildCommonClasses (27ms)
	RebuildNativeTypeToScriptingClass (9ms)
	initialDomainReloadingComplete (40ms)
	LoadAllAssembliesAndSetupDomain (343ms)
		LoadAssemblies (397ms)
		RebuildTransferFunctionScriptingTraits (0ms)
		AnalyzeDomain (22ms)
			TypeCache.Refresh (6ms)
				TypeCache.ScanAssembly (0ms)
			ScanForSourceGeneratedMonoScriptInfo (0ms)
			ResolveRequiredComponents (14ms)
	FinalizeReload (1658ms)
		ReleaseScriptCaches (0ms)
		RebuildScriptCaches (0ms)
		SetupLoadedEditorAssemblies (596ms)
			LogAssemblyErrors (0ms)
			InitializePlatformSupportModulesInManaged (24ms)
			SetLoadedEditorAssemblies (4ms)
			RefreshPlugins (0ms)
			BeforeProcessingInitializeOnLoad (147ms)
			ProcessInitializeOnLoadAttributes (342ms)
			ProcessInitializeOnLoadMethodAttributes (70ms)
			AfterProcessingInitializeOnLoad (8ms)
			EditorAssembliesLoaded (0ms)
		ExecutionOrderSort2 (0ms)
		AwakeInstancesAfterBackupRestoration (21ms)
Refreshing native plugins compatible for Editor in 5.57 ms, found 3 plugins.
Preloading 0 native plugins for Editor in 0.00 ms.
Unloading 6402 Unused Serialized files (Serialized files now loaded: 0)
Unloading 47 unused Assets / (1.1 MB). Loaded Objects now: 8985.
Memory consumption went from 247.8 MB to 246.7 MB.
Total: 5.080400 ms (FindLiveObjects: 0.832200 ms CreateObjectMapping: 0.329200 ms MarkObjects: 3.541300 ms  DeleteObjects: 0.376500 ms)

Prepare: number of updated asset objects reloaded= 0
AssetImportParameters requested are different than current active one (requested -> active):
  custom:container-demuxer-ogg: 62fdf1f143b41e24485cea50d1cbac27 -> 
  custom:framework-win-MediaFoundation: 216162199b28c13a410421893ffa2e32 -> 
  custom:container-muxer-webm: aa71ff27fc2769a1b78a27578f13a17b -> 
  custom:video-decoder-webm-vp8: 9c59270c3fd7afecdb556c50c9e8de78 -> 
  custom:SearchIndexIgnoredProperties: e643bd26f0fe6173181afceb89e7c659 -> 
  custom:AudioImporter_EditorPlatform: d09bf68614088b80899f8185d706f6e7 -> 
  custom:audio-decoder-ogg-vorbis: bf7c407c2cedff20999df2af8eb42d56 -> 
  custom:audio-encoder-webm-vorbis: bf7c407c2cedff20999df2af8eb42d56 -> 
  custom:video-decoder-ogg-theora: a1e56fd34408186e4bbccfd4996cb3dc -> 
  custom:CustomObjectIndexerAttribute: a3ef5dd2817f97addfee359851a9dba5 -> 
  custom:container-demuxer-webm: 4f35f7cbe854078d1ac9338744f61a02 -> 
  custom:scripting/monoscript/fileName/Enemy.cs: 13cc614454c9ae28caa24456faa3d7cf -> 
  custom:video-encoder-webm-vp8: eb34c28f22e8b96e1ab97ce403110664 -> 
========================================================================
Received Prepare
Begin MonoManager ReloadAssembly
- Loaded All Assemblies, in  0.687 seconds
Refreshing native plugins compatible for Editor in 4.91 ms, found 3 plugins.
Native extension for WindowsStandalone target not found
Native extension for Android target not found
[Package Manager] Server::EnsureServerProcessIsRunning -- launch failed, reason: Unity was launched with the -noUpm command-line argument
[Package Manager] UpmClient::Send -- Unable to send message (not connected to UPM process).
[Package Manager] Cannot connect to Unity Package Manager local server
Mono: successfully reloaded assembly
- Finished resetting the current domain, in  4.046 seconds
Domain Reload Profiling: 4730ms
	BeginReloadAssembly (185ms)
		ExecutionOrderSort (0ms)
		DisableScriptedObjects (6ms)
		BackupInstance (0ms)
		ReleaseScriptingObjects (0ms)
		CreateAndSetChildDomain (47ms)
	RebuildCommonClasses (28ms)
	RebuildNativeTypeToScriptingClass (9ms)
	initialDomainReloadingComplete (33ms)
	LoadAllAssembliesAndSetupDomain (427ms)
		LoadAssemblies (500ms)
		RebuildTransferFunctionScriptingTraits (0ms)
		AnalyzeDomain (21ms)
			TypeCache.Refresh (7ms)
				TypeCache.ScanAssembly (0ms)
			ScanForSourceGeneratedMonoScriptInfo (0ms)
			ResolveRequiredComponents (12ms)
	FinalizeReload (4047ms)
		ReleaseScriptCaches (0ms)
		RebuildScriptCaches (0ms)
		SetupLoadedEditorAssemblies (663ms)
			LogAssemblyErrors (0ms)
			InitializePlatformSupportModulesInManaged (25ms)
			SetLoadedEditorAssemblies (6ms)
			RefreshPlugins (0ms)
			BeforeProcessingInitializeOnLoad (156ms)
			ProcessInitializeOnLoadAttributes (394ms)
			ProcessInitializeOnLoadMethodAttributes (73ms)
			AfterProcessingInitializeOnLoad (8ms)
			EditorAssembliesLoaded (0ms)
		ExecutionOrderSort2 (0ms)
		AwakeInstancesAfterBackupRestoration (21ms)
Refreshing native plugins compatible for Editor in 5.54 ms, found 3 plugins.
Preloading 0 native plugins for Editor in 0.00 ms.
Unloading 6402 Unused Serialized files (Serialized files now loaded: 0)
Unloading 47 unused Assets / (1.1 MB). Loaded Objects now: 9001.
Memory consumption went from 247.8 MB to 246.7 MB.
Total: 6.642800 ms (FindLiveObjects: 0.825300 ms CreateObjectMapping: 0.780000 ms MarkObjects: 4.681900 ms  DeleteObjects: 0.354000 ms)

Prepare: number of updated asset objects reloaded= 0
AssetImportParameters requested are different than current active one (requested -> active):
  custom:container-demuxer-ogg: 62fdf1f143b41e24485cea50d1cbac27 -> 
  custom:framework-win-MediaFoundation: 216162199b28c13a410421893ffa2e32 -> 
  custom:container-muxer-webm: aa71ff27fc2769a1b78a27578f13a17b -> 
  custom:video-decoder-webm-vp8: 9c59270c3fd7afecdb556c50c9e8de78 -> 
  custom:SearchIndexIgnoredProperties: e643bd26f0fe6173181afceb89e7c659 -> 
  custom:AudioImporter_EditorPlatform: d09bf68614088b80899f8185d706f6e7 -> 
  custom:audio-decoder-ogg-vorbis: bf7c407c2cedff20999df2af8eb42d56 -> 
  custom:audio-encoder-webm-vorbis: bf7c407c2cedff20999df2af8eb42d56 -> 
  custom:video-decoder-ogg-theora: a1e56fd34408186e4bbccfd4996cb3dc -> 
  custom:CustomObjectIndexerAttribute: a3ef5dd2817f97addfee359851a9dba5 -> 
  custom:container-demuxer-webm: 4f35f7cbe854078d1ac9338744f61a02 -> 
  custom:scripting/monoscript/fileName/Enemy.cs: 13cc614454c9ae28caa24456faa3d7cf -> 
  custom:video-encoder-webm-vp8: eb34c28f22e8b96e1ab97ce403110664 -> 
