{"cameraMode":{"drawMode":0,"name":"Shaded","section":"Shading Mode"},"sceneLighting":false,"audioPlay":false,"sceneViewState":{"m_AlwaysRefresh":false,"showFog":false,"showSkybox":false,"showFlares":false,"showImageEffects":false,"showParticleSystems":false,"showVisualEffectGraphs":true,"m_FxEnabled":true},"in2DMode":false,"pivot":{"x":0.16167885065078736,"y":0.5568845272064209,"z":-0.20473027229309083},"rotation":{"x":0.0022878798190504314,"y":0.993107795715332,"z":-0.11552836745977402,"w":0.019667042419314386},"size":1.9958044290542603,"orthographic":false}