{"cameraMode":{"drawMode":0,"name":"Shaded","section":"Shading Mode"},"sceneLighting":false,"audioPlay":false,"sceneViewState":{"m_AlwaysRefresh":false,"showFog":true,"showSkybox":false,"showFlares":true,"showImageEffects":true,"showParticleSystems":true,"showVisualEffectGraphs":true,"m_FxEnabled":true},"in2DMode":false,"pivot":{"x":-0.27809640765190127,"y":0.8985339403152466,"z":-1.1303430795669556},"rotation":{"x":-0.06639840453863144,"y":0.6186119914054871,"z":-0.05182555690407753,"w":-0.7814189195632935},"size":1.0186083316802979,"orthographic":false}