{"cameraMode":{"drawMode":0,"name":"Shaded","section":"Shading Mode"},"sceneLighting":false,"audioPlay":false,"sceneViewState":{"m_AlwaysRefresh":false,"showFog":true,"showSkybox":false,"showFlares":true,"showImageEffects":true,"showParticleSystems":true,"showVisualEffectGraphs":true,"m_FxEnabled":true},"in2DMode":false,"pivot":{"x":-0.27809640765190127,"y":0.8985339403152466,"z":-1.1303430795669556},"rotation":{"x":-0.06404364854097367,"y":0.3882148563861847,"z":-0.026401415467262269,"w":-0.9191813468933106},"size":1.3264930248260499,"orthographic":false}